{
  "document_name": "vanille.txt",
  "content": "Inf: ---\ningredient: Vanille\nsource: https://pubchem.ncbi.nlm.nih.gov/compound/54675858\ntimestamp: 2025-12-17 13:53:13 UTC\ntype: ingredient_information\n---\n\ncompound Summary\nVanillate\nPubChem CID\n54675858\n\nCAS:\n  - Not specified\n\nInChIKey:\n  - ChEBI\n1 Structures\n1.1 2D Structure\nStructure Search\nGet Image\nDownload Coordinates\nChemical Structure Depiction\nFull screen\nZoom in\nZoom out\nPubChem\n1.2 3D Conformer\nPubChem\n1.3 Crystal Structures\nCOD records with this CID as component\n7229903\n7229906\nCrystallography Open Database (COD)\n2 Names and Identifiers\n2.1 Computed Descriptors\n2.1.1 IUPAC Name\n4-carboxy-2-methoxyphenolate\nComputed by Lexichem TK 2.7.0 (PubChem release 2025.04.14)\nPubChem\n2.1.2 InChI\nInChI=1S/C8H8O4/c1-12-7-4-5(8(10)11)2...\n\nChemical Forms:\n  - Not specified\n\nChemical Properties:\n  - ---\ningredient: Vanille\nsource: https://pubchem.ncbi.nlm.nih.gov/compound/54675858\ntimestamp: 2025-12-17 13:53:13 UTC\ntype: ingredient_information\n---\n\ncompound Summary\nVanillate\nPubChem CID\n54675858\nStructure\nMolecular Formula\nC\n8\nH\n7\nO\n4\n-\nSynonyms\nVanillate\n4-Hydroxy-3-methoxybenzoate\nCHEBI:16632\nRefChem:193691\nVA\nView More...\n  - ChEBI\n1 Structures\n1.1 2D Structure\nStructure Search\nGet Image\nDownload Coordinates\nChemical Structure Depiction\nFull screen\nZoom in\nZoom out\nPubChem\n1.2 3D Conformer\nPubChem\n1.3 Crystal Structures\nCOD records with this CID as component\n7229903\n7229906\nCrystallography Open Database (COD)\n2 Names and Identifiers\n2.1 Computed Descriptors\n2.1.1 IUPAC Name\n4-carboxy-2-methoxyphenolate\nComputed by Lexichem TK 2.7.0 (PubChem release 2025.04.14)\nPubChem\n2.1.2 InChI\nInChI=1S/C8H8O4/c1-12-7-4-5(8(10)11)2...\n  - PubChem\n4.2 Parent Compound\nCID 8468 (Vanillic Acid)\nPubChem\n4.3 Related Compounds\nSame Parent, Connectivity Count\n50\nSame Parent, Exact Count\n40\nMixtures, Components, and Neutralized Forms Count\n1\nSimilar Compounds (2D)\nView in PubChem Search\nSimilar Conformers (3D)\nView in PubChem Search\nPubChem\n4.4 Substances\n4.4.1 PubChem Reference Collection SID\n500837109\nPubChem\n4.4.2 Related Substances\nSame Count\n28\nPubChem\n4.4.3 Substances by Category\nPubChem\n4.5 Entrez Crosslinks\nPubMed Count\n3\nPubChem...\n  - Some ClinicalTrials.gov data may be subject to the copyright of third parties; you should consult these entities for any additional terms of use.\n  - https://clinicaltrials.gov/ct2/about-site/terms-conditions#Use\nhttps://clinicaltrials.gov/\nCrystallography Open Database (COD)\nLICENSE\nAll data in the COD and the database itself are dedicated to the public domain and licensed under the CC0 License.\n\nBiological Interactions:\n  - PubChem\n4.2 Parent Compound\nCID 8468 (Vanillic Acid)\nPubChem\n4.3 Related Compounds\nSame Parent, Connectivity Count\n50\nSame Parent, Exact Count\n40\nMixtures, Components, and Neutralized Forms Count\n1\nSimilar Compounds (2D)\nView in PubChem Search\nSimilar Conformers (3D)\nView in PubChem Search\nPubChem\n4.4 Substances\n4.4.1 PubChem Reference Collection SID\n500837109\nPubChem\n4.4.2 Related Substances\nSame Count\n28\nPubChem\n4.4.3 Substances by Category\nPubChem\n4.5 Entrez Crosslinks\nPubMed Count\n3\nPubChem...\n  - https://creativecommons.org/publicdomain/zero/1.0/\nJapan Chemical Substance Dictionary (Nikkaji)\nhttp://jglobal.jst.go.jp/en/redirect?Nikkaji_No=J1.561.186C\nNatural Product Activity and Species Source (NPASS)\nNPC227211\nhttps://bidd.group/NPASS/compound.php?compoundID=NPC227211\nNORMAN Suspect List Exchange\nLICENSE\nData: CC-BY 4.0; Code (hosted by ECI, LCSB): Artistic-2.0\nhttps://creativecommons.org/licenses/by/4.0/\nVanillate\nNORMAN Suspect List Exchange Classification\nhttps://www.norman-network.c...\n\nToxicity & Safety:\n  - Not specified\n\n",
  "metadata": {
    "ingredient": "Vanille",
    "CAS": "Not specified",
    "InChIKey": "Not specified",
    "source": "https://pubchem.ncbi.nlm.nih.gov/compound/54675858",
    "timestamp": "2025-12-17T13:53:14.076796+00:00",
    "type": "ingredient_information",
    "category": "cosmetics",
    "language": "fr"
  },
  "content_length": 3640,
  "timestamp": 1765992207.133042
}