{
  "document_name": "ci_15880.txt",
  "content": "Inf: ---\ningredient: Ci 15880\nsource: https://pubchem.ncbi.nlm.nih.gov/compound/D_C-Red-No.-34\ntimestamp: 2025-12-17 14:11:27 UTC\ntype: ingredient_information\n---\n\nCompound Summary\nD&C Red No. 34\nPubChem R\nCAS:\n  - 34\nMedical Subject Headings (MeSH)\n4 Names and Identifiers\n4.1 Other Identifiers\n4.1.1 CAS\n6417-83-0\nChemIDplus; FDA Global Substance Registration System (GSRS)\n4.1.2 Deprecated CAS\n12237-58-0, 74336-37-1, 879669-53-1\nChemIDplus\n4.1.3 UNII\nBAN556989E\nFDA Global Substance Registration System (GSRS)\n4.1.4 NCI Thesaurus Code\nC71664\nNCI Thesaurus (NCIt)\n5 Chemical and Physical Properties\n5.1 Chemical Classes\n5.1.1 Food Additives\nDrugs, Cosmetics -> FDA Regulatory Status of Color Additives\nFDA Regula...\n\nInChIKey:\n  - Not specified\n\nChemical Forms:\n  - Not specified\n\nChemical Properties:\n  - Description\nRN & structure in first source\nMedical Subject Headings (MeSH)\n1 Preferred InChI Key\nOVHKKOQGPOYPLY-PGCQSHBKSA-L\nPubChem\n2 Synonyms\nD&C Red No.\n  - 34\nRefChem:919539\n229-142-3\nBAN556989E\nCI 15880\nPubChem\n3 MeSH Entry Terms\nD&C Red No.\n  - 34\nhttps://id.nlm.nih.gov/mesh/M0544498.html\nCite\nDownload\nCONTENTS\nTitle and Summary\n1 Preferred InChI Key\n2 Synonyms\n3 MeSH Entry Terms\n4 Names and Identifiers\nExpand this menu\n5 Chemical and Physical Properties\nExpand this menu\n6 Related Records\nExpand this menu\n7 Food Additives and Ingredients\nExpand this menu\n8 Information Sources\n\nBiological Interactions:\n  - Not specified\n\nToxicity & Safety:\n  - Not specified\n\n",
  "metadata": {
    "ingredient": "Ci 15880",
    "CAS": "6417-83-0",
    "InChIKey": "OVHKKOQGPOYPLY-PGCQSHBKSA-L",
    "source": "https://pubchem.ncbi.nlm.nih.gov/compound/D_C-Red-No.-34",
    "timestamp": "2025-12-17T14:11:27.596425+00:00",
    "type": "ingredient_information",
    "category": "cosmetics",
    "language": "fr"
  },
  "content_length": 1481,
  "timestamp": 1765992207.1120422
}