{
  "document_name": "vitamine.txt",
  "content": "Inf: ---\ningredient: Vitamine\nsource: https://pubchem.ncbi.nlm.nih.gov/compound/VitaminE\ntimestamp: 2025-12-17 14:46:32 UTC\ntype: ingredient_information\n---\n\nCompound Summary\nVitaminE\nPubChem Reference Col\nCAS:\n  - Not specified\n\nInChIKey:\n  - Not specified\n\nChemical Forms:\n  - Not specified\n\nChemical Properties:\n  - LiverTox\n1 Synonyms\nVitaminE\nRefChem:902014\nPubChem\n2 Related Records\n2.1 Substances\n2.1.1 PubChem Reference Collection SID\n505897939\nPubChem\n3 Drug and Medication Information\n3.1 LiverTox Summary\nVitamin E (alpha tocopherol) is a fat soluble vitamin and potent antioxidant that is believed to be important in protecting cells from oxidative stress, regulating immune function, maintaining endothelial cell integrity, and balancing normal coagulation.\n  - LiverTox\n5 Information Sources\nFilter by Source\nALL SOURCES\nTOXNET (LiverTox)\nLiverTox\nPubChem\nPubChem\nhttps://pubchem.ncbi.nlm.nih.gov\nLiverTox\nLICENSE\nhttps://www.nlm.nih.gov/copyright.html\nVitaminE\nhttps://www.ncbi.nlm.nih.gov/books/n/livertox/VitaminE/\nCite\nDownload\nCONTENTS\nTitle and Summary\n1 Synonyms\n2 Related Records\nExpand this menu\n3 Drug and Medication Information\nExpand this menu\n4 Toxicity\nExpand this menu\n5 Information Sources\n\nBiological Interactions:\n  - In long term clinical trials, serum enzyme and bilirubin elevations were no more frequent with vitamin E therapy than with placebo.\n\nToxicity & Safety:\n  - LiverTox\n3.2 Drug Classes\nVitamins\nLiverTox\n4 Toxicity\n4.1 Toxicological Information\n4.1.1 Hepatotoxicity\nNeither normal nor excessively high intakes of vitamin E are associated with liver injury or liver test abnormalities.\n  - Indeed, in many animal models, vitamin E is protective against hepatotoxic substances and provides antioxidant and cytoprotective activity to hepatocytes.\n  - In several randomized controlled trials, vitamin E has been found to improve serum aminotransferase elevations and liver biopsy histologic findings of steatosis, inflammation and cell injury in patients with nonalcoholic steatohepatitis (NASH).\n  - LiverTox\n5 Information Sources\nFilter by Source\nALL SOURCES\nTOXNET (LiverTox)\nLiverTox\nPubChem\nPubChem\nhttps://pubchem.ncbi.nlm.nih.gov\nLiverTox\nLICENSE\nhttps://www.nlm.nih.gov/copyright.html\nVitaminE\nhttps://www.ncbi.nlm.nih.gov/books/n/livertox/VitaminE/\nCite\nDownload\nCONTENTS\nTitle and Summary\n1 Synonyms\n2 Related Records\nExpand this menu\n3 Drug and Medication Information\nExpand this menu\n4 Toxicity\nExpand this menu\n5 Information Sources\n\n",
  "metadata": {
    "ingredient": "Vitamine",
    "CAS": "Not specified",
    "InChIKey": "Not specified",
    "source": "https://pubchem.ncbi.nlm.nih.gov/compound/VitaminE",
    "timestamp": "2025-12-17T14:46:32.695641+00:00",
    "type": "ingredient_information",
    "category": "cosmetics",
    "language": "fr"
  },
  "content_length": 2489,
  "timestamp": 1765992207.133042
}