{
  "document_name": "iron_oxides.txt",
  "content": "Inf: ---\ningredient: Iron oxides\nsource: https://pubchem.ncbi.nlm.nih.gov/compound/Iron-oxides\ntimestamp: 2025-12-17 13:01:44 UTC\ntype: ingredient_information\n---\n\nCompound Summary\nIron oxides\nPubChem Refe\nCAS:\n  - Not specified\n\nInChIKey:\n  - Not specified\n\nChemical Forms:\n  - Not specified\n\nChemical Properties:\n  - 1 Synonyms\nIron oxides\nIRON OXIDES [INCI]\nIRON OXIDES [VANDF]\nIRON OXIDES [WHO-DD]\nRefChem:791360\nPubChem\n2 Related Records\n2.1 Substances\n2.1.1 PubChem Reference Collection SID\n505787089\nPubChem\n3 Food Additives and Ingredients\n3.1 Food Additive Classes\nJECFA Functional Classes\nFOOD_ADDITIVE;\nJoint FAO/WHO Expert Committee on Food Additives (JECFA)\n3.2 Evaluations of the Joint FAO / WHO Expert Committee on Food Additives - JECFA\nChemical Name\nIRON OXIDES\nEvaluation Year\n1999\nADI\n0-0.5 mg/kg bw...\n  - https://www.who.int/about/policies/publishing/copyright\nIRON OXIDES\nhttps://apps.who.int/food-additives-contaminants-jecfa-database/Home/Chemical/949\nCite\nDownload\nCONTENTS\nTitle and Summary\n1 Synonyms\n2 Related Records\nExpand this menu\n3 Food Additives and Ingredients\nExpand this menu\n4 Use and Manufacturing\nExpand this menu\n5 Information Sources\n\nBiological Interactions:\n  - Not specified\n\nToxicity & Safety:\n  - Not specified\n\n",
  "metadata": {
    "ingredient": "Iron oxides",
    "CAS": "Not specified",
    "InChIKey": "Not specified",
    "source": "https://pubchem.ncbi.nlm.nih.gov/compound/Iron-oxides",
    "timestamp": "2025-12-17T13:01:44.504831+00:00",
    "type": "ingredient_information",
    "category": "cosmetics",
    "language": "fr"
  },
  "content_length": 1259,
  "timestamp": 1765992207.121042
}