{
  "document_name": "gel.txt",
  "content": "Inf: ---\ningredient: Gel\nsource: https://pubchem.ncbi.nlm.nih.gov/compound/Gelosaite\ntimestamp: 2025-12-17 13:49:21 UTC\ntype: ingredient_information\n---\n\nCompound Summary\nGelosaite\nPubChem Reference Collec\nCAS:\n  - Not specified\n\nInChIKey:\n  - Not specified\n\nChemical Forms:\n  - Not specified\n\nChemical Properties:\n  - Description\nGelosaite is a mineral with formula of Bi\n3+\nMo\n6+\n(2-5x)\nMo\n5+\n6x\nO\n7\n(OH)·H\n2\nO (0≤x≤0.4) or BiMo\n6+\n(2-5x)\nMo\n5+\n6x\nO\n7\n(OH)·H\n2\nO (0 < x < 0.4).\n  - RRUFF Project\n1 Synonyms\nGelosaite\nGel\nRefChem:2213\nPubChem\n2 Spectral Information\n2.1 Raman Spectra\n1 of 3 items\nView All\nType\nRaman Spectrum\nMineral\nGelosaite\nRRUFF ID\nR120031\nSample\nOriented\nRaman Data\nProcessed\nWave Length\n532 nm\nThumbnail\nRRUFF Project\n2 of 3 items\nView All\nType\nRaman Spectrum\nMineral\nGelosaite\nRRUFF ID\nR120031\nSample\nOriented\nRaman Data\nProcessed\nWave Length\n780 nm\nThumbnail\nRRUFF Project\n3 Related Records\n3.1 Substances\n3.1.1 PubChem Reference Collection SID\n481103553\nPub...\n  - 5 Minerals\n1 of 4 items\nName\nGELOSAITE\nFormula\nBi(Mo++++++,Mo+++++)2-2,5O7(OH).H2O\nSystem\nMonoclinic\nAthena Minerals\n2 of 4 items\nName\nGelosaite\nIMA Number / Year\n2009-022\nIMA Symbol\nGel\nStatus\nA - Approved\nFormula\nBiMo6+(2-5x)Mo5+6xO7(OH)·H2O (0 < x < 0.4)\nReference(s)\nAmerican Mineralogist 96 (2011), 268\nCommission on New Minerals, Nomenclature and Classification (CNMNC)\n3 of 4 items\nName\nGelosaite\nLink\nPDF\nHandbook of Mineralogy\n4 of 4 items\nName\nGelosaite\nData Views\nRRUFF database\nIMA list\nA...\n  - Orlandi P, Demartin F, Pasero M, Leverett P, Williams P A, Hibbs D E,Gelosaite, BiMo^6+^_(2-5x)_Mo^5+^_6x_O_7_(OH)·H_2_O (0 ≤ x ≤ 0.4), a new mineral from Su Senargiu (CA), Sardinia, Italy, and a second occurrence from Kingsgate, New England, Australia,American Mineralogist,2011,96,268-273.\n  - Williams P A, Hatert F, Pasero M,New minerals approved in 2009,International Mineralogical Association,2009,2009,1-34.\n\nBiological Interactions:\n  - Not specified\n\nToxicity & Safety:\n  - Not specified\n\n",
  "metadata": {
    "ingredient": "Gel",
    "CAS": "Not specified",
    "InChIKey": "Not specified",
    "source": "https://pubchem.ncbi.nlm.nih.gov/compound/Gelosaite",
    "timestamp": "2025-12-17T13:49:21.952814+00:00",
    "type": "ingredient_information",
    "category": "cosmetics",
    "language": "fr"
  },
  "content_length": 1998,
  "timestamp": 1765992207.1180422
}