{
  "document_name": "polyethylene_terephthalate.txt",
  "content": "Inf: ---\ningredient: Polyethylene Terephthalate\nsource: https://pubchem.ncbi.nlm.nih.gov/compound/Pegoterate\ntimestamp: 2025-12-17 14:17:43 UTC\ntype: ingredient_information\n---\n\nCompound Summary\nPegoterate\nCAS:\n  - 1 Synonyms\nPegoterate\nRefChem:8503\nPolyethylene Terephthalate\nPoly(ethylene terephthalate)\nPET\nLavsan\nPoly(oxyethyleneoxyterephthaloyl)\nEthylene terephthalate polymer\nJHW12Q65DD\nPegoterato\nPegoteratum\nPolyethylene terephthalate film\nTerephtahlic acid-ethylene glycol polyester\nAmilar\nArnite A\nCassappret SR\nCelanar\nCleartuf\nDaiya foil\nDowlex\nEstrofol\nFiber V\nHostadur\nHostaphan\nIambolen\nKLT 40\nLumilar 100\nLumirror\nMeliform\nMelinex\nMylar\nNitron (polyester)\nNitron lavsan\nPETE\nScotch par\nSuperfloc\nTer...\n\nInChIKey:\n  - Not specified\n\nChemical Forms:\n  - Structure\nDescription\nPolyethylene terephthalate (PET or PETE), is a thermoplastic polymer resin of the polyester family and is used in synthetic fibers; beverage, food and other liquid containers; thermoforming applications; and engineering resins often in combination with glass fiber.\n  - PET consists of polymerized units of the monomer ethylene terephthalate, with repeating C10H8O4 units.\n  - (L1907)\nToxin and Toxin Target Database (T3DB)\nSee also:\nEthylene Glycol\n(has monomer);\nTerephthalic Acid\n(has monomer).\n  - 1 Synonyms\nPegoterate\nRefChem:8503\nPolyethylene Terephthalate\nPoly(ethylene terephthalate)\nPET\nLavsan\nPoly(oxyethyleneoxyterephthaloyl)\nEthylene terephthalate polymer\nJHW12Q65DD\nPegoterato\nPegoteratum\nPolyethylene terephthalate film\nTerephtahlic acid-ethylene glycol polyester\nAmilar\nArnite A\nCassappret SR\nCelanar\nCleartuf\nDaiya foil\nDowlex\nEstrofol\nFiber V\nHostadur\nHostaphan\nIambolen\nKLT 40\nLumilar 100\nLumirror\nMeliform\nMelinex\nMylar\nNitron (polyester)\nNitron lavsan\nPETE\nScotch par\nSuperfloc\nTer...\n  - 3):36-47, 2014\nCosmetic Ingredient Review (CIR)\n4.2.2 Food Contact Substances\nFCS -> FDA Inventory of Food Contact Substances Listed in 21 CFR\nFDA Packaging & Food Contact Substances (FCS)\n4.2.3 Polymers\nPlastics & Rubber -> Polymers\nHaz-Map, Information on Hazardous Chemicals and Occupational Diseases\n5 Related Records\n5.1 Substances\n5.1.1 PubChem Reference Collection SID\n481109842\nPubChem\n5.2 Other Relationships\nEthylene Glycol\n(has monomer)\nTerephthalic Acid\n(has monomer)\nPubChem\n6 Drug and M...\n\nChemical Properties:\n  - Some of the trade names of PET products are Dacron, Diolen, Tergal, Terylene, and Trevira fibers, Cleartuf, Eastman PET and Polyclear bottle resins, Hostaphan, Melinex, and Mylar films, and Arnite, Ertalyte, Impet, Rynite and Valox injection molding resins.\n  - 1 Synonyms\nPegoterate\nRefChem:8503\nPolyethylene Terephthalate\nPoly(ethylene terephthalate)\nPET\nLavsan\nPoly(oxyethyleneoxyterephthaloyl)\nEthylene terephthalate polymer\nJHW12Q65DD\nPegoterato\nPegoteratum\nPolyethylene terephthalate film\nTerephtahlic acid-ethylene glycol polyester\nAmilar\nArnite A\nCassappret SR\nCelanar\nCleartuf\nDaiya foil\nDowlex\nEstrofol\nFiber V\nHostadur\nHostaphan\nIambolen\nKLT 40\nLumilar 100\nLumirror\nMeliform\nMelinex\nMylar\nNitron (polyester)\nNitron lavsan\nPETE\nScotch par\nSuperfloc\nTer...\n  - 1011\nHazardous Substances Data Bank (HSDB)\n4.1.3 Melting Point\n265 °C\nLewis, R.J.\n  - 1011\nHazardous Substances Data Bank (HSDB)\n4.1.4 Density\n1.38\nLewis, R.J.\n  - Antimony can covalently interact with sulfhydryl groups and phosphate, as well as numerous reversible binding interactions with endogenous ligands (e.g., proteins).\n\nBiological Interactions:\n  - Antimony can covalently interact with sulfhydryl groups and phosphate, as well as numerous reversible binding interactions with endogenous ligands (e.g., proteins).\n  - It is possible that antimony affects circulating glucose by interfering with enzymes of the glycogenolysis and gluconeogenesis pathways.\n  - However, some studies suggest that antimony combines with sulfhydryl groups including those in several enzymes important for tissue respiration.\n  - The antidotal action of BAL depends on its ability to prevent or break the union between antimony and vital enzymes.\n\nToxicity & Safety:\n  - 1 Synonyms\nPegoterate\nRefChem:8503\nPolyethylene Terephthalate\nPoly(ethylene terephthalate)\nPET\nLavsan\nPoly(oxyethyleneoxyterephthaloyl)\nEthylene terephthalate polymer\nJHW12Q65DD\nPegoterato\nPegoteratum\nPolyethylene terephthalate film\nTerephtahlic acid-ethylene glycol polyester\nAmilar\nArnite A\nCassappret SR\nCelanar\nCleartuf\nDaiya foil\nDowlex\nEstrofol\nFiber V\nHostadur\nHostaphan\nIambolen\nKLT 40\nLumilar 100\nLumirror\nMeliform\nMelinex\nMylar\nNitron (polyester)\nNitron lavsan\nPETE\nScotch par\nSuperfloc\nTer...\n  - 1011\nHazardous Substances Data Bank (HSDB)\n4.1.3 Melting Point\n265 °C\nLewis, R.J.\n  - 1011\nHazardous Substances Data Bank (HSDB)\n4.1.4 Density\n1.38\nLewis, R.J.\n  - 1011\nHazardous Substances Data Bank (HSDB)\n4.1.5 Decomposition\nWhen heated to decomposition it emits acrid smoke and irritating fumes.\n  - 3010\nHazardous Substances Data Bank (HSDB)\n4.1.6 Other Experimental Properties\nTenacity is 2.2-4 g/denier as staple and up to 9.0 g/denier as continuous filament.\n\n",
  "metadata": {
    "ingredient": "Polyethylene Terephthalate",
    "CAS": "Not specified",
    "InChIKey": "Not specified",
    "source": "https://pubchem.ncbi.nlm.nih.gov/compound/Pegoterate",
    "timestamp": "2025-12-17T14:17:43.523260+00:00",
    "type": "ingredient_information",
    "category": "cosmetics",
    "language": "fr"
  },
  "content_length": 5035,
  "timestamp": 1765992207.1260421
}