{
  "document_name": "avocadé.txt",
  "content": "Inf: ---\ningredient: Avocadé\nsource: https://pubchem.ncbi.nlm.nih.gov/compound/133082062\ntimestamp: 2025-12-17 14:57:34 UTC\ntype: ingredient_information\n---\n\ncompound Summary\nEthyl avocadate\nPubChem CID\n13\nCAS:\n  - Dates\nCreate:\n2018-05-13\nModify:\n2025-12-13\n1 Structures\n1.1 2D Structure\nStructure Search\nGet Image\nDownload Coordinates\nChemical Structure Depiction\nFull screen\nZoom in\nZoom out\nPubChem\n1.2 3D Status\nConformer generation is disallowed since too many atoms, too flexible, mixture or salt\nPubChem\n2 Names and Identifiers\n2.1 Computed Descriptors\n2.1.1 IUPAC Name\nethyl hexadecanoate;ethyl (\nZ\n)-hexadec-9-enoate;ethyl (9\nZ\n,12\nZ\n)-octadeca-9,12-dienoate;ethyl octadecanoate;ethyl (9\nZ\n,12\nZ\n,15\nZ\n)-o...\n\nInChIKey:\n  - Dates\nCreate:\n2018-05-13\nModify:\n2025-12-13\n1 Structures\n1.1 2D Structure\nStructure Search\nGet Image\nDownload Coordinates\nChemical Structure Depiction\nFull screen\nZoom in\nZoom out\nPubChem\n1.2 3D Status\nConformer generation is disallowed since too many atoms, too flexible, mixture or salt\nPubChem\n2 Names and Identifiers\n2.1 Computed Descriptors\n2.1.1 IUPAC Name\nethyl hexadecanoate;ethyl (\nZ\n)-hexadec-9-enoate;ethyl (9\nZ\n,12\nZ\n)-octadeca-9,12-dienoate;ethyl octadecanoate;ethyl (9\nZ\n,12\nZ\n,15\nZ\n)-o...\n\nChemical Forms:\n  - Not specified\n\nChemical Properties:\n  - ---\ningredient: Avocadé\nsource: https://pubchem.ncbi.nlm.nih.gov/compound/133082062\ntimestamp: 2025-12-17 14:57:34 UTC\ntype: ingredient_information\n---\n\ncompound Summary\nEthyl avocadate\nPubChem CID\n133082062\nStructure\nMolecular Formula\nC\n116\nH\n218\nO\n12\nSynonyms\nEthyl avocadate\nUNII-89IR26S11S\n89IR26S11S\nEINECS 293-375-7\n91078-91-0\nView More...\n  - Dates\nCreate:\n2018-05-13\nModify:\n2025-12-13\n1 Structures\n1.1 2D Structure\nStructure Search\nGet Image\nDownload Coordinates\nChemical Structure Depiction\nFull screen\nZoom in\nZoom out\nPubChem\n1.2 3D Status\nConformer generation is disallowed since too many atoms, too flexible, mixture or salt\nPubChem\n2 Names and Identifiers\n2.1 Computed Descriptors\n2.1.1 IUPAC Name\nethyl hexadecanoate;ethyl (\nZ\n)-hexadec-9-enoate;ethyl (9\nZ\n,12\nZ\n)-octadeca-9,12-dienoate;ethyl octadecanoate;ethyl (9\nZ\n,12\nZ\n,15\nZ\n)-o...\n  - PubChem\n4.2 Component Compounds\nCID 5363269 (Ethyl Oleate)\nCID 8122 (Ethyl stearate)\nCID 12366 (Ethyl palmitate)\nCID 5282184 (Ethyl Linoleate)\nCID 5367460 (Ethyl linolenate)\nCID 6436624 (Ethyl palmitoleate)\nPubChem\n4.3 Related Compounds\nMixtures, Components, and Neutralized Forms Count\n6\nSimilar Compounds (2D)\nView in PubChem Search\nSimilar Conformers (3D)\nView in PubChem Search\nPubChem\n4.4 Substances\n4.4.1 Related Substances\nSame Count\n4\nPubChem\n4.4.2 Substances by Category\nPubChem\n5 Chemical V...\n  - https://creativecommons.org/licenses/by-nc/4.0/\nFats and Glyceridic oils, avocado, Et esters\nhttps://commonchemistry.cas.org/detail?cas_rn=91078-91-0\nChemIDplus\nLICENSE\nhttps://www.nlm.nih.gov/copyright.html\nEthyl avocadate\nhttps://pubchem.ncbi.nlm.nih.gov/substance/?source=chemidplus&sourceid=0091078910\nChemIDplus Chemical Information Classification\nhttps://pubchem.ncbi.nlm.nih.gov/source/chemidplus\nEuropean Chemicals Agency (ECHA)\nLICENSE\nUse of the information, documents and data from the ECH...\n\nBiological Interactions:\n  - Not specified\n\nToxicity & Safety:\n  - Not specified\n\n",
  "metadata": {
    "ingredient": "Avocadé",
    "CAS": "91078-91-0",
    "InChIKey": "Not specified",
    "source": "https://pubchem.ncbi.nlm.nih.gov/compound/133082062",
    "timestamp": "2025-12-17T14:57:35.059962+00:00",
    "type": "ingredient_information",
    "category": "cosmetics",
    "language": "fr"
  },
  "content_length": 3252,
  "timestamp": 1765992207.108042
}