{
  "document_name": "grapeseed.txt",
  "content": "Inf: ---\ningredient: Grapeseed\nsource: https://pubchem.ncbi.nlm.nih.gov/compound/GrapeSeed\ntimestamp: 2025-12-17 13:36:59 UTC\ntype: ingredient_information\n---\n\nCompound Summary\nGrapeSeed\nPubChem Reference \nCAS:\n  - Not specified\n\nInChIKey:\n  - Not specified\n\nChemical Forms:\n  - Not specified\n\nChemical Properties:\n  - LiverTox\n1 Synonyms\nGrapeSeed\nRefChem:782690\nPubChem\n2 Related Records\n2.1 Substances\n2.1.1 PubChem Reference Collection SID\n505778419\nPubChem\n3 Drug and Medication Information\n3.1 LiverTox Summary\nGrape seed extracts are purported to have antioxidant, cardioprotective, antiinflammatory, and antineoplastic effects and are promoted as being helpful for general wellness as well as for diverse metabolic, vascular, heart, urinary tract, skin, and eye conditions.\n  - LiverTox\n5 Information Sources\nFilter by Source\nALL SOURCES\nTOXNET (LiverTox)\nLiverTox\nPubChem\nPubChem\nhttps://pubchem.ncbi.nlm.nih.gov\nLiverTox\nLICENSE\nhttps://www.nlm.nih.gov/copyright.html\nGrapeSeed\nhttps://www.ncbi.nlm.nih.gov/books/n/livertox/GrapeSeed/\nCite\nDownload\nCONTENTS\nTitle and Summary\n1 Synonyms\n2 Related Records\nExpand this menu\n3 Drug and Medication Information\nExpand this menu\n4 Toxicity\nExpand this menu\n5 Information Sources\n\nBiological Interactions:\n  - Extracts of grape seeds, fruit and leaves, as well as juices made from grapes, have not been associated with serum enzyme elevations during therapy nor have they been implicated in cases of clinically apparent acute liver injury.\n  - Extracts of grape seeds, fruit and leaves, as well as juices made from grapes, have not been associated with serum enzyme elevations during therapy nor have they been implicated in cases of clinically apparent acute liver injury.\n  - Despite widespread use, there have been no published reports of serum enzyme elevations or clinically apparent liver injury attributable to grape extracts.\n\nToxicity & Safety:\n  - LiverTox\n3.2 Drug Classes\nHerbal and Dietary Supplements\nLiverTox\n4 Toxicity\n4.1 Toxicological Information\n4.1.1 Hepatotoxicity\nIn multiple, largely short term clinical studies of different preparations and concentrations of grape seed extracts, adverse side effects were usually described as uncommon and minimal with no mention of either hepatotoxicity or ALT elevations.\n  - LiverTox\n5 Information Sources\nFilter by Source\nALL SOURCES\nTOXNET (LiverTox)\nLiverTox\nPubChem\nPubChem\nhttps://pubchem.ncbi.nlm.nih.gov\nLiverTox\nLICENSE\nhttps://www.nlm.nih.gov/copyright.html\nGrapeSeed\nhttps://www.ncbi.nlm.nih.gov/books/n/livertox/GrapeSeed/\nCite\nDownload\nCONTENTS\nTitle and Summary\n1 Synonyms\n2 Related Records\nExpand this menu\n3 Drug and Medication Information\nExpand this menu\n4 Toxicity\nExpand this menu\n5 Information Sources\n\n",
  "metadata": {
    "ingredient": "Grapeseed",
    "CAS": "Not specified",
    "InChIKey": "Not specified",
    "source": "https://pubchem.ncbi.nlm.nih.gov/compound/GrapeSeed",
    "timestamp": "2025-12-17T13:36:59.584863+00:00",
    "type": "ingredient_information",
    "category": "cosmetics",
    "language": "fr"
  },
  "content_length": 2737,
  "timestamp": 1765992207.120042
}