{
  "document_name": "coco.txt",
  "content": "Inf: ---\ningredient: Coco\nsource: https://pubchem.ncbi.nlm.nih.gov/compound/369373\ntimestamp: 2025-12-17 13:58:59 UTC\ntype: ingredient_information\n---\n\ncompound Summary\nCoco glucoside\nPubChem CID\n369373\nSt\nCAS:\n  - Not specified\n\nInChIKey:\n  - 3):22-48, 2013\nCosmetic Ingredient Review (CIR)\n1 Structures\n1.1 2D Structure\nStructure Search\nGet Image\nDownload Coordinates\nChemical Structure Depiction\nFull screen\nZoom in\nZoom out\nPubChem\n1.2 3D Conformer\nPubChem\n2 Names and Identifiers\n2.1 Computed Descriptors\n2.1.1 IUPAC Name\n2-dodecoxy-6-(hydroxymethyl)oxane-3,4,5-triol\nComputed by Lexichem TK 2.9.3 (PubChem release 2025.09.15)\nPubChem\n2.1.2 InChI\nInChI=1S/C18H36O6/c1-2-3-4-5-6-7-8-9-10-11-12-23-18-17(22)16(21)15(20)14(13-19)24-18/h14-22H...\n\nChemical Forms:\n  - Not specified\n\nChemical Properties:\n  - ---\ningredient: Coco\nsource: https://pubchem.ncbi.nlm.nih.gov/compound/369373\ntimestamp: 2025-12-17 13:58:59 UTC\ntype: ingredient_information\n---\n\ncompound Summary\nCoco glucoside\nPubChem CID\n369373\nStructure\nMolecular Formula\nC\n18\nH\n36\nO\n6\nSynonyms\nCoco glucoside\nCOCO-GLUCOSIDE\nRefChem:578280\nCOCO-GLUCOSIDE [INCI]\nICS790225B\nView More...\n  - Molecular Weight\n348.5 g/mol\nComputed by PubChem 2.2 (PubChem release 2025.09.15)\nDates\nCreate:\n2005-03-26\nModify:\n2025-12-13\nDescription\nThe CIR Expert Panel concluded that the 19 alkyl glucosides listed below are safe in the present practices of use and concentrations when formulated to be nonirritating...Coco-Glucoside...\n  - 3):22-48, 2013\nCosmetic Ingredient Review (CIR)\n1 Structures\n1.1 2D Structure\nStructure Search\nGet Image\nDownload Coordinates\nChemical Structure Depiction\nFull screen\nZoom in\nZoom out\nPubChem\n1.2 3D Conformer\nPubChem\n2 Names and Identifiers\n2.1 Computed Descriptors\n2.1.1 IUPAC Name\n2-dodecoxy-6-(hydroxymethyl)oxane-3,4,5-triol\nComputed by Lexichem TK 2.9.3 (PubChem release 2025.09.15)\nPubChem\n2.1.2 InChI\nInChI=1S/C18H36O6/c1-2-3-4-5-6-7-8-9-10-11-12-23-18-17(22)16(21)15(20)14(13-19)24-18/h14-22H...\n  - PubChem\n4.2 Related Compounds\nSame Connectivity Count\n31\nSame Isotope Count\n29\nSame Parent, Connectivity Count\n37\nSame Parent, Isotope Count\n35\nSame Parent, Exact Count\n2\nMixtures, Components, and Neutralized Forms Count\n3\nSimilar Compounds (2D)\nView in PubChem Search\nSimilar Conformers (3D)\nView in PubChem Search\nPubChem\n4.3 Substances\n4.3.1 PubChem Reference Collection SID\n505574009\nPubChem\n4.3.2 Related Substances\nAll Count\n61\nSame Count\n58\nMixture Count\n3\nPubChem\n4.3.3 Substances by Category...\n  - 3):22-48, 2013\nCosmetic Ingredient Review (CIR)\n6.1.1 Use Classification\nCosmetics -> Foaming; Surfactant\nS13 | EUCOSMETICS | Combined Inventory of Ingredients Employed in Cosmetic Products (2000) and Revised Inventory (2006) |\nDOI:10.5281/zenodo.2624118\nNORMAN Suspect List Exchange\n6.1.2 Household Products\nHousehold & Commercial/Institutional Products\nInformation on 59 consumer products that contain Coco-glucoside in the following categories is provided:\n• Inside the Home\n• Personal Care\nConsum...\n\nBiological Interactions:\n  - 3):22-48, 2013\nCosmetic Ingredient Review (CIR)\n8 Literature\n8.1 Consolidated References\nPubChem\n8.2 Springer Nature References\nSpringer Nature\n8.3 Chemical Co-Occurrences in Literature\nPubChem\n8.4 Chemical-Gene Co-Occurrences in Literature\nPubChem\n8.5 Chemical-Disease Co-Occurrences in Literature\nPubChem\n8.6 Chemical-Organism Co-Occurrences in Literature\nPubChem\n9 Patents\n9.1 Depositor-Supplied Patent Identifiers\nPubChem\nLink to all deposited patent identifiers\nPubChem\n9.2 WIPO PATENTSCOPE\nPate...\n\nToxicity & Safety:\n  - International Journal of Toxicology 32(Suppl.\n  - 3):22-48, 2013\nCosmetic Ingredient Review (CIR)\n1 Structures\n1.1 2D Structure\nStructure Search\nGet Image\nDownload Coordinates\nChemical Structure Depiction\nFull screen\nZoom in\nZoom out\nPubChem\n1.2 3D Conformer\nPubChem\n2 Names and Identifiers\n2.1 Computed Descriptors\n2.1.1 IUPAC Name\n2-dodecoxy-6-(hydroxymethyl)oxane-3,4,5-triol\nComputed by Lexichem TK 2.9.3 (PubChem release 2025.09.15)\nPubChem\n2.1.2 InChI\nInChI=1S/C18H36O6/c1-2-3-4-5-6-7-8-9-10-11-12-23-18-17(22)16(21)15(20)14(13-19)24-18/h14-22H...\n  - PubChem\n4.2 Related Compounds\nSame Connectivity Count\n31\nSame Isotope Count\n29\nSame Parent, Connectivity Count\n37\nSame Parent, Isotope Count\n35\nSame Parent, Exact Count\n2\nMixtures, Components, and Neutralized Forms Count\n3\nSimilar Compounds (2D)\nView in PubChem Search\nSimilar Conformers (3D)\nView in PubChem Search\nPubChem\n4.3 Substances\n4.3.1 PubChem Reference Collection SID\n505574009\nPubChem\n4.3.2 Related Substances\nAll Count\n61\nSame Count\n58\nMixture Count\n3\nPubChem\n4.3.3 Substances by Category...\n  - 3):22-48, 2013\nCosmetic Ingredient Review (CIR)\n6.1.1 Use Classification\nCosmetics -> Foaming; Surfactant\nS13 | EUCOSMETICS | Combined Inventory of Ingredients Employed in Cosmetic Products (2000) and Revised Inventory (2006) |\nDOI:10.5281/zenodo.2624118\nNORMAN Suspect List Exchange\n6.1.2 Household Products\nHousehold & Commercial/Institutional Products\nInformation on 59 consumer products that contain Coco-glucoside in the following categories is provided:\n• Inside the Home\n• Personal Care\nConsum...\n  - International Journal of Toxicology 32(Suppl.\n\n",
  "metadata": {
    "ingredient": "Coco",
    "CAS": "Not specified",
    "InChIKey": "Not specified",
    "source": "https://pubchem.ncbi.nlm.nih.gov/compound/369373",
    "timestamp": "2025-12-17T13:58:59.248147+00:00",
    "type": "ingredient_information",
    "category": "cosmetics",
    "language": "fr"
  },
  "content_length": 5183,
  "timestamp": 1765992207.113042
}