{
  "document_name": "hexyl_cinnamal.txt",
  "content": "Inf: ---\ningredient: Hexyl cinnamal\nsource: https://pubchem.ncbi.nlm.nih.gov/compound/1715135\ntimestamp: 2025-12-17 14:37:14 UTC\ntype: ingredient_information\n---\n\ncompound Summary\nHexyl cinnamic aldehyde\nP\nCAS:\n  - Molecular Weight\n216.32 g/mol\nComputed by PubChem 2.2 (PubChem release 2025.09.15)\nDates\nCreate:\n2005-03-27\nModify:\n2025-12-13\n1 Structures\n1.1 2D Structure\nStructure Search\nGet Image\nDownload Coordinates\nChemical Structure Depiction\nFull screen\nZoom in\nZoom out\nPubChem\n1.2 3D Conformer\nPubChem\n2 Names and Identifiers\n2.1 Computed Descriptors\n2.1.1 IUPAC Name\n(2\nZ\n)-2-benzylideneoctanal\nComputed by Lexichem TK 2.9.3 (PubChem release 2025.09.15)\nPubChem\n2.1.2 InChI\nInChI=1S/C15H20O/c1-2-3-4-6-11-...\n\nInChIKey:\n  - Molecular Weight\n216.32 g/mol\nComputed by PubChem 2.2 (PubChem release 2025.09.15)\nDates\nCreate:\n2005-03-27\nModify:\n2025-12-13\n1 Structures\n1.1 2D Structure\nStructure Search\nGet Image\nDownload Coordinates\nChemical Structure Depiction\nFull screen\nZoom in\nZoom out\nPubChem\n1.2 3D Conformer\nPubChem\n2 Names and Identifiers\n2.1 Computed Descriptors\n2.1.1 IUPAC Name\n(2\nZ\n)-2-benzylideneoctanal\nComputed by Lexichem TK 2.9.3 (PubChem release 2025.09.15)\nPubChem\n2.1.2 InChI\nInChI=1S/C15H20O/c1-2-3-4-6-11-...\n\nChemical Forms:\n  - Not specified\n\nChemical Properties:\n  - ---\ningredient: Hexyl cinnamal\nsource: https://pubchem.ncbi.nlm.nih.gov/compound/1715135\ntimestamp: 2025-12-17 14:37:14 UTC\ntype: ingredient_information\n---\n\ncompound Summary\nHexyl cinnamic aldehyde\nPubChem CID\n1715135\nStructure\nMolecular Formula\nC\n15\nH\n20\nO\nSynonyms\nhexyl cinnamal\nhexyl cinnamylaldehyde\nRefChem:199476\nHexyl cinnamic aldehyde\n(2Z)-2-benzylideneoctanal\nView More...\n  - Molecular Weight\n216.32 g/mol\nComputed by PubChem 2.2 (PubChem release 2025.09.15)\nDates\nCreate:\n2005-03-27\nModify:\n2025-12-13\n1 Structures\n1.1 2D Structure\nStructure Search\nGet Image\nDownload Coordinates\nChemical Structure Depiction\nFull screen\nZoom in\nZoom out\nPubChem\n1.2 3D Conformer\nPubChem\n2 Names and Identifiers\n2.1 Computed Descriptors\n2.1.1 IUPAC Name\n(2\nZ\n)-2-benzylideneoctanal\nComputed by Lexichem TK 2.9.3 (PubChem release 2025.09.15)\nPubChem\n2.1.2 InChI\nInChI=1S/C15H20O/c1-2-3-4-6-11-...\n  - Thumbnail\nSpectraBase\n4.1.2 13C NMR Spectra\nSource of Spectrum\nSigma-Aldrich Co.\n  - Thumbnail\nSpectraBase\n4.2 Mass Spectrometry\n4.2.1 GC-MS\n1 of 5 items\nView All\nNIST Number\n236288\nLibrary\nMain library\nTotal Peaks\n169\nm/z Top Peak\n129\nm/z 2nd Highest\n117\nm/z 3rd Highest\n91\nThumbnail\nNIST Mass Spectrometry Data Center\n2 of 5 items\nView All\nNIST Number\n261770\nLibrary\nReplicate library\nTotal Peaks\n146\nm/z Top Peak\n91\nm/z 2nd Highest\n115\nm/z 3rd Highest\n129\nThumbnail\nNIST Mass Spectrometry Data Center\n4.3 IR Spectra\n4.3.1 FTIR Spectra\nTechnique\nBetween salts\nSource of Spectrum\nSigm...\n  - PubChem\n5.2 Related Compounds\nSame Connectivity Count\n5\nSame Isotope Count\n3\nSame Parent, Connectivity Count\n10\nSame Parent, Isotope Count\n8\nMixtures, Components, and Neutralized Forms Count\n1\nSimilar Compounds (2D)\nView in PubChem Search\nSimilar Conformers (3D)\nView in PubChem Search\nPubChem\n5.3 Substances\n5.3.1 PubChem Reference Collection SID\n504497917\nPubChem\n5.3.2 Related Substances\nAll Count\n64\nSame Count\n63\nMixture Count\n1\nPubChem\n5.3.3 Substances by Category\nPubChem\n6 Chemical Vendors\nPu...\n\nBiological Interactions:\n  - Not specified\n\nToxicity & Safety:\n  - PubChem\n5.2 Related Compounds\nSame Connectivity Count\n5\nSame Isotope Count\n3\nSame Parent, Connectivity Count\n10\nSame Parent, Isotope Count\n8\nMixtures, Components, and Neutralized Forms Count\n1\nSimilar Compounds (2D)\nView in PubChem Search\nSimilar Conformers (3D)\nView in PubChem Search\nPubChem\n5.3 Substances\n5.3.1 PubChem Reference Collection SID\n504497917\nPubChem\n5.3.2 Related Substances\nAll Count\n64\nSame Count\n63\nMixture Count\n1\nPubChem\n5.3.3 Substances by Category\nPubChem\n6 Chemical Vendors\nPu...\n  - 1223/2009 - Fragrance Allergens\nReport - if present in a rinse-off cosmetic product at a concentration at or above 0.01 percent (100 parts per million) or in a leave-on cosmetic product at a concentration at or above 0.001 percent (10 parts per million)\nCalifornia Safe Cosmetics Program (CSCP) Product Database\n11 Toxicity\n11.1 Toxicological Information\n11.1.1 Acute Effects\nChemIDplus\n12 Literature\n12.1 Consolidated References\nPubChem\n12.2 NLM Curated PubMed Citations\nMedical Subject Headings (Me...\n  - https://www.nlm.nih.gov/copyright.html\nhexyl cinnamic aldehyde\nhttps://id.nlm.nih.gov/mesh/M0214024.html\nMeSH Tree\nhttps://www.nlm.nih.gov/mesh/meshhome.html\nNORMAN Suspect List Exchange\nLICENSE\nData: CC-BY 4.0; Code (hosted by ECI, LCSB): Artistic-2.0\nhttps://creativecommons.org/licenses/by/4.0/\nNORMAN Suspect List Exchange Classification\nhttps://www.norman-network.com/nds/SLE/\nPATENTSCOPE (WIPO)\nSID 388388469\nhttps://pubchem.ncbi.nlm.nih.gov/substance/388388469\nCite\nDownload\nCONTENTS\nTitle and...\n\n",
  "metadata": {
    "ingredient": "Hexyl cinnamal",
    "CAS": "Not specified",
    "InChIKey": "Not specified",
    "source": "https://pubchem.ncbi.nlm.nih.gov/compound/1715135",
    "timestamp": "2025-12-17T14:37:15.144841+00:00",
    "type": "ingredient_information",
    "category": "cosmetics",
    "language": "fr"
  },
  "content_length": 4881,
  "timestamp": 1765992207.120042
}