{
  "document_name": "cyclomethicone.txt",
  "content": "Inf: ---\ningredient: Cyclomethicone\nsource: https://pubchem.ncbi.nlm.nih.gov/compound/Cyclomethicone\ntimestamp: 2025-12-17 14:21:55 UTC\ntype: ingredient_information\n---\n\nCompound Summary\nCyclomethicone\nPub\nCAS:\n  - CAMEO Chemicals\n1 Synonyms\nCyclomethicone\nCyclopolydimethylsiloxane\nDERMFREE SCAR SHEETS\nDOW CORNING ST CYCLOMETHICONE 56\nDTXSID8041820\nDimethylcyclopolysiloxane\nEHP Cleansing\nNMQ347994Z\nPolydimethyl siloxy cyclics\nPolydimethylcyclosiloxane\nRefChem:54913\nSilicone gel 1% SCAR SHEETS\n69430-24-6\nPubChem\n2 MeSH Entry Terms\ncyclomethicone\nMedical Subject Headings (MeSH)\n3 Names and Identifiers\n3.1 Other Identifiers\n3.1.1 CAS\n69430-24-6\nEuropean Chemicals Agency (ECHA); Hazardous Substances Data Bank...\n\nInChIKey:\n  - Not specified\n\nChemical Forms:\n  - Antifoam A contained approximately 10% cyclic oligomers, and Antifoam M contained less than 0.022% of the lower molecular weight, cyclic components.\n  - Expired air of the subjects contained at least 0.5% of the dose (half-life =8 hr), and the material was identified as the lower weight (tetramer and pentamer) cyclosiloxanes.\n  - Expired air of the subjects contained at least 0.5% of the dose (half-life = 8 hr), and the material was identified as the lower weight (tetramer and pentamer) cyclosiloxanes.\n  - 215\nHazardous Substances Data Bank (HSDB)\n8.3 Formulations / Preparations\nCyclomethicone contains different polymers depending on the value of n in its chemical structure.\n  - Those substances designated with a (P) may polymerize explosively when heated or involved in a fire.\n\nChemical Properties:\n  - CAMEO Chemicals\n1 Synonyms\nCyclomethicone\nCyclopolydimethylsiloxane\nDERMFREE SCAR SHEETS\nDOW CORNING ST CYCLOMETHICONE 56\nDTXSID8041820\nDimethylcyclopolysiloxane\nEHP Cleansing\nNMQ347994Z\nPolydimethyl siloxy cyclics\nPolydimethylcyclosiloxane\nRefChem:54913\nSilicone gel 1% SCAR SHEETS\n69430-24-6\nPubChem\n2 MeSH Entry Terms\ncyclomethicone\nMedical Subject Headings (MeSH)\n3 Names and Identifiers\n3.1 Other Identifiers\n3.1.1 CAS\n69430-24-6\nEuropean Chemicals Agency (ECHA); Hazardous Substances Data Bank...\n  - Because of its low viscosity, low surface tension, water repellency, and nongreasy texture, cyclomethicone enhances spreading of highly viscous or waxy cosmetic systems.\n  - Cyclomethicone is formulated in eye and face makeup, manicuring preparations, skin creams and oils, foot powders and sprays, and other personal care products.\n  - Cosmetic Ingredient Expert Review Panel; Final Report on the Safety Assessment of Cyclomethicone; Journal of the American College of Toxicology 10 (1): 9-19 (1991)\nHazardous Substances Data Bank (HSDB)\nCyclomethicone is mainly used in topical pharmaceutical and cosmetic formulations such as water-in-oil creams.\n  - Cyclomethicone has been used in cosmetic formulations, at concentrations of 0.1-50%, since the late 1970s and is now the most widely used silicone in the cosmetics industry.\n\nBiological Interactions:\n  - Not specified\n\nToxicity & Safety:\n  - Primary Hazards\nLaboratory Chemical Safety Summary (LCSS) Datasheet\nDescription\nCyclopolydimethylsiloxane appears as a colorless liquid.\n  - CAMEO Chemicals\n1 Synonyms\nCyclomethicone\nCyclopolydimethylsiloxane\nDERMFREE SCAR SHEETS\nDOW CORNING ST CYCLOMETHICONE 56\nDTXSID8041820\nDimethylcyclopolysiloxane\nEHP Cleansing\nNMQ347994Z\nPolydimethyl siloxy cyclics\nPolydimethylcyclosiloxane\nRefChem:54913\nSilicone gel 1% SCAR SHEETS\n69430-24-6\nPubChem\n2 MeSH Entry Terms\ncyclomethicone\nMedical Subject Headings (MeSH)\n3 Names and Identifiers\n3.1 Other Identifiers\n3.1.1 CAS\n69430-24-6\nEuropean Chemicals Agency (ECHA); Hazardous Substances Data Bank...\n  - Online Posting Date: 13 Jul 2012\nHazardous Substances Data Bank (HSDB)\n4.1.3 Odor\nOdorless /cyclic volatile methylsiloxanes/\nKierkegaard A et al; Environ Sci Technol 45(14): 5936-5942 (2011)\nHazardous Substances Data Bank (HSDB)\n4.1.4 Decomposition\nWhen heated to decomposition it emits acrid smoke and irritating vapors.\n  - 2999\nHazardous Substances Data Bank (HSDB)\n4.1.5 Surface Tension\nLow\nSchneider G et al; Skin Cosmetics.\n  - Hazardous Substances Data Bank (HSDB)\n4.2 Chemical Classes\n4.2.1 Cosmetics\nCosmetic ingredients (\nCyclomethicone\n) -> CIR (Cosmetic Ingredient Review)\nJournal of the American College of Toxicology 10(1):9-19, 1991\nInternational Journal of Toxicology 30(Suppl.\n\n",
  "metadata": {
    "ingredient": "Cyclomethicone",
    "CAS": "69430-24-6",
    "InChIKey": "Not specified",
    "source": "https://pubchem.ncbi.nlm.nih.gov/compound/Cyclomethicone",
    "timestamp": "2025-12-17T14:21:55.410816+00:00",
    "type": "ingredient_information",
    "category": "cosmetics",
    "language": "fr"
  },
  "content_length": 4329,
  "timestamp": 1765992207.114042
}