{
  "document_name": "raspberry.txt",
  "content": "Inf: ---\ningredient: Raspberry\nsource: https://pubchem.ncbi.nlm.nih.gov/compound/Raspberry\ntimestamp: 2025-12-17 14:20:22 UTC\ntype: ingredient_information\n---\n\nCompound Summary\nRaspberry\nPubChem Reference \nCAS:\n  - Not specified\n\nInChIKey:\n  - Not specified\n\nChemical Forms:\n  - Not specified\n\nChemical Properties:\n  - 1 Synonyms\nRaspberry\nRefChem:47562\n4N14V5R27W\nB1096\nB1494\nEUROPEAN RASPBERRY\nFRAMBOISE\nRASPBERRIES, RAW\nRASPBERRIES,RAW\nPubChem\n2 Names and Identifiers\n2.1 Other Identifiers\n2.1.1 UNII\n4N14V5R27W\nFDA Global Substance Registration System (GSRS)\n2.1.2 AIDS Number\n010591\nNIAID ChemDB\n2.1.3 DrugBank ID\nDB10636\nDrugBank\n2.1.4 NCI Thesaurus Code\nC72036\nNCI Thesaurus (NCIt)\n2.1.5 RXCUI\n899906\nNLM RxNorm Terminology\n3 Chemical and Physical Properties\n3.1 Chemical Classes\nNatural Products, Plant\nNIAID Ch...\n  - FDA Pharm Classes\n7 Information Sources\nFilter by Source\nALL SOURCES\nDailyMed\nDrugBank\nFDA Global Substance Registration System (GSRS)\nFDA Pharm Classes\nNCI Thesaurus (NCIt)\nNIAID ChemDB\nNLM RxNorm Terminology\nNational Drug Code (NDC) Directory\nPubChem\nPubChem\nhttps://pubchem.ncbi.nlm.nih.gov\nDailyMed\nLICENSE\nhttps://www.nlm.nih.gov/copyright.html\nRASPBERRY\nhttps://dailymed.nlm.nih.gov/dailymed/search.cfm?labeltype=all&query=RASPBERRY\nDrugBank\nLICENSE\nCreative Common's Attribution-NonCommercial...\n  - https://www.nlm.nih.gov/research/umls/rxnorm/docs/termsofservice.html\nraspberry allergenic extract\nhttps://rxnav.nlm.nih.gov/id/rxnorm/899906\nCite\nDownload\nCONTENTS\nTitle and Summary\n1 Synonyms\n2 Names and Identifiers\nExpand this menu\n3 Chemical and Physical Properties\nExpand this menu\n4 Related Records\nExpand this menu\n5 Drug and Medication Information\nExpand this menu\n6 Pharmacology and Biochemistry\nExpand this menu\n7 Information Sources\n\nBiological Interactions:\n  - 6 Pharmacology and Biochemistry\n6.1 FDA Pharmacological Classification\nFDA UNII\n4N14V5R27W\nActive Moiety\nRASPBERRY\nPharmacological Classes\nEstablished Pharmacologic Class [EPC] - Non-Standardized Food Allergenic Extract\nPharmacological Classes\nPhysiologic Effects [PE] - Increased Histamine Release\nPharmacological Classes\nPhysiologic Effects [PE] - Cell-mediated Immunity\nPharmacological Classes\nChemical Structure [CS] - Allergens\nPharmacological Classes\nChemical Structure [CS] - Dietary Proteins...\n\nToxicity & Safety:\n  - Not specified\n\n",
  "metadata": {
    "ingredient": "Raspberry",
    "CAS": "Not specified",
    "InChIKey": "Not specified",
    "source": "https://pubchem.ncbi.nlm.nih.gov/compound/Raspberry",
    "timestamp": "2025-12-17T14:20:22.643004+00:00",
    "type": "ingredient_information",
    "category": "cosmetics",
    "language": "fr"
  },
  "content_length": 2350,
  "timestamp": 1765992207.127042
}