{
  "document_name": "eggplant.txt",
  "content": "Inf: ---\ningredient: Eggplant\nsource: https://pubchem.ncbi.nlm.nih.gov/compound/Eggplant\ntimestamp: 2025-12-17 14:29:24 UTC\ntype: ingredient_information\n---\n\nCompound Summary\nEggplant\nPubChem Reference Col\nCAS:\n  - Not specified\n\nInChIKey:\n  - Not specified\n\nChemical Forms:\n  - Not specified\n\nChemical Properties:\n  - 1 Synonyms\nEggplant\nRefChem:35414\nW5K7RAS4VK\nB1458\nEGGPLANT, RAW\nEGGPLANT,RAW\nPubChem\n2 Names and Identifiers\n2.1 Other Identifiers\n2.1.1 UNII\nW5K7RAS4VK\nFDA Global Substance Registration System (GSRS)\n2.1.2 DrugBank ID\nDB10644\nDrugBank\n2.1.3 NCI Thesaurus Code\nC71969\nNCI Thesaurus (NCIt)\n3 Related Records\n3.1 Substances\n3.1.1 PubChem Reference Collection SID\n482034270\nPubChem\n3.2 Other Relationships\nNightshade Antigen (FDA NDC: 43857-0496)\n(component of)\nSolanum melongena whole\n(subclass of)\nAl...\n  - FDA Pharm Classes\n6 Information Sources\nFilter by Source\nALL SOURCES\nDailyMed\nDrugBank\nFDA Global Substance Registration System (GSRS)\nFDA Pharm Classes\nNCI Thesaurus (NCIt)\nNational Drug Code (NDC) Directory\nPubChem\nPubChem\nhttps://pubchem.ncbi.nlm.nih.gov\nDailyMed\nLICENSE\nhttps://www.nlm.nih.gov/copyright.html\nEGGPLANT\nhttps://dailymed.nlm.nih.gov/dailymed/search.cfm?labeltype=all&query=EGGPLANT\nDrugBank\nLICENSE\nCreative Common's Attribution-NonCommercial 4.0 International License (\nhttp://cre...\n  - https://www.cancer.gov/policies/copyright-reuse\nhttps://ncithesaurus.nci.nih.gov/ncitbrowser/ConceptReport.jsp?dictionary=NCI_Thesaurus&ns=ncit&code=C71969\nCite\nDownload\nCONTENTS\nTitle and Summary\n1 Synonyms\n2 Names and Identifiers\nExpand this menu\n3 Related Records\nExpand this menu\n4 Drug and Medication Information\nExpand this menu\n5 Pharmacology and Biochemistry\nExpand this menu\n6 Information Sources\n\nBiological Interactions:\n  - 5 Pharmacology and Biochemistry\n5.1 FDA Pharmacological Classification\nFDA UNII\nW5K7RAS4VK\nActive Moiety\nEGGPLANT\nPharmacological Classes\nEstablished Pharmacologic Class [EPC] - Non-Standardized Food Allergenic Extract\nPharmacological Classes\nEstablished Pharmacologic Class [EPC] - Non-Standardized Plant Allergenic Extract\nPharmacological Classes\nPhysiologic Effects [PE] - Increased Histamine Release\nPharmacological Classes\nPhysiologic Effects [PE] - Cell-mediated Immunity\nPharmacological Classe...\n\nToxicity & Safety:\n  - Not specified\n\n",
  "metadata": {
    "ingredient": "Eggplant",
    "CAS": "Not specified",
    "InChIKey": "Not specified",
    "source": "https://pubchem.ncbi.nlm.nih.gov/compound/Eggplant",
    "timestamp": "2025-12-17T14:29:24.400590+00:00",
    "type": "ingredient_information",
    "category": "cosmetics",
    "language": "fr"
  },
  "content_length": 2314,
  "timestamp": 1765992207.1160421
}