{
  "document_name": "cyanure_de_sodium.txt",
  "content": "Inf: ---\ningredient: Cyanure de sodium\nsource: https://pubchem.ncbi.nlm.nih.gov/compound/8929\ntimestamp: 2025-12-17 14:33:31 UTC\ntype: ingredient_information\n---\n\ncompound Summary\nSodium Cyanide\nPubChem CI\nCAS:\n  - 1 Structures\n1.1 2D Structure\nStructure Search\nGet Image\nDownload Coordinates\nChemical Structure Depiction\nFull screen\nZoom in\nZoom out\nPubChem\n1.2 3D Status\nConformer generation is disallowed since MMFF94s unsupported element, mixture or salt\nPubChem\n2 Names and Identifiers\n2.1 Computed Descriptors\n2.1.1 IUPAC Name\nsodium cyanide\nComputed by Lexichem TK 2.9.3 (PubChem release 2025.09.15)\nPubChem\n2.1.2 InChI\nInChI=1S/CN.Na/c1-2;/q-1;+1\nComputed by InChI 1.07.4 (PubChem release 2025.09.15)\nPubChe...\n\nInChIKey:\n  - 1 Structures\n1.1 2D Structure\nStructure Search\nGet Image\nDownload Coordinates\nChemical Structure Depiction\nFull screen\nZoom in\nZoom out\nPubChem\n1.2 3D Status\nConformer generation is disallowed since MMFF94s unsupported element, mixture or salt\nPubChem\n2 Names and Identifiers\n2.1 Computed Descriptors\n2.1.1 IUPAC Name\nsodium cyanide\nComputed by Lexichem TK 2.9.3 (PubChem release 2025.09.15)\nPubChem\n2.1.2 InChI\nInChI=1S/CN.Na/c1-2;/q-1;+1\nComputed by InChI 1.07.4 (PubChem release 2025.09.15)\nPubChe...\n\nChemical Forms:\n  - Not specified\n\nChemical Properties:\n  - ---\ningredient: Cyanure de sodium\nsource: https://pubchem.ncbi.nlm.nih.gov/compound/8929\ntimestamp: 2025-12-17 14:33:31 UTC\ntype: ingredient_information\n---\n\ncompound Summary\nSodium Cyanide\nPubChem CID\n8929\nStructure\nPrimary Hazards\nLaboratory Chemical Safety Summary (LCSS) Datasheet\nMolecular Formula\nCNNa\nNaCN\nSynonyms\nSODIUM CYANIDE\n143-33-9\nCymag\nCyanogran\nCyanide of sodium\nView More...\n  - 1 Structures\n1.1 2D Structure\nStructure Search\nGet Image\nDownload Coordinates\nChemical Structure Depiction\nFull screen\nZoom in\nZoom out\nPubChem\n1.2 3D Status\nConformer generation is disallowed since MMFF94s unsupported element, mixture or salt\nPubChem\n2 Names and Identifiers\n2.1 Computed Descriptors\n2.1.1 IUPAC Name\nsodium cyanide\nComputed by Lexichem TK 2.9.3 (PubChem release 2025.09.15)\nPubChem\n2.1.2 InChI\nInChI=1S/CN.Na/c1-2;/q-1;+1\nComputed by InChI 1.07.4 (PubChem release 2025.09.15)\nPubChe...\n  - 3127\nHazardous Substances Data Bank (HSDB)\n1496Â °C\nILO-WHO International Chemical Safety Cards (ICSCs)\n2725 °F\nThe National Institute for Occupational Safety and Health (NIOSH)\n3.2.5 Melting Point\n1047 °F (EPA, 1998)\nU.S.\n  - CAMEO Chemicals\n3.2.7 Solubility\ngreater than or equal to 100 mg/mL at 68 °F (NTP, 1992)\nNational Toxicology Program, Institute of Environmental Health Sciences, National Institutes of Health (NTP).\n  - 1014\nHazardous Substances Data Bank (HSDB)\nSolubility in\nwater\n, g/l at 20Â °C: 480-520 (freely soluble)\nILO-WHO International Chemical Safety Cards (ICSCs)\n(77 °F): 58%\nThe National Institute for Occupational Safety and Health (NIOSH)\n3.2.8 Density\n1.6 at 77 °F (USCG, 1999) - Denser than\nwater\n; will sink\nU.S.\n\nBiological Interactions:\n  - (T86)\nToxin and Toxin Target Database (T3DB)\n8 Agrochemical Information\n8.1 Agrochemical Category\nRodenticide\nEPA Pesticide Ecotoxicity Database\n9 Pharmacology and Biochemistry\n9.1 MeSH Pharmacological Classification\nEnzyme Inhibitors\nCompounds or agents that combine with an enzyme in such a manner as to prevent the normal substrate-enzyme combination and the catalytic reaction.\n  - CONJUGATION IS CATALYZED BY THE ENZYME RHODANESE WHICH IS WIDELY DISTRIBUTED IN MOST ANIMAL TISSUES EXCEPT BLOOD, LIVER BEING PARTICULARLY ACTIVE.\n  - THE ENZYME, MERCAPTOSULFUR TRANSFERASE IS LOCALIZED IN CYTOSOL./ /\nCYANIDE\n/\nParke, D.\n  - The results suggest that the enzyme\nO-acetylserine\nsulfhydrylase catalyzes the reaction of\ncyanide\nand\nO-acetylserine\nto form the toxic metabolite.\n  - PMID:3932844\nOwais WM et al; Mutat Res 144 (3): 119-26 (1985)\nHazardous Substances Data Bank (HSDB)\n/ONE OF/ THE MAJOR MECHANISMS FOR REMOVING\nCYANIDE\nFROM THE BODY IS ITS ENZYMATIC CONVERSION, BY THE MITOCHONDRIAL ENZYME RHODANESE (TRANSSULFURASE), TO\nTHIOCYANATE\n, WHICH IS RELATIVELY ...\n\nToxicity & Safety:\n  - ---\ningredient: Cyanure de sodium\nsource: https://pubchem.ncbi.nlm.nih.gov/compound/8929\ntimestamp: 2025-12-17 14:33:31 UTC\ntype: ingredient_information\n---\n\ncompound Summary\nSodium Cyanide\nPubChem CID\n8929\nStructure\nPrimary Hazards\nLaboratory Chemical Safety Summary (LCSS) Datasheet\nMolecular Formula\nCNNa\nNaCN\nSynonyms\nSODIUM CYANIDE\n143-33-9\nCymag\nCyanogran\nCyanide of sodium\nView More...\n  - Toxic by skin absorption through open wounds, by ingestion, and by inhalation of dust.\n  - 1 Structures\n1.1 2D Structure\nStructure Search\nGet Image\nDownload Coordinates\nChemical Structure Depiction\nFull screen\nZoom in\nZoom out\nPubChem\n1.2 3D Status\nConformer generation is disallowed since MMFF94s unsupported element, mixture or salt\nPubChem\n2 Names and Identifiers\n2.1 Computed Descriptors\n2.1.1 IUPAC Name\nsodium cyanide\nComputed by Lexichem TK 2.9.3 (PubChem release 2025.09.15)\nPubChem\n2.1.2 InChI\nInChI=1S/CN.Na/c1-2;/q-1;+1\nComputed by InChI 1.07.4 (PubChem release 2025.09.15)\nPubChe...\n  - Toxic by skin absorption through open wounds, by ingestion, and by inhalation of dust.\n  - CAMEO Chemicals\nOther Solid; Dry Powder; Liquid; Pellets or Large Crystals; Pellets or Large Crystals, Other Solid\nEPA Chemical Data Reporting (CDR)\nWhite, granular or crystalline solid with a faint, almond-like odor; [NIOSH] Deliquescent; [CHEMINFO]\nHaz-Map, Information on Hazardous Chemicals and Occupational Diseases\nWHITE HYGROSCOPIC CRYSTALLINE POWDER WITH CHARACTERISTIC ODOUR.\n\n",
  "metadata": {
    "ingredient": "Cyanure de sodium",
    "CAS": "143-33-9",
    "InChIKey": "Not specified",
    "source": "https://pubchem.ncbi.nlm.nih.gov/compound/8929",
    "timestamp": "2025-12-17T14:33:31.893079+00:00",
    "type": "ingredient_information",
    "category": "cosmetics",
    "language": "fr"
  },
  "content_length": 5545,
  "timestamp": 1765992207.114042
}