{
  "document_name": "benzotriazolyl_dodecyl_p-cresol.txt",
  "content": "Inf: ---\ningredient: Benzotriazolyl Dodecyl p-Cresol\nsource: https://pubchem.ncbi.nlm.nih.gov/compound/86375\ntimestamp: 2025-12-17 14:14:03 UTC\ntype: ingredient_information\n---\n\ncompound Summary\n2-(2-Hydro\nCAS:\n  - Molecular Weight\n393.6 g/mol\nComputed by PubChem 2.2 (PubChem release 2025.09.15)\nDates\nCreate:\n2005-08-08\nModify:\n2025-12-13\n1 Structures\n1.1 2D Structure\nStructure Search\nGet Image\nDownload Coordinates\nChemical Structure Depiction\nFull screen\nZoom in\nZoom out\nPubChem\n1.2 3D Conformer\nPubChem\n2 Names and Identifiers\n2.1 Computed Descriptors\n2.1.1 IUPAC Name\n2-(benzotriazol-2-yl)-6-dodecyl-4-methylphenol\nComputed by Lexichem TK 2.9.3 (PubChem release 2025.09.15)\nPubChem\n2.1.2 InChI\nInChI=1S/C25H...\n\nInChIKey:\n  - Molecular Weight\n393.6 g/mol\nComputed by PubChem 2.2 (PubChem release 2025.09.15)\nDates\nCreate:\n2005-08-08\nModify:\n2025-12-13\n1 Structures\n1.1 2D Structure\nStructure Search\nGet Image\nDownload Coordinates\nChemical Structure Depiction\nFull screen\nZoom in\nZoom out\nPubChem\n1.2 3D Conformer\nPubChem\n2 Names and Identifiers\n2.1 Computed Descriptors\n2.1.1 IUPAC Name\n2-(benzotriazol-2-yl)-6-dodecyl-4-methylphenol\nComputed by Lexichem TK 2.9.3 (PubChem release 2025.09.15)\nPubChem\n2.1.2 InChI\nInChI=1S/C25H...\n\nChemical Forms:\n  - Not specified\n\nChemical Properties:\n  - ---\ningredient: Benzotriazolyl Dodecyl p-Cresol\nsource: https://pubchem.ncbi.nlm.nih.gov/compound/86375\ntimestamp: 2025-12-17 14:14:03 UTC\ntype: ingredient_information\n---\n\ncompound Summary\n2-(2-Hydroxy-3-dodecyl-5-methylphenyl)benzotriazole\nPubChem CID\n86375\nStructure\nPrimary Hazards\nLaboratory Chemical Safety Summary (LCSS) Datasheet\nMolecular Formula\nC\n25\nH\n35\nN\n3\nO\nSynonyms\n23328-53-2\n2-(2H-Benzotriazol-2-yl)-6-dodecyl-4-methylphenol\nA1TWE4ZIKJ\nDTXSID3051886\n2-(2-hydroxy-3-dodecyl-5-methylph...\n  - Molecular Weight\n393.6 g/mol\nComputed by PubChem 2.2 (PubChem release 2025.09.15)\nDates\nCreate:\n2005-08-08\nModify:\n2025-12-13\n1 Structures\n1.1 2D Structure\nStructure Search\nGet Image\nDownload Coordinates\nChemical Structure Depiction\nFull screen\nZoom in\nZoom out\nPubChem\n1.2 3D Conformer\nPubChem\n2 Names and Identifiers\n2.1 Computed Descriptors\n2.1.1 IUPAC Name\n2-(benzotriazol-2-yl)-6-dodecyl-4-methylphenol\nComputed by Lexichem TK 2.9.3 (PubChem release 2025.09.15)\nPubChem\n2.1.2 InChI\nInChI=1S/C25H...\n  - Thumbnail\nSpectraBase\n4.2 Mass Spectrometry\n4.2.1 GC-MS\nTechnique\nGC/MS\nSource of Spectrum\nDigiLab GmbH (C) 2024\nCopyright\nCopyright © 2024-2025 DigiLab GmbH and Wiley-VCH GmbH.\n  - PubChem\n5.2 Related Compounds\nSame Parent, Exact Count\n5\nMixtures, Components, and Neutralized Forms Count\n35\nSimilar Compounds (2D)\nView in PubChem Search\nSimilar Conformers (3D)\nView in PubChem Search\nPubChem\n5.3 Substances\n5.3.1 PubChem Reference Collection SID\n518152222\nPubChem\n5.3.2 Related Substances\nAll Count\n130\nSame Count\n92\nMixture Count\n38\nPubChem\n5.3.3 Substances by Category\nPubChem\n6 Chemical Vendors\nPubChem\n7 Safety and Hazards\n7.1 Hazards Identification\n7.1.1 GHS Classification\nPi...\n  - https://creativecommons.org/licenses/by-nc/4.0/\n2-(2-Hydroxy-3-dodecyl-5-methylphenyl)benzotriazole\nhttps://commonchemistry.cas.org/detail?cas_rn=23328-53-2\nChemIDplus\nLICENSE\nhttps://www.nlm.nih.gov/copyright.html\nBenzotriazolyl dodecyl p-cresol (linear)\nhttps://pubchem.ncbi.nlm.nih.gov/substance/?source=chemidplus&sourceid=0023328532\nBenzotriazolyl dodecyl p-cresol\nhttps://pubchem.ncbi.nlm.nih.gov/substance/?source=chemidplus&sourceid=0125304043\nChemIDplus Chemical Information Classification\nh...\n\nBiological Interactions:\n  - Not specified\n\nToxicity & Safety:\n  - ---\ningredient: Benzotriazolyl Dodecyl p-Cresol\nsource: https://pubchem.ncbi.nlm.nih.gov/compound/86375\ntimestamp: 2025-12-17 14:14:03 UTC\ntype: ingredient_information\n---\n\ncompound Summary\n2-(2-Hydroxy-3-dodecyl-5-methylphenyl)benzotriazole\nPubChem CID\n86375\nStructure\nPrimary Hazards\nLaboratory Chemical Safety Summary (LCSS) Datasheet\nMolecular Formula\nC\n25\nH\n35\nN\n3\nO\nSynonyms\n23328-53-2\n2-(2H-Benzotriazol-2-yl)-6-dodecyl-4-methylphenol\nA1TWE4ZIKJ\nDTXSID3051886\n2-(2-hydroxy-3-dodecyl-5-methylph...\n  - Molecular Weight\n393.6 g/mol\nComputed by PubChem 2.2 (PubChem release 2025.09.15)\nDates\nCreate:\n2005-08-08\nModify:\n2025-12-13\n1 Structures\n1.1 2D Structure\nStructure Search\nGet Image\nDownload Coordinates\nChemical Structure Depiction\nFull screen\nZoom in\nZoom out\nPubChem\n1.2 3D Conformer\nPubChem\n2 Names and Identifiers\n2.1 Computed Descriptors\n2.1.1 IUPAC Name\n2-(benzotriazol-2-yl)-6-dodecyl-4-methylphenol\nComputed by Lexichem TK 2.9.3 (PubChem release 2025.09.15)\nPubChem\n2.1.2 InChI\nInChI=1S/C25H...\n  - PubChem\n5.2 Related Compounds\nSame Parent, Exact Count\n5\nMixtures, Components, and Neutralized Forms Count\n35\nSimilar Compounds (2D)\nView in PubChem Search\nSimilar Conformers (3D)\nView in PubChem Search\nPubChem\n5.3 Substances\n5.3.1 PubChem Reference Collection SID\n518152222\nPubChem\n5.3.2 Related Substances\nAll Count\n130\nSame Count\n92\nMixture Count\n38\nPubChem\n5.3.3 Substances by Category\nPubChem\n6 Chemical Vendors\nPubChem\n7 Safety and Hazards\n7.1 Hazards Identification\n7.1.1 GHS Classification\nPi...\n  - The percentage value in parenthesis indicates the notified classification ratio from companies that provide hazard codes.\n  - Only hazard codes with percentage values above 10% are shown.\n\n",
  "metadata": {
    "ingredient": "Benzotriazolyl Dodecyl p-Cresol",
    "CAS": "23328-53-2",
    "InChIKey": "Not specified",
    "source": "https://pubchem.ncbi.nlm.nih.gov/compound/86375",
    "timestamp": "2025-12-17T14:14:03.646427+00:00",
    "type": "ingredient_information",
    "category": "cosmetics",
    "language": "fr"
  },
  "content_length": 5290,
  "timestamp": 1765992207.1090422
}