{
  "document_name": "candelilla_wax.txt",
  "content": "Inf: ---\ningredient: Candelilla Wax\nsource: https://pubchem.ncbi.nlm.nih.gov/compound/Candelilla-wax\ntimestamp: 2025-12-17 13:22:57 UTC\ntype: ingredient_information\n---\n\nCompound Summary\nCandelilla wax\nPub\nCAS:\n  - 3479\nCANDELILLA\nCANDELILLA CERA\nCANDELILLA WAX (E902)\nCANDELILLA WAX (II)\nCANDELILLA WAX (MART.)\nCANDELILLA WAX (USP-RS)\nCCRIS 3934\nCandelilla wax (wax from stems and branches of euphobia cerifera)\nCandellila wax\nDTXSID90894617\nE 902\nE-902\nEINECS 232-347-0\nEUPHORBIA ANTISYPHILITICA LEAF WAX\nEUPHORBIA CERIFERA (CANDELILLA) WAX\nEUPHORBIA CERIFERA LEAF WAX\nEUPHORBIA OCCULTA LEAF WAX\nEuphorbia cerifera wax\nINS NO.902\nINS-902\nNODA WAX NC 1630\nTIRUCALLIA ANTISYPHILITICA LEAF WAX\nUNII-WL0328HX19\nWL0328...\n\nInChIKey:\n  - Not specified\n\nChemical Forms:\n  - Not specified\n\nChemical Properties:\n  - 1 Synonyms\nCandelilla wax\n8006-44-8\nRefChem:13274\n232-347-0\nFEMA No.\n  - 3479\nCANDELILLA\nCANDELILLA CERA\nCANDELILLA WAX (E902)\nCANDELILLA WAX (II)\nCANDELILLA WAX (MART.)\nCANDELILLA WAX (USP-RS)\nCCRIS 3934\nCandelilla wax (wax from stems and branches of euphobia cerifera)\nCandellila wax\nDTXSID90894617\nE 902\nE-902\nEINECS 232-347-0\nEUPHORBIA ANTISYPHILITICA LEAF WAX\nEUPHORBIA CERIFERA (CANDELILLA) WAX\nEUPHORBIA CERIFERA LEAF WAX\nEUPHORBIA OCCULTA LEAF WAX\nEuphorbia cerifera wax\nINS NO.902\nINS-902\nNODA WAX NC 1630\nTIRUCALLIA ANTISYPHILITICA LEAF WAX\nUNII-WL0328HX19\nWL0328...\n  - 1):1-102, 2005\nCosmetic Ingredient Review (CIR)\nCosmetic ingredients (\nEuphorbia Cerifera (Candelilla) Wax\n) -> CIR (Cosmetic Ingredient Review)\nCosmetic Ingredient Review (CIR)\n3.2.2 Food Additives\nFLAVORING AGENT OR ADJUVANT, LUBRICANT OR RELEASE AGENT, MASTICATORY SUBSTANCE, PROCESSING AID, SURFACE-FINISHING AGENT -> FDA Substance added to food\nFDA Substances Added to Food\n3.2.3 Food Contact Substances\nFCS -> FDA Inventory of Food Contact Substances Listed in 21 CFR\nFDA Packaging & Food Conta...\n  - 1):1-102, 2005\nCosmetic Ingredient Review (CIR)\n8.2 EFSA OpenFoodTox\n8.2.1 EFSA Outputs\nEFSA OpenFoodTox\n8.2.2 EFSA Hazard Characterization: Reference Points\nEFSA OpenFoodTox\n8.2.3 EFSA Hazard Characterization: Reference Values\nEFSA OpenFoodTox\n8.2.4 EFSA Genotoxicity\nEFSA OpenFoodTox\n9 Biological Test Results\n9.1 BioAssay Results\nPubChem\n10 Information Sources\nFilter by Source\nALL SOURCES\nTOXNET (ChemIDplus)\nAustralian Industrial Chemicals Introduction Scheme (AICIS)\nCAS Common Chemistry\nChemID...\n  - https://www.whatsinproducts.com/contents/view/1/6\nCandelilla wax\nhttps://www.whatsinproducts.com/chemicals/view/1/1107/008006-44-8\nCosmetic Ingredient Review (CIR)\nLICENSE\nhttps://cir-safety.org/terms-use\nCandelilla Cera\nhttps://cir-reports.cir-safety.org/cir-ingredient-status-report/?id=d3345eff-e87a-ec11-8d21-000d3a991547\nCandelilla Wax\nhttps://cir-reports.cir-safety.org/cir-ingredient-status-report/?id=ebf993bf-9da2-4cec-a8de-2e7571b4ac41\nEuphorbia Cerifera (Candelilla) Wax\nhttps://cir-report...\n\nBiological Interactions:\n  - 1):1-102, 2005\nCosmetic Ingredient Review (CIR)\n8.2 EFSA OpenFoodTox\n8.2.1 EFSA Outputs\nEFSA OpenFoodTox\n8.2.2 EFSA Hazard Characterization: Reference Points\nEFSA OpenFoodTox\n8.2.3 EFSA Hazard Characterization: Reference Values\nEFSA OpenFoodTox\n8.2.4 EFSA Genotoxicity\nEFSA OpenFoodTox\n9 Biological Test Results\n9.1 BioAssay Results\nPubChem\n10 Information Sources\nFilter by Source\nALL SOURCES\nTOXNET (ChemIDplus)\nAustralian Industrial Chemicals Introduction Scheme (AICIS)\nCAS Common Chemistry\nChemID...\n\nToxicity & Safety:\n  - Primary Hazards\nPrimary Hazards\nLaboratory Chemical Safety Summary (LCSS) Datasheet\nSee also:\nEuphorbia antisyphilitica whole\n(subclass of).\n  - 3479\nCANDELILLA\nCANDELILLA CERA\nCANDELILLA WAX (E902)\nCANDELILLA WAX (II)\nCANDELILLA WAX (MART.)\nCANDELILLA WAX (USP-RS)\nCCRIS 3934\nCandelilla wax (wax from stems and branches of euphobia cerifera)\nCandellila wax\nDTXSID90894617\nE 902\nE-902\nEINECS 232-347-0\nEUPHORBIA ANTISYPHILITICA LEAF WAX\nEUPHORBIA CERIFERA (CANDELILLA) WAX\nEUPHORBIA CERIFERA LEAF WAX\nEUPHORBIA OCCULTA LEAF WAX\nEuphorbia cerifera wax\nINS NO.902\nINS-902\nNODA WAX NC 1630\nTIRUCALLIA ANTISYPHILITICA LEAF WAX\nUNII-WL0328HX19\nWL0328...\n  - 1):1-102, 2005\nCosmetic Ingredient Review (CIR)\nCosmetic ingredients (\nCandelilla Wax\n) -> CIR (Cosmetic Ingredient Review)\nJournal of the American College of Toxicology 3(3):1-41, 1984\nInternational Journal of Toxicology 24(Suppl.\n  - 1):1-102, 2005\nCosmetic Ingredient Review (CIR)\nCosmetic ingredients (\nEuphorbia Cerifera (Candelilla) Wax\n) -> CIR (Cosmetic Ingredient Review)\nCosmetic Ingredient Review (CIR)\n3.2.2 Food Additives\nFLAVORING AGENT OR ADJUVANT, LUBRICANT OR RELEASE AGENT, MASTICATORY SUBSTANCE, PROCESSING AID, SURFACE-FINISHING AGENT -> FDA Substance added to food\nFDA Substances Added to Food\n3.2.3 Food Contact Substances\nFCS -> FDA Inventory of Food Contact Substances Listed in 21 CFR\nFDA Packaging & Food Conta...\n  - Report\nTRS 934-JECFA 65/15\nTox Monograph\nFAS 56-JECFA 65\nJoint FAO/WHO Expert Committee on Food Additives (JECFA)\n6 Use and Manufacturing\n6.1 Uses\nCosmetic Ingredient Review Link\nCIR ingredient: Candelilla Cera\nJournal of the American College of Toxicology 3(3):1-41, 1984\nInternational Journal of Toxicology 24(Suppl.\n\n",
  "metadata": {
    "ingredient": "Candelilla Wax",
    "CAS": "8006-44-8",
    "InChIKey": "Not specified",
    "source": "https://pubchem.ncbi.nlm.nih.gov/compound/Candelilla-wax",
    "timestamp": "2025-12-17T13:22:57.978592+00:00",
    "type": "ingredient_information",
    "category": "cosmetics",
    "language": "fr"
  },
  "content_length": 5185,
  "timestamp": 1765992207.110042
}