{
  "document_name": "vitamine_b5.txt",
  "content": "Inf: ---\ningredient: Vitamine B5\nsource: https://pubchem.ncbi.nlm.nih.gov/compound/168443793\ntimestamp: 2025-12-17 14:55:34 UTC\ntype: ingredient_information\n---\n\ncompound Summary\nVitamin B5-13C3,15N hemica\nCAS:\n  - Not specified\n\nInChIKey:\n  - ---\ningredient: Vitamine B5\nsource: https://pubchem.ncbi.nlm.nih.gov/compound/168443793\ntimestamp: 2025-12-17 14:55:34 UTC\ntype: ingredient_information\n---\n\ncompound Summary\nVitamin B5-13C3,15N hemicalcium hemihydrate\nPubChem CID\n168443793\nStructure\nMolecular Formula\nC\n18\nH\n34\nCaN\n2\nO\n11\nSynonyms\nVitamin B5-13C3,15N hemicalcium hemihydrate\n2483830-09-5\nDA-78902\ncalcium;3-[[(2R)-2,4-dihydroxy-3,3-dimethylbutanoyl](15N)amino](1,2,3-13C3)propanoate;hydrate\nMolecular Weight\n502.49 g/mol\nComputed by...\n\nChemical Forms:\n  - Not specified\n\nChemical Properties:\n  - ---\ningredient: Vitamine B5\nsource: https://pubchem.ncbi.nlm.nih.gov/compound/168443793\ntimestamp: 2025-12-17 14:55:34 UTC\ntype: ingredient_information\n---\n\ncompound Summary\nVitamin B5-13C3,15N hemicalcium hemihydrate\nPubChem CID\n168443793\nStructure\nMolecular Formula\nC\n18\nH\n34\nCaN\n2\nO\n11\nSynonyms\nVitamin B5-13C3,15N hemicalcium hemihydrate\n2483830-09-5\nDA-78902\ncalcium;3-[[(2R)-2,4-dihydroxy-3,3-dimethylbutanoyl](15N)amino](1,2,3-13C3)propanoate;hydrate\nMolecular Weight\n502.49 g/mol\nComputed by...\n  - PubChem\n4.2 Parent Compound\nCID 71310749 ((R)-3-(2,4-Dihydroxy-3,3-dimethylbutanamido-15N)propanoic-1,2,3-13C3 acid)\nPubChem\n4.3 Component Compounds\nCID 71310749 ((R)-3-(2,4-Dihydroxy-3,3-dimethylbutanamido-15N)propanoic-1,2,3-13C3 acid)\nCID 5460341 (Calcium)\nCID 962 (Water)\nPubChem\n4.4 Related Compounds\nSame Connectivity Count\n5\nSame Stereo Count\n2\nSame Parent, Connectivity Count\n258\nSame Parent, Stereo Count\n136\nSame Parent, Isotope Count\n11\nSame Parent, Exact Count\n10\nMixtures, Components, an...\n\nBiological Interactions:\n  - Not specified\n\nToxicity & Safety:\n  - Not specified\n\n",
  "metadata": {
    "ingredient": "Vitamine B5",
    "CAS": "2483830-09-5",
    "InChIKey": "Not specified",
    "source": "https://pubchem.ncbi.nlm.nih.gov/compound/168443793",
    "timestamp": "2025-12-17T14:55:35.043107+00:00",
    "type": "ingredient_information",
    "category": "cosmetics",
    "language": "fr"
  },
  "content_length": 1902,
  "timestamp": 1765992207.133042
}