{
  "document_name": "cocoa.txt",
  "content": "Inf: ---\ningredient: Cocoa\nsource: https://pubchem.ncbi.nlm.nih.gov/compound/Cocoa\ntimestamp: 2025-12-17 13:56:13 UTC\ntype: ingredient_information\n---\n\nCompound Summary\nCocoa\nPubChem Reference Collection S\nCAS:\n  - Not specified\n\nInChIKey:\n  - Not specified\n\nChemical Forms:\n  - Not specified\n\nChemical Properties:\n  - 1 Synonyms\nCocoa\nRefChem:32977\nPubChem\n2 Related Records\n2.1 Substances\n2.1.1 PubChem Reference Collection SID\n482036985\nPubChem\n2.2 Other Relationships\nCaffeine\n(has part)\nTheobromine\n(has part)\nEpicatechin\n(has part)\nPhenethylamine\n(part of)\nIsoquercetin\n(has part)\nHyperoside\n(has part)\nKaempferol-3-O-Rutinoside\n(has part)\nN-Caffeoyltyramine\n(has part)\nCyanidin 3-galactoside\n(has part)\ncis-Clovamide\n(has part)\nN-p-Coumaroyltyrosine\n(has part)\nN-Coumaroyl-3-hydroxytyrosine\n(has part)\nN-Coumaroy...\n\nBiological Interactions:\n  - Not specified\n\nToxicity & Safety:\n  - Not specified\n\n",
  "metadata": {
    "ingredient": "Cocoa",
    "CAS": "Not specified",
    "InChIKey": "Not specified",
    "source": "https://pubchem.ncbi.nlm.nih.gov/compound/Cocoa",
    "timestamp": "2025-12-17T13:56:13.542863+00:00",
    "type": "ingredient_information",
    "category": "cosmetics",
    "language": "fr"
  },
  "content_length": 906,
  "timestamp": 1765992207.113042
}