{
  "document_name": "red_30_lake.txt",
  "content": "Inf: ---\ningredient: Red 30 lake\nsource: https://pubchem.ncbi.nlm.nih.gov/compound/Red-30-Lake\ntimestamp: 2025-12-17 14:09:01 UTC\ntype: ingredient_information\n---\n\nCompound Summary\nRed 30 Lake\nPubChem Refe\nCAS:\n  - 1 Synonyms\nRed 30 Lake\n1342-90-1\nDTXSID001018664\nRefChem:879028\nPubChem\n2 Names and Identifiers\n2.1 Other Identifiers\n2.1.1 CAS\n1342-90-1\nEPA DSSTox; FDA Global Substance Registration System (GSRS)\n2.1.2 UNII\nGE75M6YV5W\nFDA Global Substance Registration System (GSRS)\n2.1.3 DSSTox Substance ID\nDTXSID001018664\nEPA DSSTox\n3 Related Records\n3.1 Substances\n3.1.1 PubChem Reference Collection SID\n505874953\nPubChem\n4 Use and Manufacturing\n4.1 Uses\n4.1.1 Household Products\nHousehold & Commercial/Institut...\n\nInChIKey:\n  - Not specified\n\nChemical Forms:\n  - Not specified\n\nChemical Properties:\n  - 1 Synonyms\nRed 30 Lake\n1342-90-1\nDTXSID001018664\nRefChem:879028\nPubChem\n2 Names and Identifiers\n2.1 Other Identifiers\n2.1.1 CAS\n1342-90-1\nEPA DSSTox; FDA Global Substance Registration System (GSRS)\n2.1.2 UNII\nGE75M6YV5W\nFDA Global Substance Registration System (GSRS)\n2.1.3 DSSTox Substance ID\nDTXSID001018664\nEPA DSSTox\n3 Related Records\n3.1 Substances\n3.1.1 PubChem Reference Collection SID\n505874953\nPubChem\n4 Use and Manufacturing\n4.1 Uses\n4.1.1 Household Products\nHousehold & Commercial/Institut...\n  - 30 ALUMINUM LAKE\nhttps://gsrs.ncats.nih.gov/ginas/app/beta/substances/GE75M6YV5W\nCite\nDownload\nCONTENTS\nTitle and Summary\n1 Synonyms\n2 Names and Identifiers\nExpand this menu\n3 Related Records\nExpand this menu\n4 Use and Manufacturing\nExpand this menu\n5 Information Sources\n\nBiological Interactions:\n  - Not specified\n\nToxicity & Safety:\n  - 1 Synonyms\nRed 30 Lake\n1342-90-1\nDTXSID001018664\nRefChem:879028\nPubChem\n2 Names and Identifiers\n2.1 Other Identifiers\n2.1.1 CAS\n1342-90-1\nEPA DSSTox; FDA Global Substance Registration System (GSRS)\n2.1.2 UNII\nGE75M6YV5W\nFDA Global Substance Registration System (GSRS)\n2.1.3 DSSTox Substance ID\nDTXSID001018664\nEPA DSSTox\n3 Related Records\n3.1 Substances\n3.1.1 PubChem Reference Collection SID\n505874953\nPubChem\n4 Use and Manufacturing\n4.1 Uses\n4.1.1 Household Products\nHousehold & Commercial/Institut...\n  - https://www.whatsinproducts.com/contents/view/1/6\nRed 30 Lake\nhttps://www.whatsinproducts.com/chemicals/view/1/4825/001342-90-1\nEPA DSSTox\nLICENSE\nhttps://www.epa.gov/privacy/privacy-act-laws-policies-and-resources\nRed 30 Lake\nhttps://comptox.epa.gov/dashboard/DTXSID001018664\nFDA Global Substance Registration System (GSRS)\nLICENSE\nUnless otherwise noted, the contents of the FDA website (www.fda.gov), both text and graphics, are not copyrighted.\n\n",
  "metadata": {
    "ingredient": "Red 30 lake",
    "CAS": "1342-90-1",
    "InChIKey": "Not specified",
    "source": "https://pubchem.ncbi.nlm.nih.gov/compound/Red-30-Lake",
    "timestamp": "2025-12-17T14:09:01.737903+00:00",
    "type": "ingredient_information",
    "category": "cosmetics",
    "language": "fr"
  },
  "content_length": 2615,
  "timestamp": 1765992207.1280422
}