{
  "document_name": "spf_25.txt",
  "content": "Inf: ---\ningredient: SPF 25\nsource: https://pubchem.ncbi.nlm.nih.gov/compound/135893487\ntimestamp: 2025-12-17 13:41:10 UTC\ntype: ingredient_information\n---\n\ncompound Summary\nRft & amk & spf\nPubChem CID\n135\nCAS:\n  - Not specified\n\nInChIKey:\n  - ---\ningredient: SPF 25\nsource: https://pubchem.ncbi.nlm.nih.gov/compound/135893487\ntimestamp: 2025-12-17 13:41:10 UTC\ntype: ingredient_information\n---\n\ncompound Summary\nRft & amk & spf\nPubChem CID\n135893487\nStructure\nMolecular Formula\nC\n87\nH\n127\nF\n2\nN\n13\nO\n27\nSynonyms\nRFT & AMK & SPF\nRifabutin & Amikacin & Sparfloxacin\nMolecular Weight\n1825.0 g/mol\nComputed by PubChem 2.2 (PubChem release 2025.09.15)\nComponent Compounds\nCID 60464 (Sparfloxacin)\nCID 37768 (Amikacin)\nCID 135415564 (Rifabutin)\nDate...\n\nChemical Forms:\n  - Not specified\n\nChemical Properties:\n  - ---\ningredient: SPF 25\nsource: https://pubchem.ncbi.nlm.nih.gov/compound/135893487\ntimestamp: 2025-12-17 13:41:10 UTC\ntype: ingredient_information\n---\n\ncompound Summary\nRft & amk & spf\nPubChem CID\n135893487\nStructure\nMolecular Formula\nC\n87\nH\n127\nF\n2\nN\n13\nO\n27\nSynonyms\nRFT & AMK & SPF\nRifabutin & Amikacin & Sparfloxacin\nMolecular Weight\n1825.0 g/mol\nComputed by PubChem 2.2 (PubChem release 2025.09.15)\nComponent Compounds\nCID 60464 (Sparfloxacin)\nCID 37768 (Amikacin)\nCID 135415564 (Rifabutin)\nDate...\n  - PubChem\n4.2 Component Compounds\nCID 60464 (Sparfloxacin)\nCID 37768 (Amikacin)\nCID 135415564 (Rifabutin)\nPubChem\n4.3 Related Compounds\nSame Connectivity Count\n2\nMixtures, Components, and Neutralized Forms Count\n3\nSimilar Compounds (2D)\nView in PubChem Search\nSimilar Conformers (3D)\nView in PubChem Search\nPubChem\n4.4 Substances\n4.4.1 Related Substances\nSame Count\n2\nPubChem\n4.4.2 Substances by Category\nPubChem\n4.5 Entrez Crosslinks\nPubMed Count\n1\nPubChem\n5 Literature\n5.1 Consolidated References\nPub...\n\nBiological Interactions:\n  - PubChem\n4.2 Component Compounds\nCID 60464 (Sparfloxacin)\nCID 37768 (Amikacin)\nCID 135415564 (Rifabutin)\nPubChem\n4.3 Related Compounds\nSame Connectivity Count\n2\nMixtures, Components, and Neutralized Forms Count\n3\nSimilar Compounds (2D)\nView in PubChem Search\nSimilar Conformers (3D)\nView in PubChem Search\nPubChem\n4.4 Substances\n4.4.1 Related Substances\nSame Count\n2\nPubChem\n4.4.2 Substances by Category\nPubChem\n4.5 Entrez Crosslinks\nPubMed Count\n1\nPubChem\n5 Literature\n5.1 Consolidated References\nPub...\n\nToxicity & Safety:\n  - Not specified\n\n",
  "metadata": {
    "ingredient": "SPF 25",
    "CAS": "Not specified",
    "InChIKey": "Not specified",
    "source": "https://pubchem.ncbi.nlm.nih.gov/compound/135893487",
    "timestamp": "2025-12-17T13:41:10.277646+00:00",
    "type": "ingredient_information",
    "category": "cosmetics",
    "language": "fr"
  },
  "content_length": 2394,
  "timestamp": 1765992207.130042
}