{
  "document_name": "peg-10_dimethicone.txt",
  "content": "Inf: ---\ningredient: PEG-10 Dimethicone\nsource: https://pubchem.ncbi.nlm.nih.gov/compound/PEG-10-Dimethicone\ntimestamp: 2025-12-17 14:49:51 UTC\ntype: ingredient_information\n---\n\nCompound Summary\nPEG-10 Dim\nCAS:\n  - Not specified\n\nInChIKey:\n  - Not specified\n\nChemical Forms:\n  - Not specified\n\nChemical Properties:\n  - 1 Synonyms\nPEG-10 Dimethicone\nRefChem:858841\nPubChem\n2 Chemical and Physical Properties\n2.1 Chemical Classes\n2.1.1 Cosmetics\nCosmetic ingredients (\nPEG-10 Dimethicone\n) -> CIR (Cosmetic Ingredient Review)\nJournal of the American College of Toxicology 1(4):35-54, 1982\nInternational Journal of Toxicology 24(Suppl.\n  - 1):1-102, 2005\nFinal Report 12/2014 Available from CIR\nCosmetic Ingredient Review (CIR)\n6 Information Sources\nFilter by Source\nALL SOURCES\nCosmetic Ingredient Review (CIR)\nPubChem\nPubChem\nhttps://pubchem.ncbi.nlm.nih.gov\nCosmetic Ingredient Review (CIR)\nLICENSE\nhttps://cir-safety.org/terms-use\nPEG-10 Dimethicone\nhttps://cir-reports.cir-safety.org/cir-ingredient-status-report/?id=30345eff-e87a-ec11-8d21-000d3a991547\nCite\nDownload\nCONTENTS\nTitle and Summary\n1 Synonyms\n2 Chemical and Physical Prope...\n\nBiological Interactions:\n  - Not specified\n\nToxicity & Safety:\n  - 1 Synonyms\nPEG-10 Dimethicone\nRefChem:858841\nPubChem\n2 Chemical and Physical Properties\n2.1 Chemical Classes\n2.1.1 Cosmetics\nCosmetic ingredients (\nPEG-10 Dimethicone\n) -> CIR (Cosmetic Ingredient Review)\nJournal of the American College of Toxicology 1(4):35-54, 1982\nInternational Journal of Toxicology 24(Suppl.\n  - 1):1-102, 2005\nFinal Report 12/2014 Available from CIR\nCosmetic Ingredient Review (CIR)\n3 Related Records\n3.1 Substances\n3.1.1 PubChem Reference Collection SID\n505854766\nPubChem\n4 Use and Manufacturing\n4.1 Uses\nCosmetic Ingredient Review Link\nCIR ingredient: PEG-10 Dimethicone\nJournal of the American College of Toxicology 1(4):35-54, 1982\nInternational Journal of Toxicology 24(Suppl.\n  - 1):1-102, 2005\nFinal Report 12/2014 Available from CIR\nCosmetic Ingredient Review (CIR)\n5 Toxicity\n5.1 Toxicological Information\n5.1.1 Toxicity Summary\nCosmetic Ingredient Review Finding(s)\nSafe in the present practices of use and concentration.\n  - Ingredient, concentration, and use information are available in documents discoverable at\nhttps://cir-reports.cir-safety.org\nJournal of the American College of Toxicology 1(4):35-54, 1982\nInternational Journal of Toxicology 24(Suppl.\n  - 1):1-102, 2005\nFinal Report 12/2014 Available from CIR\nCosmetic Ingredient Review (CIR)\n6 Information Sources\nFilter by Source\nALL SOURCES\nCosmetic Ingredient Review (CIR)\nPubChem\nPubChem\nhttps://pubchem.ncbi.nlm.nih.gov\nCosmetic Ingredient Review (CIR)\nLICENSE\nhttps://cir-safety.org/terms-use\nPEG-10 Dimethicone\nhttps://cir-reports.cir-safety.org/cir-ingredient-status-report/?id=30345eff-e87a-ec11-8d21-000d3a991547\nCite\nDownload\nCONTENTS\nTitle and Summary\n1 Synonyms\n2 Chemical and Physical Prope...\n\n",
  "metadata": {
    "ingredient": "PEG-10 Dimethicone",
    "CAS": "Not specified",
    "InChIKey": "Not specified",
    "source": "https://pubchem.ncbi.nlm.nih.gov/compound/PEG-10-Dimethicone",
    "timestamp": "2025-12-17T14:49:51.683957+00:00",
    "type": "ingredient_information",
    "category": "cosmetics",
    "language": "fr"
  },
  "content_length": 2911,
  "timestamp": 1765992207.1250422
}