{
  "document_name": "octocrylene.txt",
  "content": "Inf: ---\ningredient: Octocrylene\nsource: https://pubchem.ncbi.nlm.nih.gov/compound/22571\ntimestamp: 2025-12-17 14:22:56 UTC\ntype: ingredient_information\n---\n\ncompound Summary\nOctocrylene\nPubChem CID\n22571\n\nCAS:\n  - 1 Structures\n1.1 2D Structure\nStructure Search\nGet Image\nDownload Coordinates\nChemical Structure Depiction\nFull screen\nZoom in\nZoom out\nPubChem\n1.2 3D Conformer\nPubChem\n2 Names and Identifiers\n2.1 Computed Descriptors\n2.1.1 IUPAC Name\n2-ethylhexyl 2-cyano-3,3-diphenylprop-2-enoate\nComputed by Lexichem TK 2.9.3 (PubChem release 2025.09.15)\nPubChem\n2.1.2 InChI\nInChI=1S/C24H27NO2/c1-3-5-12-19(4-2)18-27-24(26)22(17-25)23(20-13-8-6-9-14-20)21-15-10-7-11-16-21/h6-11,13-16,19H,3-5,12,18H2,1-2H3\nCompute...\n\nInChIKey:\n  - 1 Structures\n1.1 2D Structure\nStructure Search\nGet Image\nDownload Coordinates\nChemical Structure Depiction\nFull screen\nZoom in\nZoom out\nPubChem\n1.2 3D Conformer\nPubChem\n2 Names and Identifiers\n2.1 Computed Descriptors\n2.1.1 IUPAC Name\n2-ethylhexyl 2-cyano-3,3-diphenylprop-2-enoate\nComputed by Lexichem TK 2.9.3 (PubChem release 2025.09.15)\nPubChem\n2.1.2 InChI\nInChI=1S/C24H27NO2/c1-3-5-12-19(4-2)18-27-24(26)22(17-25)23(20-13-8-6-9-14-20)21-15-10-7-11-16-21/h6-11,13-16,19H,3-5,12,18H2,1-2H3\nCompute...\n\nChemical Forms:\n  - 217\nIntended Use\nFor use as a UV stabilizer in the manufacture of unplasticized polyvinyl chloride (PVC) and of polyethylene terephthalate (PET) polymers and copolymers complying with 21 CFR 177.1315, or 21 CFR 177.1630.\n  - Limitations/Specifications\nFor use at levels not to exceed 0.3 percent by weight of the PVC and at levels not to exceed 0.5 percent by weight of the PET polymers and copolymers in contact with food types I through IX, as discussed in Table 1, except beverages containing more than 15 percent\nethanol\n, under Conditions of Use E through G, as described in Table 2.\n  - CAMEO Chemicals\n11.6.2 Reactive Group\nNitriles\nAcrylates and Acrylic Acids\nPolymerizable Compounds\nCAMEO Chemicals\n11.6.3 Reactivity Alerts\nPolymerizable\nCAMEO Chemicals\n11.6.4 Reactivity Profile\n2-ETHYLHEXYL-2-CYANO-3,3-DIPHENYLACRYLATE is an acrylate ester derivative.\n\nChemical Properties:\n  - ---\ningredient: Octocrylene\nsource: https://pubchem.ncbi.nlm.nih.gov/compound/22571\ntimestamp: 2025-12-17 14:22:56 UTC\ntype: ingredient_information\n---\n\ncompound Summary\nOctocrylene\nPubChem CID\n22571\nStructure\nPrimary Hazards\nLaboratory Chemical Safety Summary (LCSS) Datasheet\nMolecular Formula\nC\n24\nH\n27\nNO\n2\nSynonyms\nOctocrylene\n6197-30-4\n2-Ethylhexyl 2-cyano-3,3-diphenylacrylate\nOctocrilene\n2-Propenoic acid, 2-cyano-3,3-diphenyl-, 2-ethylhexyl ester\nView More...\n  - However, the use of this chemical doesn’t just stop with sunscreen for face and arms, but can extend to a variety of other products, like hair spray, tannin oil, BB cream, conditioner, and CC cream, among others.\n  - See also\n:\nAvobenzone; ecamsule; octocrylene\n(component of).\n  - 1 Structures\n1.1 2D Structure\nStructure Search\nGet Image\nDownload Coordinates\nChemical Structure Depiction\nFull screen\nZoom in\nZoom out\nPubChem\n1.2 3D Conformer\nPubChem\n2 Names and Identifiers\n2.1 Computed Descriptors\n2.1.1 IUPAC Name\n2-ethylhexyl 2-cyano-3,3-diphenylprop-2-enoate\nComputed by Lexichem TK 2.9.3 (PubChem release 2025.09.15)\nPubChem\n2.1.2 InChI\nInChI=1S/C24H27NO2/c1-3-5-12-19(4-2)18-27-24(26)22(17-25)23(20-13-8-6-9-14-20)21-15-10-7-11-16-21/h6-11,13-16,19H,3-5,12,18H2,1-2H3\nCompute...\n  - CAMEO Chemicals\nLiquid\nEPA Chemical Data Reporting (CDR)\n3.2.2 Solubility\nInsoluble (NTP, 1992)\nNational Toxicology Program, Institute of Environmental Health Sciences, National Institutes of Health (NTP).\n\nBiological Interactions:\n  - CAMEO Chemicals\n11.7 Regulatory Information\nThe Australian Inventory of Industrial Chemicals\nChemical:\n2-Propenoic acid\n, 2-cyano-3,3-diphenyl-, 2-ethylhexyl ester\nAustralian Industrial Chemicals Introduction Scheme (AICIS)\nREACH Registered Substance\nStatus: Active Update: 09-03-2023\nhttps://echa.europa.eu/registration-dossier/-/registered-dossier/14858\nEuropean Chemicals Agency (ECHA)\nNew Zealand EPA Inventory of Chemical Status\nOctocrylene: Does not have an individual approval but may be used...\n\nToxicity & Safety:\n  - ---\ningredient: Octocrylene\nsource: https://pubchem.ncbi.nlm.nih.gov/compound/22571\ntimestamp: 2025-12-17 14:22:56 UTC\ntype: ingredient_information\n---\n\ncompound Summary\nOctocrylene\nPubChem CID\n22571\nStructure\nPrimary Hazards\nLaboratory Chemical Safety Summary (LCSS) Datasheet\nMolecular Formula\nC\n24\nH\n27\nNO\n2\nSynonyms\nOctocrylene\n6197-30-4\n2-Ethylhexyl 2-cyano-3,3-diphenylacrylate\nOctocrilene\n2-Propenoic acid, 2-cyano-3,3-diphenyl-, 2-ethylhexyl ester\nView More...\n  - (NTP, 1992)\nNational Toxicology Program, Institute of Environmental Health Sciences, National Institutes of Health (NTP).\n  - National Toxicology Program Chemical Repository Database.\n  - 1 Structures\n1.1 2D Structure\nStructure Search\nGet Image\nDownload Coordinates\nChemical Structure Depiction\nFull screen\nZoom in\nZoom out\nPubChem\n1.2 3D Conformer\nPubChem\n2 Names and Identifiers\n2.1 Computed Descriptors\n2.1.1 IUPAC Name\n2-ethylhexyl 2-cyano-3,3-diphenylprop-2-enoate\nComputed by Lexichem TK 2.9.3 (PubChem release 2025.09.15)\nPubChem\n2.1.2 InChI\nInChI=1S/C24H27NO2/c1-3-5-12-19(4-2)18-27-24(26)22(17-25)23(20-13-8-6-9-14-20)21-15-10-7-11-16-21/h6-11,13-16,19H,3-5,12,18H2,1-2H3\nCompute...\n  - (NTP, 1992)\nNational Toxicology Program, Institute of Environmental Health Sciences, National Institutes of Health (NTP).\n\n",
  "metadata": {
    "ingredient": "Octocrylene",
    "CAS": "20-13-8",
    "InChIKey": "Not specified",
    "source": "https://pubchem.ncbi.nlm.nih.gov/compound/22571",
    "timestamp": "2025-12-17T14:22:56.861250+00:00",
    "type": "ingredient_information",
    "category": "cosmetics",
    "language": "fr"
  },
  "content_length": 5467,
  "timestamp": 1765992207.124042
}