{
  "document_name": "polyvinylpyrrolidone.txt",
  "content": "Inf: ---\ningredient: Polyvinylpyrrolidone\nsource: https://pubchem.ncbi.nlm.nih.gov/compound/154932\ntimestamp: 2025-12-17 14:18:09 UTC\ntype: ingredient_information\n---\n\ncompound Summary\nGossypol-polyvinylpy\nCAS:\n  - Molecular Weight\n629.7 g/mol\nComputed by PubChem 2.2 (PubChem release 2025.09.15)\nParent Compound\nCID 3503 (Gossypol)\nComponent Compounds\nCID 6917 (N-vinyl-2-pyrrolidone)\nCID 3503 (Gossypol)\nDates\nCreate:\n2005-08-08\nModify:\n2025-12-13\n1 Structures\n1.1 2D Structure\nStructure Search\nGet Image\nDownload Coordinates\nChemical Structure Depiction\nFull screen\nZoom in\nZoom out\nPubChem\n1.2 3D Conformer\n3D Conformer of Parent\nPubChem\n2 Names and Identifiers\n2.1 Computed Descriptors\n2.1.1 IUPAC Name\n1-ethen...\n\nInChIKey:\n  - Molecular Weight\n629.7 g/mol\nComputed by PubChem 2.2 (PubChem release 2025.09.15)\nParent Compound\nCID 3503 (Gossypol)\nComponent Compounds\nCID 6917 (N-vinyl-2-pyrrolidone)\nCID 3503 (Gossypol)\nDates\nCreate:\n2005-08-08\nModify:\n2025-12-13\n1 Structures\n1.1 2D Structure\nStructure Search\nGet Image\nDownload Coordinates\nChemical Structure Depiction\nFull screen\nZoom in\nZoom out\nPubChem\n1.2 3D Conformer\n3D Conformer of Parent\nPubChem\n2 Names and Identifiers\n2.1 Computed Descriptors\n2.1.1 IUPAC Name\n1-ethen...\n\nChemical Forms:\n  - Not specified\n\nChemical Properties:\n  - ---\ningredient: Polyvinylpyrrolidone\nsource: https://pubchem.ncbi.nlm.nih.gov/compound/154932\ntimestamp: 2025-12-17 14:18:09 UTC\ntype: ingredient_information\n---\n\ncompound Summary\nGossypol-polyvinylpyrrolidone\nPubChem CID\n154932\nStructure\nMolecular Formula\nC\n36\nH\n39\nNO\n9\nSynonyms\nGossypol-pvp\nPvp-gossypol\n77111-05-8\nDTXSID90227906\nRefChem:144200\nView More...\n  - Molecular Weight\n629.7 g/mol\nComputed by PubChem 2.2 (PubChem release 2025.09.15)\nParent Compound\nCID 3503 (Gossypol)\nComponent Compounds\nCID 6917 (N-vinyl-2-pyrrolidone)\nCID 3503 (Gossypol)\nDates\nCreate:\n2005-08-08\nModify:\n2025-12-13\n1 Structures\n1.1 2D Structure\nStructure Search\nGet Image\nDownload Coordinates\nChemical Structure Depiction\nFull screen\nZoom in\nZoom out\nPubChem\n1.2 3D Conformer\n3D Conformer of Parent\nPubChem\n2 Names and Identifiers\n2.1 Computed Descriptors\n2.1.1 IUPAC Name\n1-ethen...\n  - PubChem\n4.2 Parent Compound\nCID 3503 (Gossypol)\nPubChem\n4.3 Component Compounds\nCID 6917 (N-vinyl-2-pyrrolidone)\nCID 3503 (Gossypol)\nPubChem\n4.4 Related Compounds\nSame Parent, Connectivity Count\n83\nSame Parent, Exact Count\n79\nMixtures, Components, and Neutralized Forms Count\n2\nSimilar Compounds (2D)\nView in PubChem Search\nSimilar Conformers (3D)\nView in PubChem Search\nPubChem\n4.5 Substances\n4.5.1 PubChem Reference Collection SID\n500787618\nPubChem\n4.5.2 Related Substances\nSame Count\n14\nPubChem\n4....\n\nBiological Interactions:\n  - Not specified\n\nToxicity & Safety:\n  - Molecular Weight\n629.7 g/mol\nComputed by PubChem 2.2 (PubChem release 2025.09.15)\nParent Compound\nCID 3503 (Gossypol)\nComponent Compounds\nCID 6917 (N-vinyl-2-pyrrolidone)\nCID 3503 (Gossypol)\nDates\nCreate:\n2005-08-08\nModify:\n2025-12-13\n1 Structures\n1.1 2D Structure\nStructure Search\nGet Image\nDownload Coordinates\nChemical Structure Depiction\nFull screen\nZoom in\nZoom out\nPubChem\n1.2 3D Conformer\n3D Conformer of Parent\nPubChem\n2 Names and Identifiers\n2.1 Computed Descriptors\n2.1.1 IUPAC Name\n1-ethen...\n  - PubChem\n4.2 Parent Compound\nCID 3503 (Gossypol)\nPubChem\n4.3 Component Compounds\nCID 6917 (N-vinyl-2-pyrrolidone)\nCID 3503 (Gossypol)\nPubChem\n4.4 Related Compounds\nSame Parent, Connectivity Count\n83\nSame Parent, Exact Count\n79\nMixtures, Components, and Neutralized Forms Count\n2\nSimilar Compounds (2D)\nView in PubChem Search\nSimilar Conformers (3D)\nView in PubChem Search\nPubChem\n4.5 Substances\n4.5.1 PubChem Reference Collection SID\n500787618\nPubChem\n4.5.2 Related Substances\nSame Count\n14\nPubChem\n4....\n\n",
  "metadata": {
    "ingredient": "Polyvinylpyrrolidone",
    "CAS": "77111-05-8",
    "InChIKey": "Not specified",
    "source": "https://pubchem.ncbi.nlm.nih.gov/compound/154932",
    "timestamp": "2025-12-17T14:18:09.400373+00:00",
    "type": "ingredient_information",
    "category": "cosmetics",
    "language": "fr"
  },
  "content_length": 3757,
  "timestamp": 1765992207.127042
}