{
  "document_name": "monomère.txt",
  "content": "Inf: ---\ningredient: Monomère\nsource: https://pubchem.ncbi.nlm.nih.gov/compound/168351817\ntimestamp: 2025-12-17 12:58:38 UTC\ntype: ingredient_information\n---\n\ncompound Summary\nAQM Monomeric Analog 8\nPubChe\nCAS:\n  - Not specified\n\nInChIKey:\n  - DOI:\n10.1039/d0cc00916d\nCrystal Structure Depiction\nHermann-Mauguin space group symbol\nP 1 21/n 1\nHall space group symbol\n-P 2yn\nSpace group number\n14\na\n5.4963 Å\nb\n10.4093 Å\nc\n17.0568 Å\nα\n90 °\nβ\n98.615 °\nγ\n90 °\nZ\n2\nZ'\n0.5\nResidual factor\n0.0331\nCrystallography Open Database (COD)\n2 Names and Identifiers\n2.1 Computed Descriptors\n2.1.1 IUPAC Name\n2,5-dithiophen-2-yl-3,6-bis(thiophen-2-ylmethyl)pyrazine\nComputed by Lexichem TK 2.7.0 (PubChem release 2021.10.14)\nPubChem\n2.1.2 InChI\nInChI=1S/C22H16N2...\n\nChemical Forms:\n  - ---\ningredient: Monomère\nsource: https://pubchem.ncbi.nlm.nih.gov/compound/168351817\ntimestamp: 2025-12-17 12:58:38 UTC\ntype: ingredient_information\n---\n\ncompound Summary\nAQM Monomeric Analog 8\nPubChem CID\n168351817\nStructure\nMolecular Formula\nC\n22\nH\n16\nN\n2\nS\n4\nSynonyms\nAQM Analog 8\nAQM Monomeric Analog 8\nMolecular Weight\n436.6 g/mol\nComputed by PubChem 2.2 (PubChem release 2021.10.14)\nDates\nCreate:\n2023-06-28\nModify:\n2025-12-13\n1 Structures\n1.1 2D Structure\nStructure Search\nGet Image\nDownload C...\n  - DOI:\n10.1039/d0cc00916d\nCrystal Structure Depiction\nHermann-Mauguin space group symbol\nP 1 21/n 1\nHall space group symbol\n-P 2yn\nSpace group number\n14\na\n5.4963 Å\nb\n10.4093 Å\nc\n17.0568 Å\nα\n90 °\nβ\n98.615 °\nγ\n90 °\nZ\n2\nZ'\n0.5\nResidual factor\n0.0331\nCrystallography Open Database (COD)\n2 Names and Identifiers\n2.1 Computed Descriptors\n2.1.1 IUPAC Name\n2,5-dithiophen-2-yl-3,6-bis(thiophen-2-ylmethyl)pyrazine\nComputed by Lexichem TK 2.7.0 (PubChem release 2021.10.14)\nPubChem\n2.1.2 InChI\nInChI=1S/C22H16N2...\n\nChemical Properties:\n  - ---\ningredient: Monomère\nsource: https://pubchem.ncbi.nlm.nih.gov/compound/168351817\ntimestamp: 2025-12-17 12:58:38 UTC\ntype: ingredient_information\n---\n\ncompound Summary\nAQM Monomeric Analog 8\nPubChem CID\n168351817\nStructure\nMolecular Formula\nC\n22\nH\n16\nN\n2\nS\n4\nSynonyms\nAQM Analog 8\nAQM Monomeric Analog 8\nMolecular Weight\n436.6 g/mol\nComputed by PubChem 2.2 (PubChem release 2021.10.14)\nDates\nCreate:\n2023-06-28\nModify:\n2025-12-13\n1 Structures\n1.1 2D Structure\nStructure Search\nGet Image\nDownload C...\n  - DOI:\n10.1039/d0cc00916d\nCrystal Structure Depiction\nHermann-Mauguin space group symbol\nP 1 21/n 1\nHall space group symbol\n-P 2yn\nSpace group number\n14\na\n5.4963 Å\nb\n10.4093 Å\nc\n17.0568 Å\nα\n90 °\nβ\n98.615 °\nγ\n90 °\nZ\n2\nZ'\n0.5\nResidual factor\n0.0331\nCrystallography Open Database (COD)\n2 Names and Identifiers\n2.1 Computed Descriptors\n2.1.1 IUPAC Name\n2,5-dithiophen-2-yl-3,6-bis(thiophen-2-ylmethyl)pyrazine\nComputed by Lexichem TK 2.7.0 (PubChem release 2021.10.14)\nPubChem\n2.1.2 InChI\nInChI=1S/C22H16N2...\n  - PubChem\n4.2 Related Compounds\nSimilar Compounds (2D)\nView in PubChem Search\nSimilar Conformers (3D)\nView in PubChem Search\nPubChem\n4.3 Substances\n4.3.1 Related Substances\nSame Count\n1\nPubChem\n4.3.2 Substances by Category\nPubChem\n5 Literature\n5.1 Consolidated References\nPubChem\n5.2 Chemical Co-Occurrences in Literature\nPubChem\n6 Information Sources\nFilter by Source\nALL SOURCES\nCrystallography Open Database (COD)\nPubChem\nCrystallography Open Database (COD)\nLICENSE\nAll data in the COD and the datab...\n  - https://creativecommons.org/publicdomain/zero/1.0/\nhttps://www.crystallography.net/cod/7126182.html\nPubChem\nhttps://pubchem.ncbi.nlm.nih.gov\nCite\nDownload\nCONTENTS\nTitle and Summary\n1 Structures\nExpand this menu\n2 Names and Identifiers\nExpand this menu\n3 Chemical and Physical Properties\nExpand this menu\n4 Related Records\nExpand this menu\n5 Literature\nExpand this menu\n6 Information Sources\n\nBiological Interactions:\n  - Not specified\n\nToxicity & Safety:\n  - Not specified\n\n",
  "metadata": {
    "ingredient": "Monomère",
    "CAS": "Not specified",
    "InChIKey": "Not specified",
    "source": "https://pubchem.ncbi.nlm.nih.gov/compound/168351817",
    "timestamp": "2025-12-17T12:58:38.625331+00:00",
    "type": "ingredient_information",
    "category": "cosmetics",
    "language": "fr"
  },
  "content_length": 3806,
  "timestamp": 1765992207.123042
}