{
  "document_name": "golden.txt",
  "content": "Inf: ---\ningredient: Golden\nsource: https://pubchem.ncbi.nlm.nih.gov/compound/40979\ntimestamp: 2025-12-17 13:29:45 UTC\ntype: ingredient_information\n---\n\ncompound Summary\nAstrazon Golden Yellow GL\nPubChem C\nCAS:\n  - 1 Structures\n1.1 2D Structure\nStructure Search\nGet Image\nDownload Coordinates\nChemical Structure Depiction\nFull screen\nZoom in\nZoom out\nPubChem\n1.2 3D Conformer\n3D Conformer of Parent\nPubChem\n2 Names and Identifiers\n2.1 Computed Descriptors\n2.1.1 IUPAC Name\n4-methoxy-\nN\n-methyl-\nN\n-[(1,3,3-trimethylindol-1-ium-2-yl)methylideneamino]aniline;methyl sulfate\nComputed by Lexichem TK 2.9.3 (PubChem release 2025.09.15)\nPubChem\n2.1.2 InChI\nInChI=1S/C20H24N3O.CH4O4S/c1-20(2)17-8-6-7-9-18(17)22(3)19(20)14...\n\nInChIKey:\n  - 1 Structures\n1.1 2D Structure\nStructure Search\nGet Image\nDownload Coordinates\nChemical Structure Depiction\nFull screen\nZoom in\nZoom out\nPubChem\n1.2 3D Conformer\n3D Conformer of Parent\nPubChem\n2 Names and Identifiers\n2.1 Computed Descriptors\n2.1.1 IUPAC Name\n4-methoxy-\nN\n-methyl-\nN\n-[(1,3,3-trimethylindol-1-ium-2-yl)methylideneamino]aniline;methyl sulfate\nComputed by Lexichem TK 2.9.3 (PubChem release 2025.09.15)\nPubChem\n2.1.2 InChI\nInChI=1S/C20H24N3O.CH4O4S/c1-20(2)17-8-6-7-9-18(17)22(3)19(20)14...\n\nChemical Forms:\n  - Not specified\n\nChemical Properties:\n  - ---\ningredient: Golden\nsource: https://pubchem.ncbi.nlm.nih.gov/compound/40979\ntimestamp: 2025-12-17 13:29:45 UTC\ntype: ingredient_information\n---\n\ncompound Summary\nAstrazon Golden Yellow GL\nPubChem CID\n40979\nStructure\nMolecular Formula\nC\n21\nH\n27\nN\n3\nO\n5\nS\nSynonyms\nAstrazon Golden Yellow GL\nVIOCRYL YELLOW AGL\norb2566879\nSCHEMBL4487814\nSCHEMBL29576622\nView More...\n  - 1 Structures\n1.1 2D Structure\nStructure Search\nGet Image\nDownload Coordinates\nChemical Structure Depiction\nFull screen\nZoom in\nZoom out\nPubChem\n1.2 3D Conformer\n3D Conformer of Parent\nPubChem\n2 Names and Identifiers\n2.1 Computed Descriptors\n2.1.1 IUPAC Name\n4-methoxy-\nN\n-methyl-\nN\n-[(1,3,3-trimethylindol-1-ium-2-yl)methylideneamino]aniline;methyl sulfate\nComputed by Lexichem TK 2.9.3 (PubChem release 2025.09.15)\nPubChem\n2.1.2 InChI\nInChI=1S/C20H24N3O.CH4O4S/c1-20(2)17-8-6-7-9-18(17)22(3)19(20)14...\n  - PubChem\n5.2 Parent Compound\nCID 40980 (Ctionic yellow X-GL)\nPubChem\n5.3 Component Compounds\nCID 6412 (Monomethyl sulfate)\nCID 40980 (Ctionic yellow X-GL)\nPubChem\n5.4 Related Compounds\nSame Connectivity Count\n2\nSame Parent, Connectivity Count\n17\nSame Parent, Exact Count\n12\nMixtures, Components, and Neutralized Forms Count\n2\nSimilar Compounds (2D)\nView in PubChem Search\nSimilar Conformers (3D)\nView in PubChem Search\nPubChem\n5.5 Substances\n5.5.1 Related Substances\nSame Count\n16\nPubChem\n5.5.2 Substa...\n\nBiological Interactions:\n  - Not specified\n\nToxicity & Safety:\n  - 1 Structures\n1.1 2D Structure\nStructure Search\nGet Image\nDownload Coordinates\nChemical Structure Depiction\nFull screen\nZoom in\nZoom out\nPubChem\n1.2 3D Conformer\n3D Conformer of Parent\nPubChem\n2 Names and Identifiers\n2.1 Computed Descriptors\n2.1.1 IUPAC Name\n4-methoxy-\nN\n-methyl-\nN\n-[(1,3,3-trimethylindol-1-ium-2-yl)methylideneamino]aniline;methyl sulfate\nComputed by Lexichem TK 2.9.3 (PubChem release 2025.09.15)\nPubChem\n2.1.2 InChI\nInChI=1S/C20H24N3O.CH4O4S/c1-20(2)17-8-6-7-9-18(17)22(3)19(20)14...\n  - PubChem\n5.2 Parent Compound\nCID 40980 (Ctionic yellow X-GL)\nPubChem\n5.3 Component Compounds\nCID 6412 (Monomethyl sulfate)\nCID 40980 (Ctionic yellow X-GL)\nPubChem\n5.4 Related Compounds\nSame Connectivity Count\n2\nSame Parent, Connectivity Count\n17\nSame Parent, Exact Count\n12\nMixtures, Components, and Neutralized Forms Count\n2\nSimilar Compounds (2D)\nView in PubChem Search\nSimilar Conformers (3D)\nView in PubChem Search\nPubChem\n5.5 Substances\n5.5.1 Related Substances\nSame Count\n16\nPubChem\n5.5.2 Substa...\n  - https://creativecommons.org/licenses/by-nc/4.0/\nBasic Yellow 28\nhttps://commonchemistry.cas.org/detail?cas_rn=54060-92-3\nEPA DSSTox\nLICENSE\nhttps://www.epa.gov/privacy/privacy-act-laws-policies-and-resources\nC.I.\n  - Basic Yellow 28\nhttps://comptox.epa.gov/dashboard/DTXSID20879816\nCompTox Chemicals Dashboard Chemical Lists\nhttps://comptox.epa.gov/dashboard/chemical-lists/\nEPA Chemical and Products Database (CPDat)\nLICENSE\nhttps://www.epa.gov/privacy/privacy-act-laws-policies-and-resources\nhttps://comptox.epa.gov/dashboard/DTXSID20879816#exposure\nEPA CPDat Classification\nhttps://www.epa.gov/chemical-research/chemical-and-products-database-cpdat\nFDA Global Substance Registration System (GSRS)\nLICENSE\nUnless ot...\n  - https://www.fda.gov/about-fda/about-website/website-policies#linking\nBasic Yellow 28\nhttps://gsrs.ncats.nih.gov/ginas/app/beta/substances/2HJO358I4S\nSpectraBase\n3H-Indolium, 2-[[(4-methoxyphenyl)methylhydrazono]methyl]-1,3,3-trimethyl-, methyl sulfate\nhttps://spectrabase.com/spectrum/Eu2ns8JdB3d\nWikidata\nLICENSE\nCCZero\nhttps://creativecommons.org/publicdomain/zero/1.0/\nbasic yellow 28\nhttps://www.wikidata.org/wiki/Q27254755\nPubChem\nhttps://pubchem.ncbi.nlm.nih.gov\nNORMAN Suspect List Exchange\nLI...\n\n",
  "metadata": {
    "ingredient": "Golden",
    "CAS": "54060-92-3",
    "InChIKey": "Not specified",
    "source": "https://pubchem.ncbi.nlm.nih.gov/compound/40979",
    "timestamp": "2025-12-17T13:29:45.721292+00:00",
    "type": "ingredient_information",
    "category": "cosmetics",
    "language": "fr"
  },
  "content_length": 4995,
  "timestamp": 1765992207.120042
}