{
  "document_name": "carmine_red_33_lake.txt",
  "content": "Inf: ---\ningredient: Carmine Red 33 Lake\nsource: https://pubchem.ncbi.nlm.nih.gov/compound/135421797\ntimestamp: 2025-12-17 14:49:06 UTC\ntype: ingredient_information\n---\n\ncompound Summary\nAcid Anthracene Re\nCAS:\n  - Molecular Weight\n475.4 g/mol\nComputed by PubChem 2.2 (PubChem release 2025.09.15)\nParent Compound\nCID 15785 (4-((2-Carboxyphenyl)diazenyl)-3-hydroxynaphthalene-2,7-disulfonate)\nComponent Compounds\nCID 15785 (4-((2-Carboxyphenyl)diazenyl)-3-hydroxynaphthalene-2,7-disulfonate)\nCID 5360545 (Sodium)\nDates\nCreate:\n2019-01-15\nModify:\n2025-12-13\n1 Structures\n1.1 2D Structure\nStructure Search\nGet Image\nDownload Coordinates\nChemical Structure Depiction\nFull screen\nZoom in\nZoom out\nPubChem\n1.2 3D Conforme...\n\nInChIKey:\n  - Molecular Weight\n475.4 g/mol\nComputed by PubChem 2.2 (PubChem release 2025.09.15)\nParent Compound\nCID 15785 (4-((2-Carboxyphenyl)diazenyl)-3-hydroxynaphthalene-2,7-disulfonate)\nComponent Compounds\nCID 15785 (4-((2-Carboxyphenyl)diazenyl)-3-hydroxynaphthalene-2,7-disulfonate)\nCID 5360545 (Sodium)\nDates\nCreate:\n2019-01-15\nModify:\n2025-12-13\n1 Structures\n1.1 2D Structure\nStructure Search\nGet Image\nDownload Coordinates\nChemical Structure Depiction\nFull screen\nZoom in\nZoom out\nPubChem\n1.2 3D Conforme...\n\nChemical Forms:\n  - Not specified\n\nChemical Properties:\n  - ---\ningredient: Carmine Red 33 Lake\nsource: https://pubchem.ncbi.nlm.nih.gov/compound/135421797\ntimestamp: 2025-12-17 14:49:06 UTC\ntype: ingredient_information\n---\n\ncompound Summary\nAcid Anthracene Red G\nPubChem CID\n135421797\nStructure\nMolecular Formula\nC\n17\nH\n12\nN\n2\nNaO\n9\nS\n2\n+\nSynonyms\nAcid Chrome Red B\nEniacromo Red B\nHispacrom Red B\nMagracrom Red A\nFenakrom Red R\nView More...\n  - Molecular Weight\n475.4 g/mol\nComputed by PubChem 2.2 (PubChem release 2025.09.15)\nParent Compound\nCID 15785 (4-((2-Carboxyphenyl)diazenyl)-3-hydroxynaphthalene-2,7-disulfonate)\nComponent Compounds\nCID 15785 (4-((2-Carboxyphenyl)diazenyl)-3-hydroxynaphthalene-2,7-disulfonate)\nCID 5360545 (Sodium)\nDates\nCreate:\n2019-01-15\nModify:\n2025-12-13\n1 Structures\n1.1 2D Structure\nStructure Search\nGet Image\nDownload Coordinates\nChemical Structure Depiction\nFull screen\nZoom in\nZoom out\nPubChem\n1.2 3D Conforme...\n  - PubChem\n4.2 Parent Compound\nCID 15785 (4-((2-Carboxyphenyl)diazenyl)-3-hydroxynaphthalene-2,7-disulfonate)\nPubChem\n4.3 Component Compounds\nCID 15785 (4-((2-Carboxyphenyl)diazenyl)-3-hydroxynaphthalene-2,7-disulfonate)\nCID 5360545 (Sodium)\nPubChem\n4.4 Related Compounds\nSame Parent, Exact Count\n30\nMixtures, Components, and Neutralized Forms Count\n2\nSimilar Compounds (2D)\nView in PubChem Search\nSimilar Conformers (3D)\nView in PubChem Search\nPubChem\n4.5 Substances\n4.5.1 Related Substances\nSame Count...\n\nBiological Interactions:\n  - PubChem\n4.2 Parent Compound\nCID 15785 (4-((2-Carboxyphenyl)diazenyl)-3-hydroxynaphthalene-2,7-disulfonate)\nPubChem\n4.3 Component Compounds\nCID 15785 (4-((2-Carboxyphenyl)diazenyl)-3-hydroxynaphthalene-2,7-disulfonate)\nCID 5360545 (Sodium)\nPubChem\n4.4 Related Compounds\nSame Parent, Exact Count\n30\nMixtures, Components, and Neutralized Forms Count\n2\nSimilar Compounds (2D)\nView in PubChem Search\nSimilar Conformers (3D)\nView in PubChem Search\nPubChem\n4.5 Substances\n4.5.1 Related Substances\nSame Count...\n\nToxicity & Safety:\n  - Not specified\n\n",
  "metadata": {
    "ingredient": "Carmine Red 33 Lake",
    "CAS": "Not specified",
    "InChIKey": "Not specified",
    "source": "https://pubchem.ncbi.nlm.nih.gov/compound/135421797",
    "timestamp": "2025-12-17T14:49:06.849573+00:00",
    "type": "ingredient_information",
    "category": "cosmetics",
    "language": "fr"
  },
  "content_length": 3271,
  "timestamp": 1765992207.111042
}