{
  "document_name": "aluminum_calcium_silicate.txt",
  "content": "Inf: ---\ningredient: Aluminum Calcium Silicate\nsource: https://pubchem.ncbi.nlm.nih.gov/compound/21881395\ntimestamp: 2025-12-17 14:13:49 UTC\ntype: ingredient_information\n---\n\ncompound Summary\nAluminum calc\nCAS:\n  - Molecular Weight\n514.54 g/mol\nComputed by PubChem 2.2 (PubChem release 2025.09.15)\nComponent Compounds\nCID 14768 (Metasilicic acid)\nCID 5460341 (Calcium)\nCID 5359268 (Aluminum)\nDates\nCreate:\n2007-12-05\nModify:\n2025-12-13\n1 Structures\n1.1 2D Structure\nStructure Search\nGet Image\nDownload Coordinates\nChemical Structure Depiction\nFull screen\nZoom in\nZoom out\nPubChem\n1.2 3D Status\nConformer generation is disallowed since MMFF94s unsupported element, mixture or salt\nPubChem\n2 Names and Identifiers\n2.1...\n\nInChIKey:\n  - Molecular Weight\n514.54 g/mol\nComputed by PubChem 2.2 (PubChem release 2025.09.15)\nComponent Compounds\nCID 14768 (Metasilicic acid)\nCID 5460341 (Calcium)\nCID 5359268 (Aluminum)\nDates\nCreate:\n2007-12-05\nModify:\n2025-12-13\n1 Structures\n1.1 2D Structure\nStructure Search\nGet Image\nDownload Coordinates\nChemical Structure Depiction\nFull screen\nZoom in\nZoom out\nPubChem\n1.2 3D Status\nConformer generation is disallowed since MMFF94s unsupported element, mixture or salt\nPubChem\n2 Names and Identifiers\n2.1...\n\nChemical Forms:\n  - Not specified\n\nChemical Properties:\n  - ---\ningredient: Aluminum Calcium Silicate\nsource: https://pubchem.ncbi.nlm.nih.gov/compound/21881395\ntimestamp: 2025-12-17 14:13:49 UTC\ntype: ingredient_information\n---\n\ncompound Summary\nAluminum calcium silicate\nPubChem CID\n21881395\nStructure\nMolecular Formula\nAl\n2\nCa\n2\nO\n15\nSi\n5\nSynonyms\nAluminum calcium silicate\nCalcium silicoaluminate\n1327-39-5\nCalcium aluminum silicate\nSilicic acid, aluminum calcium salt\nView More...\n  - Molecular Weight\n514.54 g/mol\nComputed by PubChem 2.2 (PubChem release 2025.09.15)\nComponent Compounds\nCID 14768 (Metasilicic acid)\nCID 5460341 (Calcium)\nCID 5359268 (Aluminum)\nDates\nCreate:\n2007-12-05\nModify:\n2025-12-13\n1 Structures\n1.1 2D Structure\nStructure Search\nGet Image\nDownload Coordinates\nChemical Structure Depiction\nFull screen\nZoom in\nZoom out\nPubChem\n1.2 3D Status\nConformer generation is disallowed since MMFF94s unsupported element, mixture or salt\nPubChem\n2 Names and Identifiers\n2.1...\n  - PubChem\n4.2 Component Compounds\nCID 14768 (Metasilicic acid)\nCID 5460341 (Calcium)\nCID 5359268 (Aluminum)\nPubChem\n4.3 Related Compounds\nMixtures, Components, and Neutralized Forms Count\n3\nSimilar Compounds (2D)\nView in PubChem Search\nSimilar Conformers (3D)\nView in PubChem Search\nPubChem\n4.4 Substances\n4.4.1 Related Substances\nSame Count\n18\nPubChem\n4.4.2 Substances by Category\nPubChem\n5 Chemical Vendors\nPubChem\n6 Literature\n6.1 Consolidated References\nPubChem\n6.2 Chemical Co-Occurrences in Liter...\n\nBiological Interactions:\n  - PubChem\n4.2 Component Compounds\nCID 14768 (Metasilicic acid)\nCID 5460341 (Calcium)\nCID 5359268 (Aluminum)\nPubChem\n4.3 Related Compounds\nMixtures, Components, and Neutralized Forms Count\n3\nSimilar Compounds (2D)\nView in PubChem Search\nSimilar Conformers (3D)\nView in PubChem Search\nPubChem\n4.4 Substances\n4.4.1 Related Substances\nSame Count\n18\nPubChem\n4.4.2 Substances by Category\nPubChem\n5 Chemical Vendors\nPubChem\n6 Literature\n6.1 Consolidated References\nPubChem\n6.2 Chemical Co-Occurrences in Liter...\n\nToxicity & Safety:\n  - PubChem\n4.2 Component Compounds\nCID 14768 (Metasilicic acid)\nCID 5460341 (Calcium)\nCID 5359268 (Aluminum)\nPubChem\n4.3 Related Compounds\nMixtures, Components, and Neutralized Forms Count\n3\nSimilar Compounds (2D)\nView in PubChem Search\nSimilar Conformers (3D)\nView in PubChem Search\nPubChem\n4.4 Substances\n4.4.1 Related Substances\nSame Count\n18\nPubChem\n4.4.2 Substances by Category\nPubChem\n5 Chemical Vendors\nPubChem\n6 Literature\n6.1 Consolidated References\nPubChem\n6.2 Chemical Co-Occurrences in Liter...\n\n",
  "metadata": {
    "ingredient": "Aluminum Calcium Silicate",
    "CAS": "1327-39-5",
    "InChIKey": "Not specified",
    "source": "https://pubchem.ncbi.nlm.nih.gov/compound/21881395",
    "timestamp": "2025-12-17T14:13:49.684079+00:00",
    "type": "ingredient_information",
    "category": "cosmetics",
    "language": "fr"
  },
  "content_length": 3804,
  "timestamp": 1765992207.107042
}