{
  "document_name": "concentré.txt",
  "content": "Inf: ---\ningredient: Concentré\nsource: https://pubchem.ncbi.nlm.nih.gov/compound/16167454\ntimestamp: 2025-12-17 14:40:16 UTC\ntype: ingredient_information\n---\n\ncompound Summary\nMelanin-concentrating hormone\nCAS:\n  - Molecular Weight\n2099.5 g/mol\nComputed by PubChem 2.2 (PubChem release 2025.09.15)\nDates\nCreate:\n2007-07-04\nModify:\n2025-12-13\nDescription\nfound in fish pituitaries and in rat hypothalamus; heptapeptide melanosome hormone\nMedical Subject Headings (MeSH)\n1 Structures\n1.1 2D Structure\nStructure Search\nGet Image\nDownload Coordinates\nChemical Structure Depiction\nFull screen\nZoom in\nZoom out\nPubChem\n1.2 3D Status\nConformer generation is disallowed since too many atoms, too flexible, too many undefine...\n\nInChIKey:\n  - Molecular Weight\n2099.5 g/mol\nComputed by PubChem 2.2 (PubChem release 2025.09.15)\nDates\nCreate:\n2007-07-04\nModify:\n2025-12-13\nDescription\nfound in fish pituitaries and in rat hypothalamus; heptapeptide melanosome hormone\nMedical Subject Headings (MeSH)\n1 Structures\n1.1 2D Structure\nStructure Search\nGet Image\nDownload Coordinates\nChemical Structure Depiction\nFull screen\nZoom in\nZoom out\nPubChem\n1.2 3D Status\nConformer generation is disallowed since too many atoms, too flexible, too many undefine...\n\nChemical Forms:\n  - Not specified\n\nChemical Properties:\n  - ---\ningredient: Concentré\nsource: https://pubchem.ncbi.nlm.nih.gov/compound/16167454\ntimestamp: 2025-12-17 14:40:16 UTC\ntype: ingredient_information\n---\n\ncompound Summary\nMelanin-concentrating hormone\nPubChem CID\n16167454\nStructure\nMolecular Formula\nC\n89\nH\n139\nN\n27\nO\n24\nS\n4\nSynonyms\nRefChem:925442\nMelanosome concentrating hormone\nMelanophore-concentrating hormone\nDTXSID201064299\n67382-96-1\nView More...\n  - Molecular Weight\n2099.5 g/mol\nComputed by PubChem 2.2 (PubChem release 2025.09.15)\nDates\nCreate:\n2007-07-04\nModify:\n2025-12-13\nDescription\nfound in fish pituitaries and in rat hypothalamus; heptapeptide melanosome hormone\nMedical Subject Headings (MeSH)\n1 Structures\n1.1 2D Structure\nStructure Search\nGet Image\nDownload Coordinates\nChemical Structure Depiction\nFull screen\nZoom in\nZoom out\nPubChem\n1.2 3D Status\nConformer generation is disallowed since too many atoms, too flexible, too many undefine...\n  - Its contents are licensed under a Creative Commons Attribution-ShareAlike 4.0 International License (\nhttp://creativecommons.org/licenses/by-sa/4.0/\n)\nhttps://www.guidetopharmacology.org/about.jsp#license\nmelanin-concentrating hormone\nhttps://www.guidetopharmacology.org/GRAC/LigandDisplayForward?ligandId=1298\nGuide to Pharmacology Target Classification\nhttps://www.guidetopharmacology.org/targets.jsp\nTherapeutic Target Database (TTD)\nmelanin-concentrating hormone\nhttps://ttd.idrblab.cn/data/drug/...\n\nBiological Interactions:\n  - PubChem\n5.2 Related Compounds\nSame Connectivity Count\n6\nSame Parent, Connectivity Count\n7\nSimilar Compounds (2D)\nView in PubChem Search\nSimilar Conformers (3D)\nView in PubChem Search\nPubChem\n5.3 Substances\n5.3.1 PubChem Reference Collection SID\n516571350\nPubChem\n5.3.2 Related Substances\nSame Count\n19\nPubChem\n5.3.3 Substances by Category\nPubChem\n5.4 Entrez Crosslinks\nPubMed Count\n4\nTaxonomy Count\n1\nPubChem\n6 Chemical Vendors\nPubChem\n7 Literature\n7.1 Consolidated References\nPubChem\n7.2 NLM Curated...\n\nToxicity & Safety:\n  - Molecular Weight\n2099.5 g/mol\nComputed by PubChem 2.2 (PubChem release 2025.09.15)\nDates\nCreate:\n2007-07-04\nModify:\n2025-12-13\nDescription\nfound in fish pituitaries and in rat hypothalamus; heptapeptide melanosome hormone\nMedical Subject Headings (MeSH)\n1 Structures\n1.1 2D Structure\nStructure Search\nGet Image\nDownload Coordinates\nChemical Structure Depiction\nFull screen\nZoom in\nZoom out\nPubChem\n1.2 3D Status\nConformer generation is disallowed since too many atoms, too flexible, too many undefine...\n  - PubChem\n5.2 Related Compounds\nSame Connectivity Count\n6\nSame Parent, Connectivity Count\n7\nSimilar Compounds (2D)\nView in PubChem Search\nSimilar Conformers (3D)\nView in PubChem Search\nPubChem\n5.3 Substances\n5.3.1 PubChem Reference Collection SID\n516571350\nPubChem\n5.3.2 Related Substances\nSame Count\n19\nPubChem\n5.3.3 Substances by Category\nPubChem\n5.4 Entrez Crosslinks\nPubMed Count\n4\nTaxonomy Count\n1\nPubChem\n6 Chemical Vendors\nPubChem\n7 Literature\n7.1 Consolidated References\nPubChem\n7.2 NLM Curated...\n  - https://creativecommons.org/licenses/by-nc/4.0/\nMelanin-concentrating hormone\nhttps://commonchemistry.cas.org/detail?cas_rn=67382-96-1\nEPA DSSTox\nLICENSE\nhttps://www.epa.gov/privacy/privacy-act-laws-policies-and-resources\nPUBCHEM_16167454\nhttps://comptox.epa.gov/dashboard/DTXSID80583240\nHuman Metabolome Database (HMDB)\nLICENSE\nHMDB is offered to the public as a freely available resource.\n\n",
  "metadata": {
    "ingredient": "Concentré",
    "CAS": "67382-96-1",
    "InChIKey": "Not specified",
    "source": "https://pubchem.ncbi.nlm.nih.gov/compound/16167454",
    "timestamp": "2025-12-17T14:40:16.537823+00:00",
    "type": "ingredient_information",
    "category": "cosmetics",
    "language": "fr"
  },
  "content_length": 4687,
  "timestamp": 1765992207.113042
}