{
  "document_name": "rouge_7.txt",
  "content": "Inf: ---\ningredient: Rouge 7\nsource: https://pubchem.ncbi.nlm.nih.gov/compound/136274487\ntimestamp: 2025-12-17 13:53:54 UTC\ntype: ingredient_information\n---\n\ncompound Summary\nRouge Reactif REN 208 Parent\nP\nCAS:\n  - ---\ningredient: Rouge 7\nsource: https://pubchem.ncbi.nlm.nih.gov/compound/136274487\ntimestamp: 2025-12-17 13:53:54 UTC\ntype: ingredient_information\n---\n\ncompound Summary\nRouge Reactif REN 208 Parent\nPubChem CID\n136274487\nStructure\nMolecular Formula\nC\n44\nH\n36\nClFN\n14\nO\n17\nS\n5\nSynonyms\nRouge Reactif REN 208 Parent\nSCHEMBL13823101\nDTXSID80904310\n191608-72-7\nMolecular Weight\n1247.6 g/mol\nComputed by PubChem 2.2 (PubChem release 2025.04.14)\nDates\nCreate:\n2019-01-23\nModify:\n2025-12-13\n1 Structures\n1.1...\n\nInChIKey:\n  - ---\ningredient: Rouge 7\nsource: https://pubchem.ncbi.nlm.nih.gov/compound/136274487\ntimestamp: 2025-12-17 13:53:54 UTC\ntype: ingredient_information\n---\n\ncompound Summary\nRouge Reactif REN 208 Parent\nPubChem CID\n136274487\nStructure\nMolecular Formula\nC\n44\nH\n36\nClFN\n14\nO\n17\nS\n5\nSynonyms\nRouge Reactif REN 208 Parent\nSCHEMBL13823101\nDTXSID80904310\n191608-72-7\nMolecular Weight\n1247.6 g/mol\nComputed by PubChem 2.2 (PubChem release 2025.04.14)\nDates\nCreate:\n2019-01-23\nModify:\n2025-12-13\n1 Structures\n1.1...\n\nChemical Forms:\n  - Not specified\n\nChemical Properties:\n  - ---\ningredient: Rouge 7\nsource: https://pubchem.ncbi.nlm.nih.gov/compound/136274487\ntimestamp: 2025-12-17 13:53:54 UTC\ntype: ingredient_information\n---\n\ncompound Summary\nRouge Reactif REN 208 Parent\nPubChem CID\n136274487\nStructure\nMolecular Formula\nC\n44\nH\n36\nClFN\n14\nO\n17\nS\n5\nSynonyms\nRouge Reactif REN 208 Parent\nSCHEMBL13823101\nDTXSID80904310\n191608-72-7\nMolecular Weight\n1247.6 g/mol\nComputed by PubChem 2.2 (PubChem release 2025.04.14)\nDates\nCreate:\n2019-01-23\nModify:\n2025-12-13\n1 Structures\n1.1...\n  - PubChem\n4.2 Related Compounds\nSame Parent, Exact Count\n4\nMixtures, Components, and Neutralized Forms Count\n3\nSimilar Compounds (2D)\nView in PubChem Search\nSimilar Conformers (3D)\nView in PubChem Search\nPubChem\n4.3 Substances\n4.3.1 Related Substances\nAll Count\n12\nSame Count\n4\nMixture Count\n8\nPubChem\n4.3.2 Substances by Category\nPubChem\n5 Patents\n5.1 Depositor-Supplied Patent Identifiers\nPubChem\nLink to all deposited patent identifiers\nPubChem\n6 Classification\n6.1 PFAS and Fluorinated Organic Comp...\n\nBiological Interactions:\n  - Not specified\n\nToxicity & Safety:\n  - ---\ningredient: Rouge 7\nsource: https://pubchem.ncbi.nlm.nih.gov/compound/136274487\ntimestamp: 2025-12-17 13:53:54 UTC\ntype: ingredient_information\n---\n\ncompound Summary\nRouge Reactif REN 208 Parent\nPubChem CID\n136274487\nStructure\nMolecular Formula\nC\n44\nH\n36\nClFN\n14\nO\n17\nS\n5\nSynonyms\nRouge Reactif REN 208 Parent\nSCHEMBL13823101\nDTXSID80904310\n191608-72-7\nMolecular Weight\n1247.6 g/mol\nComputed by PubChem 2.2 (PubChem release 2025.04.14)\nDates\nCreate:\n2019-01-23\nModify:\n2025-12-13\n1 Structures\n1.1...\n  - PubChem\n4.2 Related Compounds\nSame Parent, Exact Count\n4\nMixtures, Components, and Neutralized Forms Count\n3\nSimilar Compounds (2D)\nView in PubChem Search\nSimilar Conformers (3D)\nView in PubChem Search\nPubChem\n4.3 Substances\n4.3.1 Related Substances\nAll Count\n12\nSame Count\n4\nMixture Count\n8\nPubChem\n4.3.2 Substances by Category\nPubChem\n5 Patents\n5.1 Depositor-Supplied Patent Identifiers\nPubChem\nLink to all deposited patent identifiers\nPubChem\n6 Classification\n6.1 PFAS and Fluorinated Organic Comp...\n\n",
  "metadata": {
    "ingredient": "Rouge 7",
    "CAS": "191608-72-7",
    "InChIKey": "Not specified",
    "source": "https://pubchem.ncbi.nlm.nih.gov/compound/136274487",
    "timestamp": "2025-12-17T13:53:54.701722+00:00",
    "type": "ingredient_information",
    "category": "cosmetics",
    "language": "fr"
  },
  "content_length": 3392,
  "timestamp": 1765992207.1290421
}