{
  "document_name": "red_33_lake.txt",
  "content": "Inf: ---\ningredient: Red 33 lake\nsource: https://pubchem.ncbi.nlm.nih.gov/compound/135436538\ntimestamp: 2025-12-17 14:08:44 UTC\ntype: ingredient_information\n---\n\ncompound Summary\nXylidine Ponceau\nPubChem C\nCAS:\n  - California Office of Environmental Health Hazard Assessment (OEHHA)\n1 Structures\n1.1 2D Structure\nStructure Search\nGet Image\nDownload Coordinates\nChemical Structure Depiction\nFull screen\nZoom in\nZoom out\nPubChem\n1.2 3D Conformer\n3D Conformer of Parent\nPubChem\n2 Names and Identifiers\n2.1 Computed Descriptors\n2.1.1 IUPAC Name\nsodium 4-[(2,4-dimethylphenyl)diazenyl]-3-hydroxynaphthalene-2,7-disulfonic acid\nComputed by Lexichem TK 2.9.3 (PubChem release 2025.09.15)\nPubChem\n2.1.2 InChI\nInChI=1S/C18H1...\n\nInChIKey:\n  - California Office of Environmental Health Hazard Assessment (OEHHA)\n1 Structures\n1.1 2D Structure\nStructure Search\nGet Image\nDownload Coordinates\nChemical Structure Depiction\nFull screen\nZoom in\nZoom out\nPubChem\n1.2 3D Conformer\n3D Conformer of Parent\nPubChem\n2 Names and Identifiers\n2.1 Computed Descriptors\n2.1.1 IUPAC Name\nsodium 4-[(2,4-dimethylphenyl)diazenyl]-3-hydroxynaphthalene-2,7-disulfonic acid\nComputed by Lexichem TK 2.9.3 (PubChem release 2025.09.15)\nPubChem\n2.1.2 InChI\nInChI=1S/C18H1...\n\nChemical Forms:\n  - Not specified\n\nChemical Properties:\n  - ---\ningredient: Red 33 lake\nsource: https://pubchem.ncbi.nlm.nih.gov/compound/135436538\ntimestamp: 2025-12-17 14:08:44 UTC\ntype: ingredient_information\n---\n\ncompound Summary\nXylidine Ponceau\nPubChem CID\n135436538\nStructure\nMolecular Formula\nC\n18\nH\n16\nN\n2\nNaO\n7\nS\n2\n+\nSynonyms\nLake ponceau\nPonceau fr\nPonceau gr\nPonceau nr\nPonceau rg\nView More...\n  - California Office of Environmental Health Hazard Assessment (OEHHA)\n1 Structures\n1.1 2D Structure\nStructure Search\nGet Image\nDownload Coordinates\nChemical Structure Depiction\nFull screen\nZoom in\nZoom out\nPubChem\n1.2 3D Conformer\n3D Conformer of Parent\nPubChem\n2 Names and Identifiers\n2.1 Computed Descriptors\n2.1.1 IUPAC Name\nsodium 4-[(2,4-dimethylphenyl)diazenyl]-3-hydroxynaphthalene-2,7-disulfonic acid\nComputed by Lexichem TK 2.9.3 (PubChem release 2025.09.15)\nPubChem\n2.1.2 InChI\nInChI=1S/C18H1...\n  - PubChem\n4.2 Parent Compound\nCID 111804 (4-(2-(2,4-Dimethylphenyl)diazenyl)-3-hydroxy-2,7-naphthalenedisulfonic acid)\nPubChem\n4.3 Component Compounds\nCID 111804 (4-(2-(2,4-Dimethylphenyl)diazenyl)-3-hydroxy-2,7-naphthalenedisulfonic acid)\nCID 5360545 (Sodium)\nPubChem\n4.4 Related Compounds\nSame Parent, Exact Count\n17\nMixtures, Components, and Neutralized Forms Count\n2\nSimilar Compounds (2D)\nView in PubChem Search\nSimilar Conformers (3D)\nView in PubChem Search\nPubChem\n4.5 Substances\n4.5.1 Related S...\n  - https://publications.iarc.fr/Terms-Of-Use\nIARC Classification\nhttps://www.iarc.fr/\nCite\nDownload\nCONTENTS\nTitle and Summary\n1 Structures\nExpand this menu\n2 Names and Identifiers\nExpand this menu\n3 Chemical and Physical Properties\nExpand this menu\n4 Related Records\nExpand this menu\n5 Literature\nExpand this menu\n6 Biological Test Results\nExpand this menu\n7 Classification\nExpand this menu\n8 Information Sources\n\nBiological Interactions:\n  - PubChem\n4.2 Parent Compound\nCID 111804 (4-(2-(2,4-Dimethylphenyl)diazenyl)-3-hydroxy-2,7-naphthalenedisulfonic acid)\nPubChem\n4.3 Component Compounds\nCID 111804 (4-(2-(2,4-Dimethylphenyl)diazenyl)-3-hydroxy-2,7-naphthalenedisulfonic acid)\nCID 5360545 (Sodium)\nPubChem\n4.4 Related Compounds\nSame Parent, Exact Count\n17\nMixtures, Components, and Neutralized Forms Count\n2\nSimilar Compounds (2D)\nView in PubChem Search\nSimilar Conformers (3D)\nView in PubChem Search\nPubChem\n4.5 Substances\n4.5.1 Related S...\n\nToxicity & Safety:\n  - California Office of Environmental Health Hazard Assessment (OEHHA)\n1 Structures\n1.1 2D Structure\nStructure Search\nGet Image\nDownload Coordinates\nChemical Structure Depiction\nFull screen\nZoom in\nZoom out\nPubChem\n1.2 3D Conformer\n3D Conformer of Parent\nPubChem\n2 Names and Identifiers\n2.1 Computed Descriptors\n2.1.1 IUPAC Name\nsodium 4-[(2,4-dimethylphenyl)diazenyl]-3-hydroxynaphthalene-2,7-disulfonic acid\nComputed by Lexichem TK 2.9.3 (PubChem release 2025.09.15)\nPubChem\n2.1.2 InChI\nInChI=1S/C18H1...\n  - PubChem\n4.2 Parent Compound\nCID 111804 (4-(2-(2,4-Dimethylphenyl)diazenyl)-3-hydroxy-2,7-naphthalenedisulfonic acid)\nPubChem\n4.3 Component Compounds\nCID 111804 (4-(2-(2,4-Dimethylphenyl)diazenyl)-3-hydroxy-2,7-naphthalenedisulfonic acid)\nCID 5360545 (Sodium)\nPubChem\n4.4 Related Compounds\nSame Parent, Exact Count\n17\nMixtures, Components, and Neutralized Forms Count\n2\nSimilar Compounds (2D)\nView in PubChem Search\nSimilar Conformers (3D)\nView in PubChem Search\nPubChem\n4.5 Substances\n4.5.1 Related S...\n\n",
  "metadata": {
    "ingredient": "Red 33 lake",
    "CAS": "Not specified",
    "InChIKey": "Not specified",
    "source": "https://pubchem.ncbi.nlm.nih.gov/compound/135436538",
    "timestamp": "2025-12-17T14:08:44.623062+00:00",
    "type": "ingredient_information",
    "category": "cosmetics",
    "language": "fr"
  },
  "content_length": 4647,
  "timestamp": 1765992207.1280422
}