{
  "document_name": "dihydroxy_methylchromone.txt",
  "content": "Inf: ---\ningredient: Dihydroxy Methylchromone\nsource: https://pubchem.ncbi.nlm.nih.gov/compound/22978769\ntimestamp: 2025-12-17 14:22:03 UTC\ntype: ingredient_information\n---\n\ncompound Summary\n5,7-Dihydroxy-\nCAS:\n  - Not specified\n\nInChIKey:\n  - LOTUS - the natural products occurrence database\n1 Structures\n1.1 2D Structure\nStructure Search\nGet Image\nDownload Coordinates\nChemical Structure Depiction\nFull screen\nZoom in\nZoom out\nPubChem\n1.2 3D Conformer\nPubChem\n2 Names and Identifiers\n2.1 Computed Descriptors\n2.1.1 IUPAC Name\n5,7-dihydroxy-3-methylchromen-4-one\nComputed by LexiChem 2.6.6 (PubChem release 2019.06.18)\nPubChem\n2.1.2 InChI\nInChI=1S/C10H8O4/c1-5-4-14-8-3-6(11)2-7(12)9(8)10(5)13/h2-4,11-12H,1H3\nComputed by InChI 1.0.5 (PubChem...\n\nChemical Forms:\n  - Not specified\n\nChemical Properties:\n  - ---\ningredient: Dihydroxy Methylchromone\nsource: https://pubchem.ncbi.nlm.nih.gov/compound/22978769\ntimestamp: 2025-12-17 14:22:03 UTC\ntype: ingredient_information\n---\n\ncompound Summary\n5,7-Dihydroxy-3-methylchromone\nPubChem CID\n22978769\nStructure\nMolecular Formula\nC\n10\nH\n8\nO\n4\nSynonyms\n5,7-Dihydroxy-3-methylchromone\nSCHEMBL27013707\nMolecular Weight\n192.17 g/mol\nComputed by PubChem 2.1 (PubChem release 2021.05.07)\nDates\nCreate:\n2007-12-05\nModify:\n2025-12-13\nDescription\n5,7-Dihydroxy-3-methylchro...\n  - LOTUS - the natural products occurrence database\n1 Structures\n1.1 2D Structure\nStructure Search\nGet Image\nDownload Coordinates\nChemical Structure Depiction\nFull screen\nZoom in\nZoom out\nPubChem\n1.2 3D Conformer\nPubChem\n2 Names and Identifiers\n2.1 Computed Descriptors\n2.1.1 IUPAC Name\n5,7-dihydroxy-3-methylchromen-4-one\nComputed by LexiChem 2.6.6 (PubChem release 2019.06.18)\nPubChem\n2.1.2 InChI\nInChI=1S/C10H8O4/c1-5-4-14-8-3-6(11)2-7(12)9(8)10(5)13/h2-4,11-12H,1H3\nComputed by InChI 1.0.5 (PubChem...\n  - PubChem\n5.2 Related Compounds\nMixtures, Components, and Neutralized Forms Count\n1\nSimilar Compounds (2D)\nView in PubChem Search\nSimilar Conformers (3D)\nView in PubChem Search\nPubChem\n5.3 Substances\n5.3.1 Related Substances\nAll Count\n15\nSame Count\n14\nMixture Count\n1\nPubChem\n5.3.2 Substances by Category\nPubChem\n6 Chemical Vendors\nPubChem\n7 Literature\n7.1 Consolidated References\nPubChem\n7.2 Springer Nature References\nSpringer Nature\n7.3 Chemical Co-Occurrences in Literature\nPubChem\n7.4 Chemical-Dis...\n\nBiological Interactions:\n  - Not specified\n\nToxicity & Safety:\n  - Not specified\n\n",
  "metadata": {
    "ingredient": "Dihydroxy Methylchromone",
    "CAS": "4-14-8",
    "InChIKey": "Not specified",
    "source": "https://pubchem.ncbi.nlm.nih.gov/compound/22978769",
    "timestamp": "2025-12-17T14:22:03.873573+00:00",
    "type": "ingredient_information",
    "category": "cosmetics",
    "language": "fr"
  },
  "content_length": 2410,
  "timestamp": 1765992207.1150422
}