{
  "document_name": "silice.txt",
  "content": "Inf: ---\ningredient: Silice\nsource: https://pubchem.ncbi.nlm.nih.gov/compound/104812\ntimestamp: 2025-12-17 14:41:45 UTC\ntype: ingredient_information\n---\n\ncompound Summary\nSilicate\nPubChem CID\n104812\nStruct\nCAS:\n  - ChEBI\n1 Structures\n1.1 2D Structure\nStructure Search\nGet Image\nDownload Coordinates\nChemical Structure Depiction\nFull screen\nZoom in\nZoom out\nPubChem\n1.2 3D Conformer\nPubChem\n1.3 Crystal Structures\nCOD records with this CID as component\n1010111\n1100022\n1516456\n1518159\n1526024\n1529968\n1530897\n1532523\n1535393\n1535528\n1538264\n1539723\n1540097\n1540145\n1542137\n1542181\n1544900\n1544901\n1546025\n1546026\n1557284\n1561885\n2002543\n2017068\n2018325\n2101200\n2103316\n2106044\n2106454\n2219686\n2229269\n2310560\n2310675...\n\nInChIKey:\n  - ChEBI\n1 Structures\n1.1 2D Structure\nStructure Search\nGet Image\nDownload Coordinates\nChemical Structure Depiction\nFull screen\nZoom in\nZoom out\nPubChem\n1.2 3D Conformer\nPubChem\n1.3 Crystal Structures\nCOD records with this CID as component\n1010111\n1100022\n1516456\n1518159\n1526024\n1529968\n1530897\n1532523\n1535393\n1535528\n1538264\n1539723\n1540097\n1540145\n1542137\n1542181\n1544900\n1544901\n1546025\n1546026\n1557284\n1561885\n2002543\n2017068\n2018325\n2101200\n2103316\n2106044\n2106454\n2219686\n2229269\n2310560\n2310675...\n\nChemical Forms:\n  - Not specified\n\nChemical Properties:\n  - ---\ningredient: Silice\nsource: https://pubchem.ncbi.nlm.nih.gov/compound/104812\ntimestamp: 2025-12-17 14:41:45 UTC\ntype: ingredient_information\n---\n\ncompound Summary\nSilicate\nPubChem CID\n104812\nStructure\nMolecular Formula\nO\n4\nSi\n-4\nSynonyms\n12627-13-3\nRefChem:885429\nDTXSID50925491\nSilicate\northosilicate\nView More...\n  - ChEBI\n1 Structures\n1.1 2D Structure\nStructure Search\nGet Image\nDownload Coordinates\nChemical Structure Depiction\nFull screen\nZoom in\nZoom out\nPubChem\n1.2 3D Conformer\nPubChem\n1.3 Crystal Structures\nCOD records with this CID as component\n1010111\n1100022\n1516456\n1518159\n1526024\n1529968\n1530897\n1532523\n1535393\n1535528\n1538264\n1539723\n1540097\n1540145\n1542137\n1542181\n1544900\n1544901\n1546025\n1546026\n1557284\n1561885\n2002543\n2017068\n2018325\n2101200\n2103316\n2106044\n2106454\n2219686\n2229269\n2310560\n2310675...\n  - PubChem\n4.2 Related Compounds\nMixtures, Components, and Neutralized Forms Count\n1\nSimilar Compounds (2D)\nView in PubChem Search\nSimilar Conformers (3D)\nView in PubChem Search\nPubChem\n4.3 Substances\n4.3.1 PubChem Reference Collection SID\n505881354\nPubChem\n4.3.2 Related Substances\nSame Count\n32\nPubChem\n4.3.3 Substances by Category\nPubChem\n4.4 Entrez Crosslinks\nPubMed Count\n2\nTaxonomy Count\n1\nGene Count\n8\nPubChem\n5 Chemical Vendors\nPubChem\n6 Use and Manufacturing\n6.1 Uses\n6.1.1 Household Products\nH...\n  - https://www.whatsinproducts.com/contents/view/1/6\nSilicate\nhttps://www.whatsinproducts.com/chemicals/view/1/2306/012627-13-3\nHousehold Products Classification\nhttps://hpd.nlm.nih.gov/\nConsumer Products Category Classification\nhttps://www.whatsinproducts.com/\nCrystallography Open Database (COD)\nLICENSE\nAll data in the COD and the database itself are dedicated to the public domain and licensed under the CC0 License.\n  - https://creativecommons.org/publicdomain/zero/1.0/\nJapan Chemical Substance Dictionary (Nikkaji)\nhttp://jglobal.jst.go.jp/en/redirect?Nikkaji_No=J220.820B\nSpringerMaterials\nSiO4 - monosilicate\nhttps://materials.springer.com/substanceprofile/docs/smsid_vsylsuxfatbrgebr\nWikidata\nLICENSE\nCCZero\nhttps://creativecommons.org/publicdomain/zero/1.0/\nsilicate(4-)\nhttps://www.wikidata.org/wiki/Q21206420\nWikipedia\nsilicate ion\nhttps://en.wikipedia.org/wiki/Silicate\nPubChem\nhttps://pubchem.ncbi.nlm.nih.gov...\n\nBiological Interactions:\n  - Not specified\n\nToxicity & Safety:\n  - ChEBI\n1 Structures\n1.1 2D Structure\nStructure Search\nGet Image\nDownload Coordinates\nChemical Structure Depiction\nFull screen\nZoom in\nZoom out\nPubChem\n1.2 3D Conformer\nPubChem\n1.3 Crystal Structures\nCOD records with this CID as component\n1010111\n1100022\n1516456\n1518159\n1526024\n1529968\n1530897\n1532523\n1535393\n1535528\n1538264\n1539723\n1540097\n1540145\n1542137\n1542181\n1544900\n1544901\n1546025\n1546026\n1557284\n1561885\n2002543\n2017068\n2018325\n2101200\n2103316\n2106044\n2106454\n2219686\n2229269\n2310560\n2310675...\n  - PubChem\n4.2 Related Compounds\nMixtures, Components, and Neutralized Forms Count\n1\nSimilar Compounds (2D)\nView in PubChem Search\nSimilar Conformers (3D)\nView in PubChem Search\nPubChem\n4.3 Substances\n4.3.1 PubChem Reference Collection SID\n505881354\nPubChem\n4.3.2 Related Substances\nSame Count\n32\nPubChem\n4.3.3 Substances by Category\nPubChem\n4.4 Entrez Crosslinks\nPubMed Count\n2\nTaxonomy Count\n1\nGene Count\n8\nPubChem\n5 Chemical Vendors\nPubChem\n6 Use and Manufacturing\n6.1 Uses\n6.1.1 Household Products\nH...\n  - https://creativecommons.org/licenses/by-nc/4.0/\nSilicate (SiO44-)\nhttps://commonchemistry.cas.org/detail?cas_rn=17181-37-2\nSilicate\nhttps://commonchemistry.cas.org/detail?cas_rn=12627-13-3\nChemIDplus\nLICENSE\nhttps://www.nlm.nih.gov/copyright.html\nSilicate (SiO4(4-))\nhttps://pubchem.ncbi.nlm.nih.gov/substance/?source=chemidplus&sourceid=0017181372\nChemIDplus Chemical Information Classification\nhttps://pubchem.ncbi.nlm.nih.gov/source/chemidplus\nEFSA OpenFoodTox\nLICENSE\nhttps://www.efsa.europa.eu/e...\n\n",
  "metadata": {
    "ingredient": "Silice",
    "CAS": "12627-13-3",
    "InChIKey": "Not specified",
    "source": "https://pubchem.ncbi.nlm.nih.gov/compound/104812",
    "timestamp": "2025-12-17T14:41:46.125049+00:00",
    "type": "ingredient_information",
    "category": "cosmetics",
    "language": "fr"
  },
  "content_length": 5151,
  "timestamp": 1765992207.1290421
}