{
  "document_name": "glycol_de_lauryle.txt",
  "content": "Inf: ---\ningredient: Glycol de lauryle\nsource: https://pubchem.ncbi.nlm.nih.gov/compound/25745\ntimestamp: 2025-12-17 13:57:54 UTC\ntype: ingredient_information\n---\n\ncompound Summary\nTriethylene glycol laury\nCAS:\n  - Molecular Weight\n398.6 g/mol\nComputed by PubChem 2.2 (PubChem release 2025.04.14)\nDates\nCreate:\n2005-08-08\nModify:\n2025-12-13\n1 Structures\n1.1 2D Structure\nStructure Search\nGet Image\nDownload Coordinates\nChemical Structure Depiction\nFull screen\nZoom in\nZoom out\nPubChem\n1.2 3D Status\nConformer generation is disallowed since too flexible\nPubChem\n2 Names and Identifiers\n2.1 Computed Descriptors\n2.1.1 IUPAC Name\n2-[2-(2-dodecoxyethoxy)ethoxy]ethyl hydrogen sulfate\nComputed by Lexichem TK 2.7.0 (PubC...\n\nInChIKey:\n  - Molecular Weight\n398.6 g/mol\nComputed by PubChem 2.2 (PubChem release 2025.04.14)\nDates\nCreate:\n2005-08-08\nModify:\n2025-12-13\n1 Structures\n1.1 2D Structure\nStructure Search\nGet Image\nDownload Coordinates\nChemical Structure Depiction\nFull screen\nZoom in\nZoom out\nPubChem\n1.2 3D Status\nConformer generation is disallowed since too flexible\nPubChem\n2 Names and Identifiers\n2.1 Computed Descriptors\n2.1.1 IUPAC Name\n2-[2-(2-dodecoxyethoxy)ethoxy]ethyl hydrogen sulfate\nComputed by Lexichem TK 2.7.0 (PubC...\n\nChemical Forms:\n  - Not specified\n\nChemical Properties:\n  - ---\ningredient: Glycol de lauryle\nsource: https://pubchem.ncbi.nlm.nih.gov/compound/25745\ntimestamp: 2025-12-17 13:57:54 UTC\ntype: ingredient_information\n---\n\ncompound Summary\nTriethylene glycol lauryl ether sulfate\nPubChem CID\n25745\nStructure\nMolecular Formula\nC\n18\nH\n38\nO\n7\nS\nSynonyms\nTriethylene glycol lauryl ether sulfate\nDTXSID20926213\n14960-11-3\nTriethylene glycol dodecyl ether sulfate\nEthanol, 2-[2-[2-(dodecyloxy)ethoxy]ethoxy]-, 1-(hydrogen sulfate)\nView More...\n  - Molecular Weight\n398.6 g/mol\nComputed by PubChem 2.2 (PubChem release 2025.04.14)\nDates\nCreate:\n2005-08-08\nModify:\n2025-12-13\n1 Structures\n1.1 2D Structure\nStructure Search\nGet Image\nDownload Coordinates\nChemical Structure Depiction\nFull screen\nZoom in\nZoom out\nPubChem\n1.2 3D Status\nConformer generation is disallowed since too flexible\nPubChem\n2 Names and Identifiers\n2.1 Computed Descriptors\n2.1.1 IUPAC Name\n2-[2-(2-dodecoxyethoxy)ethoxy]ethyl hydrogen sulfate\nComputed by Lexichem TK 2.7.0 (PubC...\n  - PubChem\n5.2 Related Compounds\nSame Connectivity Count\n2\nSame Parent, Connectivity Count\n14\nSame Parent, Exact Count\n12\nMixtures, Components, and Neutralized Forms Count\n11\nSimilar Compounds (2D)\nView in PubChem Search\nSimilar Conformers (3D)\nView in PubChem Search\nPubChem\n5.3 Substances\n5.3.1 PubChem Reference Collection SID\n504684679\nPubChem\n5.3.2 Related Substances\nAll Count\n112\nSame Count\n17\nMixture Count\n95\nPubChem\n5.3.3 Substances by Category\nPubChem\n6 Chemical Vendors\nPubChem\n7 Literature...\n\nBiological Interactions:\n  - Not specified\n\nToxicity & Safety:\n  - Molecular Weight\n398.6 g/mol\nComputed by PubChem 2.2 (PubChem release 2025.04.14)\nDates\nCreate:\n2005-08-08\nModify:\n2025-12-13\n1 Structures\n1.1 2D Structure\nStructure Search\nGet Image\nDownload Coordinates\nChemical Structure Depiction\nFull screen\nZoom in\nZoom out\nPubChem\n1.2 3D Status\nConformer generation is disallowed since too flexible\nPubChem\n2 Names and Identifiers\n2.1 Computed Descriptors\n2.1.1 IUPAC Name\n2-[2-(2-dodecoxyethoxy)ethoxy]ethyl hydrogen sulfate\nComputed by Lexichem TK 2.7.0 (PubC...\n  - PubChem\n5.2 Related Compounds\nSame Connectivity Count\n2\nSame Parent, Connectivity Count\n14\nSame Parent, Exact Count\n12\nMixtures, Components, and Neutralized Forms Count\n11\nSimilar Compounds (2D)\nView in PubChem Search\nSimilar Conformers (3D)\nView in PubChem Search\nPubChem\n5.3 Substances\n5.3.1 PubChem Reference Collection SID\n504684679\nPubChem\n5.3.2 Related Substances\nAll Count\n112\nSame Count\n17\nMixture Count\n95\nPubChem\n5.3.3 Substances by Category\nPubChem\n6 Chemical Vendors\nPubChem\n7 Literature...\n\n",
  "metadata": {
    "ingredient": "Glycol de lauryle",
    "CAS": "14960-11-3",
    "InChIKey": "Not specified",
    "source": "https://pubchem.ncbi.nlm.nih.gov/compound/25745",
    "timestamp": "2025-12-17T13:57:54.388533+00:00",
    "type": "ingredient_information",
    "category": "cosmetics",
    "language": "fr"
  },
  "content_length": 3868,
  "timestamp": 1765992207.1190422
}