{
  "document_name": "vitamin.txt",
  "content": "Inf: ---\ningredient: Vitamin\nsource: https://pubchem.ncbi.nlm.nih.gov/compound/266052\ntimestamp: 2025-12-17 14:26:10 UTC\ntype: ingredient_information\n---\n\ncompound Summary\nVitamin\nPubChem CID\n266052\nStruct\nCAS:\n  - NCI Thesaurus (NCIt)\n1 Structures\n1.1 2D Structure\nStructure Search\nGet Image\nDownload Coordinates\nChemical Structure Depiction\nFull screen\nZoom in\nZoom out\nPubChem\n1.2 3D Status\nConformer generation is disallowed since too many undefined stereo centers\nPubChem\n2 Names and Identifiers\n2.1 Computed Descriptors\n2.1.1 IUPAC Name\n6-[cyano(phenyl)methoxy]-3,4,5-trihydroxyoxane-2-carboxylic acid\nComputed by Lexichem TK 2.9.3 (PubChem release 2025.09.15)\nPubChem\n2.1.2 InChI\nInChI=1S/C14H15NO7/c15-6-8(7...\n\nInChIKey:\n  - NCI Thesaurus (NCIt)\n1 Structures\n1.1 2D Structure\nStructure Search\nGet Image\nDownload Coordinates\nChemical Structure Depiction\nFull screen\nZoom in\nZoom out\nPubChem\n1.2 3D Status\nConformer generation is disallowed since too many undefined stereo centers\nPubChem\n2 Names and Identifiers\n2.1 Computed Descriptors\n2.1.1 IUPAC Name\n6-[cyano(phenyl)methoxy]-3,4,5-trihydroxyoxane-2-carboxylic acid\nComputed by Lexichem TK 2.9.3 (PubChem release 2025.09.15)\nPubChem\n2.1.2 InChI\nInChI=1S/C14H15NO7/c15-6-8(7...\n\nChemical Forms:\n  - Not specified\n\nChemical Properties:\n  - ---\ningredient: Vitamin\nsource: https://pubchem.ncbi.nlm.nih.gov/compound/266052\ntimestamp: 2025-12-17 14:26:10 UTC\ntype: ingredient_information\n---\n\ncompound Summary\nVitamin\nPubChem CID\n266052\nStructure\nMolecular Formula\nC\n14\nH\n15\nNO\n7\nSynonyms\n6-[cyano(phenyl)methoxy]-3,4,5-trihydroxyoxane-2-carboxylic acid\nVitamin\ncyano(phenyl)methyl hexopyranosiduronic acid\nNSC103055; Mandelonitrile beta-glucuronide\nDTXSID30927998\nView More...\n  - NCI Thesaurus (NCIt)\n1 Structures\n1.1 2D Structure\nStructure Search\nGet Image\nDownload Coordinates\nChemical Structure Depiction\nFull screen\nZoom in\nZoom out\nPubChem\n1.2 3D Status\nConformer generation is disallowed since too many undefined stereo centers\nPubChem\n2 Names and Identifiers\n2.1 Computed Descriptors\n2.1.1 IUPAC Name\n6-[cyano(phenyl)methoxy]-3,4,5-trihydroxyoxane-2-carboxylic acid\nComputed by Lexichem TK 2.9.3 (PubChem release 2025.09.15)\nPubChem\n2.1.2 InChI\nInChI=1S/C14H15NO7/c15-6-8(7...\n  - Some ClinicalTrials.gov data may be subject to the copyright of third parties; you should consult these entities for any additional terms of use.\n  - https://clinicaltrials.gov/ct2/about-site/terms-conditions#Use\nhttps://clinicaltrials.gov/\nDailyMed\nLICENSE\nhttps://www.nlm.nih.gov/copyright.html\nVITAMIN\nhttps://dailymed.nlm.nih.gov/dailymed/search.cfm?labeltype=all&query=VITAMIN\nDTP/NCI\nLICENSE\nUnless otherwise indicated, all text within NCI products is free of copyright and may be reused without our permission.\n\nBiological Interactions:\n  - PubChem\n4.2 Related Compounds\nSame Connectivity Count\n9\nSame Parent, Connectivity Count\n9\nSimilar Compounds (2D)\nView in PubChem Search\nSimilar Conformers (3D)\nView in PubChem Search\nPubChem\n4.3 Substances\n4.3.1 Related Substances\nSame Count\n20\nPubChem\n4.3.2 Substances by Category\nPubChem\n5 Chemical Vendors\nPubChem\n6 Drug and Medication Information\n6.1 FDA National Drug Code Directory\nNational Drug Code (NDC) Directory\n6.2 Drug Labels\nDrug and label\nDailyMed\n6.3 Clinical Trials\n6.3.1 ClinicalTri...\n\nToxicity & Safety:\n  - NCI Thesaurus (NCIt)\n1 Structures\n1.1 2D Structure\nStructure Search\nGet Image\nDownload Coordinates\nChemical Structure Depiction\nFull screen\nZoom in\nZoom out\nPubChem\n1.2 3D Status\nConformer generation is disallowed since too many undefined stereo centers\nPubChem\n2 Names and Identifiers\n2.1 Computed Descriptors\n2.1.1 IUPAC Name\n6-[cyano(phenyl)methoxy]-3,4,5-trihydroxyoxane-2-carboxylic acid\nComputed by Lexichem TK 2.9.3 (PubChem release 2025.09.15)\nPubChem\n2.1.2 InChI\nInChI=1S/C14H15NO7/c15-6-8(7...\n  - PubChem\n4.2 Related Compounds\nSame Connectivity Count\n9\nSame Parent, Connectivity Count\n9\nSimilar Compounds (2D)\nView in PubChem Search\nSimilar Conformers (3D)\nView in PubChem Search\nPubChem\n4.3 Substances\n4.3.1 Related Substances\nSame Count\n20\nPubChem\n4.3.2 Substances by Category\nPubChem\n5 Chemical Vendors\nPubChem\n6 Drug and Medication Information\n6.1 FDA National Drug Code Directory\nNational Drug Code (NDC) Directory\n6.2 Drug Labels\nDrug and label\nDailyMed\n6.3 Clinical Trials\n6.3.1 ClinicalTri...\n  - https://www.cancer.gov/policies/copyright-reuse\nLaetrile\nhttps://dtp.cancer.gov/dtpstandard/servlet/dwindex?searchtype=NSC&outputformat=html&searchlist=103055\nEPA DSSTox\nLICENSE\nhttps://www.epa.gov/privacy/privacy-act-laws-policies-and-resources\nCyano(phenyl)methyl hexopyranosiduronic acid\nhttps://comptox.epa.gov/dashboard/DTXSID30927998\nNational Drug Code (NDC) Directory\nLICENSE\nUnless otherwise noted, the contents of the FDA website (www.fda.gov), both text and graphics, are not copyrighted.\n\n",
  "metadata": {
    "ingredient": "Vitamin",
    "CAS": "Not specified",
    "InChIKey": "Not specified",
    "source": "https://pubchem.ncbi.nlm.nih.gov/compound/266052",
    "timestamp": "2025-12-17T14:26:10.390517+00:00",
    "type": "ingredient_information",
    "category": "cosmetics",
    "language": "fr"
  },
  "content_length": 4838,
  "timestamp": 1765992207.133042
}