{
  "document_name": "tocophéryles_acides.txt",
  "content": "Inf: ---\ningredient: Tocophéryles acides\nsource: https://pubchem.ncbi.nlm.nih.gov/compound/425400\ntimestamp: 2025-12-17 14:54:32 UTC\ntype: ingredient_information\n---\n\ncompound Summary\nd-alpha-Tocopheryl ac\nCAS:\n  - CAMEO Chemicals\n1 Structures\n1.1 2D Structure\nStructure Search\nGet Image\nDownload Coordinates\nChemical Structure Depiction\nFull screen\nZoom in\nZoom out\nPubChem\n1.2 3D Status\nConformer generation is disallowed since too flexible\nPubChem\n2 Names and Identifiers\n2.1 Computed Descriptors\n2.1.1 IUPAC Name\n4-oxo-4-[[2,5,7,8-tetramethyl-2-(4,8,12-trimethyltridecyl)-3,4-dihydrochromen-6-yl]oxy]butanoic acid\nComputed by Lexichem TK 2.9.3 (PubChem release 2025.09.15)\nPubChem\n2.1.2 InChI\nInChI=1S/C33H54O5/...\n\nInChIKey:\n  - CAMEO Chemicals\n1 Structures\n1.1 2D Structure\nStructure Search\nGet Image\nDownload Coordinates\nChemical Structure Depiction\nFull screen\nZoom in\nZoom out\nPubChem\n1.2 3D Status\nConformer generation is disallowed since too flexible\nPubChem\n2 Names and Identifiers\n2.1 Computed Descriptors\n2.1.1 IUPAC Name\n4-oxo-4-[[2,5,7,8-tetramethyl-2-(4,8,12-trimethyltridecyl)-3,4-dihydrochromen-6-yl]oxy]butanoic acid\nComputed by Lexichem TK 2.9.3 (PubChem release 2025.09.15)\nPubChem\n2.1.2 InChI\nInChI=1S/C33H54O5/...\n\nChemical Forms:\n  - Not specified\n\nChemical Properties:\n  - ---\ningredient: Tocophéryles acides\nsource: https://pubchem.ncbi.nlm.nih.gov/compound/425400\ntimestamp: 2025-12-17 14:54:32 UTC\ntype: ingredient_information\n---\n\ncompound Summary\nd-alpha-Tocopheryl acid succinate\nPubChem CID\n425400\nStructure\nMolecular Formula\nC\n33\nH\n54\nO\n5\nSynonyms\nVitamin E acid succinate\nd-alpha-Tocopheryl acid succinate\nalpha-TOCOPHEROL ACID SUCCINATE\n(+)-MONO(2,5,7,8-TETRAMETHYL-2-(4,8,12-TRIMETHYLTRIDECYL)-6-CHROMANYL) ESTER SUCCINIC ACID\n(+)-MONO[2,5,7,8-TETRAMETHYL-2-(4,8...\n  - CAMEO Chemicals\n1 Structures\n1.1 2D Structure\nStructure Search\nGet Image\nDownload Coordinates\nChemical Structure Depiction\nFull screen\nZoom in\nZoom out\nPubChem\n1.2 3D Status\nConformer generation is disallowed since too flexible\nPubChem\n2 Names and Identifiers\n2.1 Computed Descriptors\n2.1.1 IUPAC Name\n4-oxo-4-[[2,5,7,8-tetramethyl-2-(4,8,12-trimethyltridecyl)-3,4-dihydrochromen-6-yl]oxy]butanoic acid\nComputed by Lexichem TK 2.9.3 (PubChem release 2025.09.15)\nPubChem\n2.1.2 InChI\nInChI=1S/C33H54O5/...\n  - 2.3.2 European Community (EC) Number\n241-433-7\nEuropean Chemicals Agency (ECHA)\n2.3.3 ChEMBL ID\nCHEMBL3561966\nChEMBL\n2.3.4 DSSTox Substance ID\nDTXSID90859862\nEPA DSSTox\n2.3.5 HMDB ID\nHMDB0033685\nHuman Metabolome Database (HMDB)\n2.3.6 Nikkaji Number\nJ24.825H\nJapan Chemical Substance Dictionary (Nikkaji)\n2.3.7 NSC Number\n173849\nDTP/NCI\n2.3.8 Wikidata\nQ126609694\nWikidata\n2.4 Synonyms\n2.4.1 Depositor-Supplied Synonyms\nVitamin E acid succinate\nd-alpha-Tocopheryl acid succinate\nalpha-TOCOPHEROL ACID S...\n  - CAMEO Chemicals\nSolid\nHuman Metabolome Database (HMDB)\n3.2.2 Melting Point\n169 to 171 °F (NTP, 1992)\nNational Toxicology Program, Institute of Environmental Health Sciences, National Institutes of Health (NTP).\n  - CAMEO Chemicals\n76 - 77 °C\nHuman Metabolome Database (HMDB)\n3.2.3 Solubility\nless than 0.1 mg/mL at 64 °F (NTP, 1992)\nNational Toxicology Program, Institute of Environmental Health Sciences, National Institutes of Health (NTP).\n\nBiological Interactions:\n  - New Zealand Environmental Protection Authority (EPA)\n10 Toxicity\n10.1 EFSA OpenFoodTox\n10.1.1 EFSA Outputs\nEFSA OpenFoodTox\n10.1.2 EFSA Hazard Characterization: Reference Points\nEFSA OpenFoodTox\n10.1.3 EFSA Genotoxicity\nEFSA OpenFoodTox\n11 Literature\n11.1 Consolidated References\nPubChem\n11.2 Chemical Co-Occurrences in Literature\nPubChem\n11.3 Chemical-Gene Co-Occurrences in Literature\nPubChem\n11.4 Chemical-Disease Co-Occurrences in Literature\nPubChem\n11.5 Chemical-Organism Co-Occurrences in Liter...\n\nToxicity & Safety:\n  - (NTP, 1992)\nNational Toxicology Program, Institute of Environmental Health Sciences, National Institutes of Health (NTP).\n  - National Toxicology Program Chemical Repository Database.\n  - CAMEO Chemicals\n1 Structures\n1.1 2D Structure\nStructure Search\nGet Image\nDownload Coordinates\nChemical Structure Depiction\nFull screen\nZoom in\nZoom out\nPubChem\n1.2 3D Status\nConformer generation is disallowed since too flexible\nPubChem\n2 Names and Identifiers\n2.1 Computed Descriptors\n2.1.1 IUPAC Name\n4-oxo-4-[[2,5,7,8-tetramethyl-2-(4,8,12-trimethyltridecyl)-3,4-dihydrochromen-6-yl]oxy]butanoic acid\nComputed by Lexichem TK 2.9.3 (PubChem release 2025.09.15)\nPubChem\n2.1.2 InChI\nInChI=1S/C33H54O5/...\n  - 2.3.2 European Community (EC) Number\n241-433-7\nEuropean Chemicals Agency (ECHA)\n2.3.3 ChEMBL ID\nCHEMBL3561966\nChEMBL\n2.3.4 DSSTox Substance ID\nDTXSID90859862\nEPA DSSTox\n2.3.5 HMDB ID\nHMDB0033685\nHuman Metabolome Database (HMDB)\n2.3.6 Nikkaji Number\nJ24.825H\nJapan Chemical Substance Dictionary (Nikkaji)\n2.3.7 NSC Number\n173849\nDTP/NCI\n2.3.8 Wikidata\nQ126609694\nWikidata\n2.4 Synonyms\n2.4.1 Depositor-Supplied Synonyms\nVitamin E acid succinate\nd-alpha-Tocopheryl acid succinate\nalpha-TOCOPHEROL ACID S...\n  - (NTP, 1992)\nNational Toxicology Program, Institute of Environmental Health Sciences, National Institutes of Health (NTP).\n\n",
  "metadata": {
    "ingredient": "Tocophéryles acides",
    "CAS": "Not specified",
    "InChIKey": "Not specified",
    "source": "https://pubchem.ncbi.nlm.nih.gov/compound/425400",
    "timestamp": "2025-12-17T14:54:33.114487+00:00",
    "type": "ingredient_information",
    "category": "cosmetics",
    "language": "fr"
  },
  "content_length": 5151,
  "timestamp": 1765992207.1320422
}