{
  "document_name": "sodium_ascorbyl_phosphate.txt",
  "content": "Inf: ---\ningredient: Sodium Ascorbyl Phosphate\nsource: https://pubchem.ncbi.nlm.nih.gov/compound/10990876\ntimestamp: 2025-12-17 13:26:41 UTC\ntype: ingredient_information\n---\n\ncompound Summary\nSodium Ascorb\nCAS:\n  - Molecular Weight\n322.05 g/mol\nComputed by PubChem 2.2 (PubChem release 2025.09.15)\nParent Compound\nCID 54679073 (Ascorbic acid 2-phosphate)\nComponent Compounds\nCID 115293\nCID 5360545 (Sodium)\nCID 54679073 (Ascorbic acid 2-phosphate)\nDates\nCreate:\n2006-10-26\nModify:\n2025-12-13\n1 Structures\n1.1 2D Structure\nStructure Search\nGet Image\nDownload Coordinates\nChemical Structure Depiction\nFull screen\nZoom in\nZoom out\nPubChem\n1.2 3D Conformer\n3D Conformer of Parent\nPubChem\n2 Names and Identifiers\n2.1 Com...\n\nInChIKey:\n  - Molecular Weight\n322.05 g/mol\nComputed by PubChem 2.2 (PubChem release 2025.09.15)\nParent Compound\nCID 54679073 (Ascorbic acid 2-phosphate)\nComponent Compounds\nCID 115293\nCID 5360545 (Sodium)\nCID 54679073 (Ascorbic acid 2-phosphate)\nDates\nCreate:\n2006-10-26\nModify:\n2025-12-13\n1 Structures\n1.1 2D Structure\nStructure Search\nGet Image\nDownload Coordinates\nChemical Structure Depiction\nFull screen\nZoom in\nZoom out\nPubChem\n1.2 3D Conformer\n3D Conformer of Parent\nPubChem\n2 Names and Identifiers\n2.1 Com...\n\nChemical Forms:\n  - Not specified\n\nChemical Properties:\n  - ---\ningredient: Sodium Ascorbyl Phosphate\nsource: https://pubchem.ncbi.nlm.nih.gov/compound/10990876\ntimestamp: 2025-12-17 13:26:41 UTC\ntype: ingredient_information\n---\n\ncompound Summary\nSodium Ascorbyl Phosphate\nPubChem CID\n10990876\nStructure\nPrimary Hazards\nNot Classified\nLaboratory Chemical Safety Summary (LCSS) Datasheet\nMolecular Formula\nC\n6\nH\n6\nNa\n3\nO\n9\nP\nSynonyms\n66170-10-3\nsodium ascorbyl phosphate\nSodium L-Ascorbyl-2-Phosphate\nSodium ascorbyl monophosphate\nTrisodium ascorbate-2-phosphat...\n  - Molecular Weight\n322.05 g/mol\nComputed by PubChem 2.2 (PubChem release 2025.09.15)\nParent Compound\nCID 54679073 (Ascorbic acid 2-phosphate)\nComponent Compounds\nCID 115293\nCID 5360545 (Sodium)\nCID 54679073 (Ascorbic acid 2-phosphate)\nDates\nCreate:\n2006-10-26\nModify:\n2025-12-13\n1 Structures\n1.1 2D Structure\nStructure Search\nGet Image\nDownload Coordinates\nChemical Structure Depiction\nFull screen\nZoom in\nZoom out\nPubChem\n1.2 3D Conformer\n3D Conformer of Parent\nPubChem\n2 Names and Identifiers\n2.1 Com...\n  - PubChem\n4.2 Parent Compound\nCID 54679073 (Ascorbic acid 2-phosphate)\nPubChem\n4.3 Component Compounds\nCID 115293\nCID 5360545 (Sodium)\nCID 54679073 (Ascorbic acid 2-phosphate)\nPubChem\n4.4 Related Compounds\nSame Connectivity Count\n4\nSame Parent, Connectivity Count\n141\nSame Parent, Stereo Count\n102\nSame Parent, Isotope Count\n140\nSame Parent, Exact Count\n101\nMixtures, Components, and Neutralized Forms Count\n2\nSimilar Compounds (2D)\nView in PubChem Search\nSimilar Conformers (3D)\nView in PubChem Search...\n  - 2):51-111, 2005\nCosmetic Ingredient Review (CIR)\nEPA CPDat Chemical and Product Categories\nThe Chemical and Products Database, a resource for exposure-relevant data on chemicals in consumer products, Scientific Data, volume 5, Article number: 180125 (2018),\nDOI:10.1038/sdata.2018.125\nEPA Chemical and Products Database (CPDat)\n7.1.1 Household Products\nHousehold & Commercial/Institutional Products\nInformation on 29 consumer products that contain Sodium ascorbyl phosphate in the following categorie...\n  - You must tell us within 28 days if the circumstances of your importation or manufacture (introduction) are different to those in our assessment.\n\nBiological Interactions:\n  - Not specified\n\nToxicity & Safety:\n  - ---\ningredient: Sodium Ascorbyl Phosphate\nsource: https://pubchem.ncbi.nlm.nih.gov/compound/10990876\ntimestamp: 2025-12-17 13:26:41 UTC\ntype: ingredient_information\n---\n\ncompound Summary\nSodium Ascorbyl Phosphate\nPubChem CID\n10990876\nStructure\nPrimary Hazards\nNot Classified\nLaboratory Chemical Safety Summary (LCSS) Datasheet\nMolecular Formula\nC\n6\nH\n6\nNa\n3\nO\n9\nP\nSynonyms\n66170-10-3\nsodium ascorbyl phosphate\nSodium L-Ascorbyl-2-Phosphate\nSodium ascorbyl monophosphate\nTrisodium ascorbate-2-phosphat...\n  - Molecular Weight\n322.05 g/mol\nComputed by PubChem 2.2 (PubChem release 2025.09.15)\nParent Compound\nCID 54679073 (Ascorbic acid 2-phosphate)\nComponent Compounds\nCID 115293\nCID 5360545 (Sodium)\nCID 54679073 (Ascorbic acid 2-phosphate)\nDates\nCreate:\n2006-10-26\nModify:\n2025-12-13\n1 Structures\n1.1 2D Structure\nStructure Search\nGet Image\nDownload Coordinates\nChemical Structure Depiction\nFull screen\nZoom in\nZoom out\nPubChem\n1.2 3D Conformer\n3D Conformer of Parent\nPubChem\n2 Names and Identifiers\n2.1 Com...\n  - Medical Subject Headings (MeSH)\n7 Use and Manufacturing\n7.1 Uses\nCosmetic Ingredient Review Link\nCIR ingredient: Sodium Ascorbyl Phosphate\nInternational Journal of Toxicology 24(Suppl.\n  - 2):51-111, 2005\nCosmetic Ingredient Review (CIR)\nEPA CPDat Chemical and Product Categories\nThe Chemical and Products Database, a resource for exposure-relevant data on chemicals in consumer products, Scientific Data, volume 5, Article number: 180125 (2018),\nDOI:10.1038/sdata.2018.125\nEPA Chemical and Products Database (CPDat)\n7.1.1 Household Products\nHousehold & Commercial/Institutional Products\nInformation on 29 consumer products that contain Sodium ascorbyl phosphate in the following categorie...\n  - GHS Hazard Statements\nNot Classified\nReported as not meeting GHS hazard criteria by 116 of 116 companies.\n\n",
  "metadata": {
    "ingredient": "Sodium Ascorbyl Phosphate",
    "CAS": "66170-10-3",
    "InChIKey": "Not specified",
    "source": "https://pubchem.ncbi.nlm.nih.gov/compound/10990876",
    "timestamp": "2025-12-17T13:26:41.297804+00:00",
    "type": "ingredient_information",
    "category": "cosmetics",
    "language": "fr"
  },
  "content_length": 5364,
  "timestamp": 1765992207.1290421
}