{
  "document_name": "vert.txt",
  "content": "Inf: ---\ningredient: Vert\nsource: https://pubchem.ncbi.nlm.nih.gov/compound/6443641\ntimestamp: 2025-12-17 13:37:26 UTC\ntype: ingredient_information\n---\n\ncompound Summary\nRu-Vert\nPubChem CID\n6443641\nStructu\nCAS:\n  - with N,N-dimethyl-gamma-phenyl-2-pyridinepropanamine (Z)-2-butenedioate (1:1) and 6,7,8,9-tetrahydro-5H-tetrazolo(1,5-a)azepine\nRefChem:180142\nN,N-dimethyl-3-pyridin-2-ylpropan-1-amine;(E)-4-oxo-4-phenoxybut-2-enoic acid;pyridine-3-carboxylic acid;6,7,8,9-tetrahydro-5H-tetrazolo[1,5-a]azepine\nMolecular Weight\n617.7 g/mol\nComputed by PubChem 2.2 (PubChem release 2025.09.15)\nComponent Compounds\nCID 938 (Nicotinic Acid)\nCID 5462712 (Phenyl Fumarate)\nCID 133288 ((2-Pyridyl)-3-dimethylaminopropane)\nC...\n\nInChIKey:\n  - with N,N-dimethyl-gamma-phenyl-2-pyridinepropanamine (Z)-2-butenedioate (1:1) and 6,7,8,9-tetrahydro-5H-tetrazolo(1,5-a)azepine\nRefChem:180142\nN,N-dimethyl-3-pyridin-2-ylpropan-1-amine;(E)-4-oxo-4-phenoxybut-2-enoic acid;pyridine-3-carboxylic acid;6,7,8,9-tetrahydro-5H-tetrazolo[1,5-a]azepine\nMolecular Weight\n617.7 g/mol\nComputed by PubChem 2.2 (PubChem release 2025.09.15)\nComponent Compounds\nCID 938 (Nicotinic Acid)\nCID 5462712 (Phenyl Fumarate)\nCID 133288 ((2-Pyridyl)-3-dimethylaminopropane)\nC...\n\nChemical Forms:\n  - Not specified\n\nChemical Properties:\n  - ---\ningredient: Vert\nsource: https://pubchem.ncbi.nlm.nih.gov/compound/6443641\ntimestamp: 2025-12-17 13:37:26 UTC\ntype: ingredient_information\n---\n\ncompound Summary\nRu-Vert\nPubChem CID\n6443641\nStructure\nMolecular Formula\nC\n32\nH\n39\nN\n7\nO\n6\nSynonyms\nRu-Vert\n79329-87-6\n3-Pyridinecarboxylic acid, mixt.\n  - with N,N-dimethyl-gamma-phenyl-2-pyridinepropanamine (Z)-2-butenedioate (1:1) and 6,7,8,9-tetrahydro-5H-tetrazolo(1,5-a)azepine\nRefChem:180142\nN,N-dimethyl-3-pyridin-2-ylpropan-1-amine;(E)-4-oxo-4-phenoxybut-2-enoic acid;pyridine-3-carboxylic acid;6,7,8,9-tetrahydro-5H-tetrazolo[1,5-a]azepine\nMolecular Weight\n617.7 g/mol\nComputed by PubChem 2.2 (PubChem release 2025.09.15)\nComponent Compounds\nCID 938 (Nicotinic Acid)\nCID 5462712 (Phenyl Fumarate)\nCID 133288 ((2-Pyridyl)-3-dimethylaminopropane)\nC...\n  - PubChem\n4.2 Component Compounds\nCID 938 (Nicotinic Acid)\nCID 5462712 (Phenyl Fumarate)\nCID 133288 ((2-Pyridyl)-3-dimethylaminopropane)\nCID 5917 (Pentylenetetrazole)\nPubChem\n4.3 Related Compounds\nMixtures, Components, and Neutralized Forms Count\n4\nSimilar Compounds (2D)\nView in PubChem Search\nSimilar Conformers (3D)\nView in PubChem Search\nPubChem\n4.4 Substances\n4.4.1 PubChem Reference Collection SID\n500823560\nPubChem\n4.4.2 Related Substances\nSame Count\n12\nPubChem\n4.4.3 Substances by Category\nPubC...\n\nBiological Interactions:\n  - Not specified\n\nToxicity & Safety:\n  - Not specified\n\n",
  "metadata": {
    "ingredient": "Vert",
    "CAS": "79329-87-6",
    "InChIKey": "Not specified",
    "source": "https://pubchem.ncbi.nlm.nih.gov/compound/6443641",
    "timestamp": "2025-12-17T13:37:26.814218+00:00",
    "type": "ingredient_information",
    "category": "cosmetics",
    "language": "fr"
  },
  "content_length": 2698,
  "timestamp": 1765992207.133042
}