{
  "document_name": "cyclohexasiloxane.txt",
  "content": "Inf: ---\ningredient: Cyclohexasiloxane\nsource: https://pubchem.ncbi.nlm.nih.gov/compound/Cyclohexasiloxane\ntimestamp: 2025-12-17 14:49:42 UTC\ntype: ingredient_information\n---\n\nCompound Summary\nCyclohexasil\nCAS:\n  - Not specified\n\nInChIKey:\n  - Not specified\n\nChemical Forms:\n  - Not specified\n\nChemical Properties:\n  - 1 Synonyms\nCyclohexasiloxane\nCYCLOHEXASILOXANE [INCI]\nRefChem:580750\nPubChem\n2 Chemical and Physical Properties\n2.1 Chemical Classes\n2.1.1 Cosmetics\nCosmetic ingredients (\nCyclohexasiloxane\n) -> CIR (Cosmetic Ingredient Review)\nInternational Journal of Toxicology 30(Suppl.\n  - 3):149-227, 2011\nCosmetic Ingredient Review (CIR)\n7 Literature\n7.1 Consolidated References\nPubChem\n7.2 Springer Nature References\nSpringer Nature\n8 Information Sources\nFilter by Source\nALL SOURCES\nCalifornia Safe Cosmetics Program (CSCP) Product Database\nCosmetic Ingredient Review (CIR)\nPubChem\nSpringer Nature\nPubChem\nhttps://pubchem.ncbi.nlm.nih.gov\nCalifornia Safe Cosmetics Program (CSCP) Product Database\nLICENSE\nhttps://www.cdph.ca.gov/Pages/Conditions-of-Use.aspx\nDodecamethylcyclohexasiloxan...\n\nBiological Interactions:\n  - Not specified\n\nToxicity & Safety:\n  - 1 Synonyms\nCyclohexasiloxane\nCYCLOHEXASILOXANE [INCI]\nRefChem:580750\nPubChem\n2 Chemical and Physical Properties\n2.1 Chemical Classes\n2.1.1 Cosmetics\nCosmetic ingredients (\nCyclohexasiloxane\n) -> CIR (Cosmetic Ingredient Review)\nInternational Journal of Toxicology 30(Suppl.\n  - 3):149-227, 2011\nCosmetic Ingredient Review (CIR)\n3 Related Records\n3.1 Substances\n3.1.1 PubChem Reference Collection SID\n505576479\nPubChem\n4 Use and Manufacturing\n4.1 Uses\nCosmetic Ingredient Review Link\nCIR ingredient: Cyclohexasiloxane\nInternational Journal of Toxicology 30(Suppl.\n  - 3):149-227, 2011\nCosmetic Ingredient Review (CIR)\n5 Safety and Hazards\n5.1 Regulatory Information\nCalifornia Safe Cosmetics Program (CSCP) Reportable Ingredient\nHazard Traits - Bioaccumulation; Endocrine Toxicity; Environmental Persistence; Hepatotoxicity and Digestive System Toxicity; Reproductive Toxicity\nAuthoritative List - Canada PBiTs; CECBP - Priority Chemicals; EC PBTs\nReport - if used as a fragrance or flavor ingredient\nCalifornia Safe Cosmetics Program (CSCP) Product Database\n6 Toxicit...\n  - Ingredient, concentration, and use information are available in documents discoverable at\nhttps://cir-reports.cir-safety.org\nInternational Journal of Toxicology 30(Suppl.\n  - 3):149-227, 2011\nCosmetic Ingredient Review (CIR)\n7 Literature\n7.1 Consolidated References\nPubChem\n7.2 Springer Nature References\nSpringer Nature\n8 Information Sources\nFilter by Source\nALL SOURCES\nCalifornia Safe Cosmetics Program (CSCP) Product Database\nCosmetic Ingredient Review (CIR)\nPubChem\nSpringer Nature\nPubChem\nhttps://pubchem.ncbi.nlm.nih.gov\nCalifornia Safe Cosmetics Program (CSCP) Product Database\nLICENSE\nhttps://www.cdph.ca.gov/Pages/Conditions-of-Use.aspx\nDodecamethylcyclohexasiloxan...\n\n",
  "metadata": {
    "ingredient": "Cyclohexasiloxane",
    "CAS": "Not specified",
    "InChIKey": "Not specified",
    "source": "https://pubchem.ncbi.nlm.nih.gov/compound/Cyclohexasiloxane",
    "timestamp": "2025-12-17T14:49:43.030142+00:00",
    "type": "ingredient_information",
    "category": "cosmetics",
    "language": "fr"
  },
  "content_length": 2924,
  "timestamp": 1765992207.114042
}