{
  "document_name": "orange.txt",
  "content": "Inf: ---\ningredient: Orange\nsource: https://pubchem.ncbi.nlm.nih.gov/compound/Orange\ntimestamp: 2025-12-17 14:58:17 UTC\ntype: ingredient_information\n---\n\nCompound Summary\nOrange\nPubChem Reference Collectio\nCAS:\n  - Not specified\n\nInChIKey:\n  - Not specified\n\nChemical Forms:\n  - Not specified\n\nChemical Properties:\n  - 1 Synonyms\nOrange\nRefChem:44316\n5EVU04N5QU\nB1339\nORANGE FOOD\nORANGES, RAW, NAVELS\nORANGES,RAW,NAVELS\nPubChem\n2 Names and Identifiers\n2.1 Other Identifiers\n2.1.1 UNII\n5EVU04N5QU\nFDA Global Substance Registration System (GSRS)\n2.1.2 DrugBank ID\nDB10549\nDrugBank\n2.1.3 NCI Thesaurus Code\nC65208\nNCI Thesaurus (NCIt)\n2.1.4 RXCUI\n892565\nNLM RxNorm Terminology\n3 Related Records\n3.1 Substances\n3.1.1 PubChem Reference Collection SID\n482025508\nPubChem\n3.2 Other Relationships\nCitrus sinensis whole\n(subclass...\n  - FDA Pharm Classes\n6 Information Sources\nFilter by Source\nALL SOURCES\nDailyMed\nDrugBank\nFDA Global Substance Registration System (GSRS)\nFDA Pharm Classes\nNCI Thesaurus (NCIt)\nNLM RxNorm Terminology\nNational Drug Code (NDC) Directory\nPubChem\nPubChem\nhttps://pubchem.ncbi.nlm.nih.gov\nDailyMed\nLICENSE\nhttps://www.nlm.nih.gov/copyright.html\nORANGE\nhttps://dailymed.nlm.nih.gov/dailymed/search.cfm?labeltype=all&query=ORANGE\nDrugBank\nLICENSE\nCreative Common's Attribution-NonCommercial 4.0 International L...\n  - https://www.nlm.nih.gov/research/umls/rxnorm/docs/termsofservice.html\norange allergenic extract\nhttps://rxnav.nlm.nih.gov/id/rxnorm/892565\nCite\nDownload\nCONTENTS\nTitle and Summary\n1 Synonyms\n2 Names and Identifiers\nExpand this menu\n3 Related Records\nExpand this menu\n4 Drug and Medication Information\nExpand this menu\n5 Pharmacology and Biochemistry\nExpand this menu\n6 Information Sources\n\nBiological Interactions:\n  - 5 Pharmacology and Biochemistry\n5.1 FDA Pharmacological Classification\nFDA UNII\n5EVU04N5QU\nActive Moiety\nORANGE\nPharmacological Classes\nEstablished Pharmacologic Class [EPC] - Non-Standardized Food Allergenic Extract\nPharmacological Classes\nPhysiologic Effects [PE] - Increased Histamine Release\nPharmacological Classes\nPhysiologic Effects [PE] - Cell-mediated Immunity\nPharmacological Classes\nChemical Structure [CS] - Allergens\nPharmacological Classes\nChemical Structure [CS] - Dietary Proteins\nPha...\n\nToxicity & Safety:\n  - Not specified\n\n",
  "metadata": {
    "ingredient": "Orange",
    "CAS": "Not specified",
    "InChIKey": "Not specified",
    "source": "https://pubchem.ncbi.nlm.nih.gov/compound/Orange",
    "timestamp": "2025-12-17T14:58:18.057518+00:00",
    "type": "ingredient_information",
    "category": "cosmetics",
    "language": "fr"
  },
  "content_length": 2297,
  "timestamp": 1765992207.124042
}