{
  "document_name": "red_22_lake.txt",
  "content": "Inf: ---\ningredient: Red 22 lake\nsource: https://pubchem.ncbi.nlm.nih.gov/compound/78084\ntimestamp: 2025-12-17 14:09:18 UTC\ntype: ingredient_information\n---\n\ncompound Summary\nPigment Red 168\nPubChem CID\n78\nCAS:\n  - Molecular Weight\n464.1 g/mol\nComputed by PubChem 2.2 (PubChem release 2025.09.15)\nDates\nCreate:\n2005-08-08\nModify:\n2025-12-13\n1 Structures\n1.1 2D Structure\nStructure Search\nGet Image\nDownload Coordinates\nChemical Structure Depiction\nFull screen\nZoom in\nZoom out\nPubChem\n1.2 3D Conformer\nPubChem\n1.3 Crystal Structures\n1 of 2 items\nView All\nCCDC Number\n798609\nAssociated Article\nDOI:10.1107/S0108768110028247\nCrystal Structure Data\nDOI:10.5517/ccvt0l7\nCrystal Structure Depiction\nThe Cambridge Structu...\n\nInChIKey:\n  - Molecular Weight\n464.1 g/mol\nComputed by PubChem 2.2 (PubChem release 2025.09.15)\nDates\nCreate:\n2005-08-08\nModify:\n2025-12-13\n1 Structures\n1.1 2D Structure\nStructure Search\nGet Image\nDownload Coordinates\nChemical Structure Depiction\nFull screen\nZoom in\nZoom out\nPubChem\n1.2 3D Conformer\nPubChem\n1.3 Crystal Structures\n1 of 2 items\nView All\nCCDC Number\n798609\nAssociated Article\nDOI:10.1107/S0108768110028247\nCrystal Structure Data\nDOI:10.5517/ccvt0l7\nCrystal Structure Depiction\nThe Cambridge Structu...\n\nChemical Forms:\n  - Not specified\n\nChemical Properties:\n  - ---\ningredient: Red 22 lake\nsource: https://pubchem.ncbi.nlm.nih.gov/compound/78084\ntimestamp: 2025-12-17 14:09:18 UTC\ntype: ingredient_information\n---\n\ncompound Summary\nPigment Red 168\nPubChem CID\n78084\nStructure\nPrimary Hazards\nNot Classified\nLaboratory Chemical Safety Summary (LCSS) Datasheet\nMolecular Formula\nC\n22\nH\n8\nBr\n2\nO\n2\nSynonyms\n4378-61-4\n4,10-Dibromoanthanthrone\nBrilliant Orange RK\nC.I.\n  - Molecular Weight\n464.1 g/mol\nComputed by PubChem 2.2 (PubChem release 2025.09.15)\nDates\nCreate:\n2005-08-08\nModify:\n2025-12-13\n1 Structures\n1.1 2D Structure\nStructure Search\nGet Image\nDownload Coordinates\nChemical Structure Depiction\nFull screen\nZoom in\nZoom out\nPubChem\n1.2 3D Conformer\nPubChem\n1.3 Crystal Structures\n1 of 2 items\nView All\nCCDC Number\n798609\nAssociated Article\nDOI:10.1107/S0108768110028247\nCrystal Structure Data\nDOI:10.5517/ccvt0l7\nCrystal Structure Depiction\nThe Cambridge Structu...\n  - PubChem\n5.2 Related Compounds\nMixtures, Components, and Neutralized Forms Count\n5\nSimilar Compounds (2D)\nView in PubChem Search\nSimilar Conformers (3D)\nView in PubChem Search\nPubChem\n5.3 Substances\n5.3.1 PubChem Reference Collection SID\n505859097\nPubChem\n5.3.2 Related Substances\nAll Count\n109\nSame Count\n104\nMixture Count\n5\nPubChem\n5.3.3 Substances by Category\nPubChem\n5.4 Entrez Crosslinks\nPubMed Count\n1\nPubChem\n6 Chemical Vendors\nPubChem\n7 Use and Manufacturing\n7.1 Uses\nEPA CPDat Chemical and Pr...\n  - European Chemicals Agency (ECHA)\n8.1.2 Hazard Classes and Categories\nNot Classified\nEuropean Chemicals Agency (ECHA)\n8.2 Regulatory Information\nThe Australian Inventory of Industrial Chemicals\nChemical:\nDibenzo[def,mno]chrysene-6,12-dione\n, 4,10-dibromo-\nAustralian Industrial Chemicals Introduction Scheme (AICIS)\nREACH Registered Substance\nStatus: Active Update: 14-01-2021\nhttps://echa.europa.eu/registration-dossier/-/registered-dossier/5582\nEuropean Chemicals Agency (ECHA)\nNew Zealand EPA Inven...\n  - Vat Orange 3\nhttps://comptox.epa.gov/dashboard/DTXSID8044674\nCompTox Chemicals Dashboard Chemical Lists\nhttps://comptox.epa.gov/dashboard/chemical-lists/\nEuropean Chemicals Agency (ECHA)\nLICENSE\nUse of the information, documents and data from the ECHA website is subject to the terms and conditions of this Legal Notice, and subject to other binding limitations provided for under applicable law, the information, documents and data made available on the ECHA website may be reproduced, distributed a...\n\nBiological Interactions:\n  - Not specified\n\nToxicity & Safety:\n  - ---\ningredient: Red 22 lake\nsource: https://pubchem.ncbi.nlm.nih.gov/compound/78084\ntimestamp: 2025-12-17 14:09:18 UTC\ntype: ingredient_information\n---\n\ncompound Summary\nPigment Red 168\nPubChem CID\n78084\nStructure\nPrimary Hazards\nNot Classified\nLaboratory Chemical Safety Summary (LCSS) Datasheet\nMolecular Formula\nC\n22\nH\n8\nBr\n2\nO\n2\nSynonyms\n4378-61-4\n4,10-Dibromoanthanthrone\nBrilliant Orange RK\nC.I.\n  - Molecular Weight\n464.1 g/mol\nComputed by PubChem 2.2 (PubChem release 2025.09.15)\nDates\nCreate:\n2005-08-08\nModify:\n2025-12-13\n1 Structures\n1.1 2D Structure\nStructure Search\nGet Image\nDownload Coordinates\nChemical Structure Depiction\nFull screen\nZoom in\nZoom out\nPubChem\n1.2 3D Conformer\nPubChem\n1.3 Crystal Structures\n1 of 2 items\nView All\nCCDC Number\n798609\nAssociated Article\nDOI:10.1107/S0108768110028247\nCrystal Structure Data\nDOI:10.5517/ccvt0l7\nCrystal Structure Depiction\nThe Cambridge Structu...\n  - PubChem\n5.2 Related Compounds\nMixtures, Components, and Neutralized Forms Count\n5\nSimilar Compounds (2D)\nView in PubChem Search\nSimilar Conformers (3D)\nView in PubChem Search\nPubChem\n5.3 Substances\n5.3.1 PubChem Reference Collection SID\n505859097\nPubChem\n5.3.2 Related Substances\nAll Count\n109\nSame Count\n104\nMixture Count\n5\nPubChem\n5.3.3 Substances by Category\nPubChem\n5.4 Entrez Crosslinks\nPubMed Count\n1\nPubChem\n6 Chemical Vendors\nPubChem\n7 Use and Manufacturing\n7.1 Uses\nEPA CPDat Chemical and Pr...\n  - GHS Hazard Statements\nNot Classified\nReported as not meeting GHS hazard criteria by 231 of 232 companies (only 0.4% companies provided GHS information).\n  - ECHA C&L Notifications Summary\nAggregated GHS information provided per 232 reports by companies from 3 notifications to the ECHA C&L Inventory.\n\n",
  "metadata": {
    "ingredient": "Red 22 lake",
    "CAS": "4378-61-4",
    "InChIKey": "Not specified",
    "source": "https://pubchem.ncbi.nlm.nih.gov/compound/78084",
    "timestamp": "2025-12-17T14:09:19.081055+00:00",
    "type": "ingredient_information",
    "category": "cosmetics",
    "language": "fr"
  },
  "content_length": 5525,
  "timestamp": 1765992207.1280422
}