{
  "document_name": "coconut_oil.txt",
  "content": "Inf: ---\ningredient: Coconut Oil\nsource: https://pubchem.ncbi.nlm.nih.gov/compound/Coconut-Oil\ntimestamp: 2025-12-17 13:28:11 UTC\ntype: ingredient_information\n---\n\nCompound Summary\nCoconut Oil\nPubChem Refe\nCAS:\n  - 1 Synonyms\nCoconut Oil\n232-282-8\nAFRICAN\nAcidulated coconut soapstock\nBatana and Batana\nCOCONUT VIRGIN OIL\nCocoanut oil\nCoconut Oil (Unhydrogenated)\nCoconut Oil Base\nCoconut Oil Triglycerides\nCoconut acidulated soapstock\nCoconut kernel extract\nCoconut palm oil\nCocos Nucifera (Coconut) Oil\nCocos Nucifera Seed Oil\nDRUGGIST Batana Oil\nDTXSID8027664\nFats and Glyceridic oils, coconut\nFats and Glyceridic oils, copra\nFree coconut oil\nHigh Quality Natural Rosemary\nHydrol 110\nKoline\nKoline 76\nOil, Coconu...\n\nInChIKey:\n  - Not specified\n\nChemical Forms:\n  - Not specified\n\nChemical Properties:\n  - Density 0.92 g / cm3 and insoluble in water.\n  - 1 Synonyms\nCoconut Oil\n232-282-8\nAFRICAN\nAcidulated coconut soapstock\nBatana and Batana\nCOCONUT VIRGIN OIL\nCocoanut oil\nCoconut Oil (Unhydrogenated)\nCoconut Oil Base\nCoconut Oil Triglycerides\nCoconut acidulated soapstock\nCoconut kernel extract\nCoconut palm oil\nCocos Nucifera (Coconut) Oil\nCocos Nucifera Seed Oil\nDRUGGIST Batana Oil\nDTXSID8027664\nFats and Glyceridic oils, coconut\nFats and Glyceridic oils, copra\nFree coconut oil\nHigh Quality Natural Rosemary\nHydrol 110\nKoline\nKoline 76\nOil, Coconu...\n  - Density 0.92 g / cm3 and insoluble in water.\n  - CAMEO Chemicals\nOther Solid; Liquid\nEPA Chemical Data Reporting (CDR)\nWhite or light yellow to orange semi-solid; mp = 24 deg C; [CAMEO] White odorless liquid; mp = 25 deg C; [Flinn Scientific MSDS]\nHaz-Map, Information on Hazardous Chemicals and Occupational Diseases\n4.1.2 Color / Form\nWhite, semisolid, lardlike fat\nO'Neil, M.J.\n  - 1256\nHazardous Substances Data Bank (HSDB)\n4.1.5 Melting Point\n21-25 °C\nO'Neil, M.J.\n\nBiological Interactions:\n  - 184\nHazardous Substances Data Bank (HSDB)\nThe effects of high and low fat diets with identical polyunsaturated/saturated fatty acid (P/S) ratios on plasma postprandial levels of some hemostatic variables and on fasting lipoprotein (a) [Lp(a)] are not known.\n  - Serum fasting lipoprotein (a) (Lp(a)) levels were lower when women consumed the HSAFA-diet (13%, p < 0.001) and tended to be lower when they consumed the LSAFA-diet (5.3%, p = 0.052) than when they consumed the HUFA-diet.\n  - Hazardous Substances Data Bank (HSDB)\nThe physiological effects of coconut oil, butter, and safflower oil on lipids and lipoproteins have been compared in moderately hypercholesterolemic individuals.\n  - Total cholesterol and low density lipoprotein cholesterol were significantly higher (p < 0.001) on the diet containing butter [6.8 +/- 0.9, 4.5 +/- 0.8 mmol/L] (mean +/- SD), respectively than on the coconut oil diet (6.4 +/- 0.8; 4.2 +/- 0.7 mmol/L) when levels were significantly higher (p < 0.01) than on the safflower diet (6.1 +/- 0.8; 3.9 +/- 0.7 mmol/L).\n  - Findings with regard to the other measures of lipids and lipoproteins were less consistent.\n\nToxicity & Safety:\n  - Primary Hazards\nPrimary Hazards\nLaboratory Chemical Safety Summary (LCSS) Datasheet\nDescription\nOils, edible: coconut appears as white or light-yellow to orange semi-solid.\n  - Nontoxic.\n  - In addition to its use as a food ingredient and cooking oil, coconut oil is commonly used in skincare preparations and soaps.\n  - 1 Synonyms\nCoconut Oil\n232-282-8\nAFRICAN\nAcidulated coconut soapstock\nBatana and Batana\nCOCONUT VIRGIN OIL\nCocoanut oil\nCoconut Oil (Unhydrogenated)\nCoconut Oil Base\nCoconut Oil Triglycerides\nCoconut acidulated soapstock\nCoconut kernel extract\nCoconut palm oil\nCocos Nucifera (Coconut) Oil\nCocos Nucifera Seed Oil\nDRUGGIST Batana Oil\nDTXSID8027664\nFats and Glyceridic oils, coconut\nFats and Glyceridic oils, copra\nFree coconut oil\nHigh Quality Natural Rosemary\nHydrol 110\nKoline\nKoline 76\nOil, Coconu...\n  - Nontoxic.\n\n",
  "metadata": {
    "ingredient": "Coconut Oil",
    "CAS": "Not specified",
    "InChIKey": "Not specified",
    "source": "https://pubchem.ncbi.nlm.nih.gov/compound/Coconut-Oil",
    "timestamp": "2025-12-17T13:28:12.141795+00:00",
    "type": "ingredient_information",
    "category": "cosmetics",
    "language": "fr"
  },
  "content_length": 3880,
  "timestamp": 1765992207.113042
}