{
  "document_name": "carotenoïdes.txt",
  "content": "Inf: ---\ningredient: CAROTENOÏDES\nsource: https://pubchem.ncbi.nlm.nih.gov/compound/11227325\ntimestamp: 2025-12-17 13:45:50 UTC\ntype: ingredient_information\n---\n\ncompound Summary\nCarotenoids\nPubChem CID\n11\nCAS:\n  - Medical Subject Headings (MeSH)\n1 Structures\n1.1 2D Structure\nStructure Search\nGet Image\nDownload Coordinates\nChemical Structure Depiction\nFull screen\nZoom in\nZoom out\nPubChem\n1.2 3D Conformer\nPubChem\n2 Names and Identifiers\n2.1 Computed Descriptors\n2.1.1 IUPAC Name\n(1\nE\n,3\nE\n,5\nE\n,7\nE\n,9\nE\n,11\nE\n,13\nE\n,15\nZ\n)-1-[(2\nR\n,4\nS\n)-2,4-dihydroxy-2,6,6-trimethylcyclohexylidene]-16-(hydroxymethyl)-18-[(4\nR\n)-4-hydroxy-2,6,6-trimethylcyclohexen-1-yl]-3,7,12-trimethyloctadeca-3,5,7,9,11,13,15-heptaen-17-yn...\n\nInChIKey:\n  - Medical Subject Headings (MeSH)\n1 Structures\n1.1 2D Structure\nStructure Search\nGet Image\nDownload Coordinates\nChemical Structure Depiction\nFull screen\nZoom in\nZoom out\nPubChem\n1.2 3D Conformer\nPubChem\n2 Names and Identifiers\n2.1 Computed Descriptors\n2.1.1 IUPAC Name\n(1\nE\n,3\nE\n,5\nE\n,7\nE\n,9\nE\n,11\nE\n,13\nE\n,15\nZ\n)-1-[(2\nR\n,4\nS\n)-2,4-dihydroxy-2,6,6-trimethylcyclohexylidene]-16-(hydroxymethyl)-18-[(4\nR\n)-4-hydroxy-2,6,6-trimethylcyclohexen-1-yl]-3,7,12-trimethyloctadeca-3,5,7,9,11,13,15-heptaen-17-yn...\n\nChemical Forms:\n  - Not specified\n\nChemical Properties:\n  - ---\ningredient: CAROTENOÏDES\nsource: https://pubchem.ncbi.nlm.nih.gov/compound/11227325\ntimestamp: 2025-12-17 13:45:50 UTC\ntype: ingredient_information\n---\n\ncompound Summary\nCarotenoids\nPubChem CID\n11227325\nStructure\nMolecular Formula\nC\n40\nH\n54\nO\n5\nSynonyms\nCarotenoid\nCarotenoids\nDTXSID601019103\nCarotenoids (NOS)\nCarotenes and Carotenoids\nView More...\n  - Medical Subject Headings (MeSH)\n1 Structures\n1.1 2D Structure\nStructure Search\nGet Image\nDownload Coordinates\nChemical Structure Depiction\nFull screen\nZoom in\nZoom out\nPubChem\n1.2 3D Conformer\nPubChem\n2 Names and Identifiers\n2.1 Computed Descriptors\n2.1.1 IUPAC Name\n(1\nE\n,3\nE\n,5\nE\n,7\nE\n,9\nE\n,11\nE\n,13\nE\n,15\nZ\n)-1-[(2\nR\n,4\nS\n)-2,4-dihydroxy-2,6,6-trimethylcyclohexylidene]-16-(hydroxymethyl)-18-[(4\nR\n)-4-hydroxy-2,6,6-trimethylcyclohexen-1-yl]-3,7,12-trimethyloctadeca-3,5,7,9,11,13,15-heptaen-17-yn...\n  - https://creativecommons.org/licenses/by-nc/4.0/\nCarotenes\nhttps://commonchemistry.cas.org/detail?cas_rn=36-88-4\nChEMBL\nLICENSE\nAccess to the web interface of ChEMBL is made under the EBI's Terms of Use (\nhttp://www.ebi.ac.uk/Information/termsofuse.html\n).\n  - http://www.ebi.ac.uk/Information/termsofuse.html\nhttps://www.ebi.ac.uk/chembl/explore/compound/CHEMBL499737\nClinicalTrials.gov\nLICENSE\nThe ClinicalTrials.gov data carry an international copyright outside the United States and its Territories or Possessions.\n  - Some ClinicalTrials.gov data may be subject to the copyright of third parties; you should consult these entities for any additional terms of use.\n\nBiological Interactions:\n  - Medical Subject Headings (MeSH)\n7 Literature\n7.1 Consolidated References\nPubChem\n7.2 NLM Curated PubMed Citations\nMedical Subject Headings (MeSH)\n7.3 Chemical Co-Occurrences in Literature\nPubChem\n7.4 Chemical-Gene Co-Occurrences in Literature\nPubChem\n7.5 Chemical-Disease Co-Occurrences in Literature\nPubChem\n7.6 Chemical-Organism Co-Occurrences in Literature\nPubChem\n8 Interactions and Pathways\n8.1 Chemical-Target Interactions\nComparative Toxicogenomics Database (CTD)\n9 Biological Test Results\n9.1...\n\nToxicity & Safety:\n  - Medical Subject Headings (MeSH)\n7 Literature\n7.1 Consolidated References\nPubChem\n7.2 NLM Curated PubMed Citations\nMedical Subject Headings (MeSH)\n7.3 Chemical Co-Occurrences in Literature\nPubChem\n7.4 Chemical-Gene Co-Occurrences in Literature\nPubChem\n7.5 Chemical-Disease Co-Occurrences in Literature\nPubChem\n7.6 Chemical-Organism Co-Occurrences in Literature\nPubChem\n8 Interactions and Pathways\n8.1 Chemical-Target Interactions\nComparative Toxicogenomics Database (CTD)\n9 Biological Test Results\n9.1...\n  - https://clinicaltrials.gov/ct2/about-site/terms-conditions#Use\nhttps://clinicaltrials.gov/\nComparative Toxicogenomics Database (CTD)\nLICENSE\nIt is to be used only for research and educational purposes.\n\n",
  "metadata": {
    "ingredient": "CAROTENOÏDES",
    "CAS": "36-88-4",
    "InChIKey": "Not specified",
    "source": "https://pubchem.ncbi.nlm.nih.gov/compound/11227325",
    "timestamp": "2025-12-17T13:45:50.462901+00:00",
    "type": "ingredient_information",
    "category": "cosmetics",
    "language": "fr"
  },
  "content_length": 4102,
  "timestamp": 1765992207.111042
}