{
  "document_name": "violet.txt",
  "content": "Inf: ---\ningredient: Violet\nsource: https://pubchem.ncbi.nlm.nih.gov/compound/Viola-sororia-whole\ntimestamp: 2025-12-17 14:36:36 UTC\ntype: ingredient_information\n---\n\nCompound Summary\nViola sororia whole\nP\nCAS:\n  - Not specified\n\nInChIKey:\n  - Not specified\n\nChemical Forms:\n  - Not specified\n\nChemical Properties:\n  - 1 Synonyms\nViola sororia whole\nRefChem:52109\nViolet\nAY1HQ39W6U\nBANAFSHA WHOLE\nCOMMON BLUE VIOLET WHOLE\nCOMMON MEADOW VIOLET WHOLE\nVIOLA AFFINIS WHOLE\nVIOLA ALACHUANA WHOLE\nVIOLA ALLARDII WHOLE\nVIOLA CANDIDULA WHOLE\nVIOLA CHALCOSPERMA WHOLE\nVIOLA COMMUNIS WHOLE\nVIOLA CRASSULA WHOLE\nVIOLA CUSPIDATA WHOLE\nVIOLA DICKSONII WHOLE\nVIOLA DOMESTICA WHOLE\nVIOLA FAMILIARIS WHOLE\nVIOLA FLORIDANA WHOLE\nVIOLA GRANDIS WHOLE\nVIOLA LAETECAERULEA WHOLE\nVIOLA LATIUSCULA WHOLE\nVIOLA LUCIDIFOLIA WHOLE\nVIOLA NESIOTIC...\n  - https://pubchem.ncbi.nlm.nih.gov/substance/?source=niaid&sourceid=107764\nUSITC Harmonized Tariff Schedule\nLICENSE\nhttps://www.usitc.gov/disclaimers.htm\nViolet\nhttps://hts.usitc.gov/search?query=3205.00.50.30\nCite\nDownload\nCONTENTS\nTitle and Summary\n1 Synonyms\n2 Names and Identifiers\nExpand this menu\n3 Chemical and Physical Properties\nExpand this menu\n4 Related Records\nExpand this menu\n5 Information Sources\n\nBiological Interactions:\n  - Not specified\n\nToxicity & Safety:\n  - Not specified\n\n",
  "metadata": {
    "ingredient": "Violet",
    "CAS": "Not specified",
    "InChIKey": "Not specified",
    "source": "https://pubchem.ncbi.nlm.nih.gov/compound/Viola-sororia-whole",
    "timestamp": "2025-12-17T14:36:37.038226+00:00",
    "type": "ingredient_information",
    "category": "cosmetics",
    "language": "fr"
  },
  "content_length": 1320,
  "timestamp": 1765992207.133042
}