{
  "document_name": "neutre.txt",
  "content": "Inf: ---\ningredient: Neutre\nsource: https://pubchem.ncbi.nlm.nih.gov/compound/145707072\ntimestamp: 2025-12-17 14:26:51 UTC\ntype: ingredient_information\n---\n\ncompound Summary\nDimethyl-amino-ethanol sel de l\nCAS:\n  - Not specified\n\nInChIKey:\n  - ---\ningredient: Neutre\nsource: https://pubchem.ncbi.nlm.nih.gov/compound/145707072\ntimestamp: 2025-12-17 14:26:51 UTC\ntype: ingredient_information\n---\n\ncompound Summary\nDimethyl-amino-ethanol sel de l'acetyl glutamate neutre\nPubChem CID\n145707072\nStructure\nMolecular Formula\nC\n15\nH\n33\nN\n3\nO\n7\nSynonyms\nNIOSH/LZ9810000\nLZ98100000\nDimethyl-amino-ethanol sel de l'acetyl glutamate neutre\nDimethyl-amino-ethanol sel de l'acetyl glutamate neutre [French]\nMolecular Weight\n367.44 g/mol\nComputed by PubChem...\n\nChemical Forms:\n  - Not specified\n\nChemical Properties:\n  - ---\ningredient: Neutre\nsource: https://pubchem.ncbi.nlm.nih.gov/compound/145707072\ntimestamp: 2025-12-17 14:26:51 UTC\ntype: ingredient_information\n---\n\ncompound Summary\nDimethyl-amino-ethanol sel de l'acetyl glutamate neutre\nPubChem CID\n145707072\nStructure\nMolecular Formula\nC\n15\nH\n33\nN\n3\nO\n7\nSynonyms\nNIOSH/LZ9810000\nLZ98100000\nDimethyl-amino-ethanol sel de l'acetyl glutamate neutre\nDimethyl-amino-ethanol sel de l'acetyl glutamate neutre [French]\nMolecular Weight\n367.44 g/mol\nComputed by PubChem...\n  - PubChem\n5.2 Component Compounds\nCID 7902 (2-(Dimethylamino)ethanol)\nCID 70914 (N-Acetyl-L-glutamic acid)\nPubChem\n5.3 Related Compounds\nMixtures, Components, and Neutralized Forms Count\n2\nSimilar Compounds (2D)\nView in PubChem Search\nSimilar Conformers (3D)\nView in PubChem Search\nPubChem\n5.4 Substances\n5.4.1 Related Substances\nSame Count\n2\nPubChem\n5.4.2 Substances by Category\nPubChem\n5.5 NCBI LinkOut\nNCBI\n6 Patents\n6.1 Depositor-Supplied Patent Identifiers\nPubChem\nLink to all deposited patent ide...\n\nBiological Interactions:\n  - Not specified\n\nToxicity & Safety:\n  - Not specified\n\n",
  "metadata": {
    "ingredient": "Neutre",
    "CAS": "Not specified",
    "InChIKey": "Not specified",
    "source": "https://pubchem.ncbi.nlm.nih.gov/compound/145707072",
    "timestamp": "2025-12-17T14:26:52.035399+00:00",
    "type": "ingredient_information",
    "category": "cosmetics",
    "language": "fr"
  },
  "content_length": 1902,
  "timestamp": 1765992207.124042
}