{
  "document_name": "bronze.txt",
  "content": "Inf: ---\ningredient: Bronze\nsource: https://pubchem.ncbi.nlm.nih.gov/compound/15920287\ntimestamp: 2025-12-17 13:03:18 UTC\ntype: ingredient_information\n---\n\ncompound Summary\nBronze\nPubChem CID\n15920287\nStru\nCAS:\n  - Molecular Weight\n182.26 g/mol\nComputed by PubChem 2.2 (PubChem release 2025.09.15)\nComponent Compounds\nCID 23978 (Copper)\nCID 5352426 (Tin atom)\nDates\nCreate:\n2007-02-13\nModify:\n2025-12-13\n1 Structures\n1.1 2D Structure\nStructure Search\nGet Image\nDownload Coordinates\nChemical Structure Depiction\nFull screen\nZoom in\nZoom out\nPubChem\n1.2 3D Status\nConformer generation is disallowed since MMFF94s unsupported element, MMFF94s unsupported atom valence, mixture or salt\nPubChem\n2 Names and Identifiers\n2...\n\nInChIKey:\n  - Molecular Weight\n182.26 g/mol\nComputed by PubChem 2.2 (PubChem release 2025.09.15)\nComponent Compounds\nCID 23978 (Copper)\nCID 5352426 (Tin atom)\nDates\nCreate:\n2007-02-13\nModify:\n2025-12-13\n1 Structures\n1.1 2D Structure\nStructure Search\nGet Image\nDownload Coordinates\nChemical Structure Depiction\nFull screen\nZoom in\nZoom out\nPubChem\n1.2 3D Status\nConformer generation is disallowed since MMFF94s unsupported element, MMFF94s unsupported atom valence, mixture or salt\nPubChem\n2 Names and Identifiers\n2...\n\nChemical Forms:\n  - Not specified\n\nChemical Properties:\n  - ---\ningredient: Bronze\nsource: https://pubchem.ncbi.nlm.nih.gov/compound/15920287\ntimestamp: 2025-12-17 13:03:18 UTC\ntype: ingredient_information\n---\n\ncompound Summary\nBronze\nPubChem CID\n15920287\nStructure\nMolecular Formula\nCuSn\nSynonyms\nBronze\n12597-70-5\nStanniferous Copper\nRefChem:121665\n603-110-2\nView More...\n  - Molecular Weight\n182.26 g/mol\nComputed by PubChem 2.2 (PubChem release 2025.09.15)\nComponent Compounds\nCID 23978 (Copper)\nCID 5352426 (Tin atom)\nDates\nCreate:\n2007-02-13\nModify:\n2025-12-13\n1 Structures\n1.1 2D Structure\nStructure Search\nGet Image\nDownload Coordinates\nChemical Structure Depiction\nFull screen\nZoom in\nZoom out\nPubChem\n1.2 3D Status\nConformer generation is disallowed since MMFF94s unsupported element, MMFF94s unsupported atom valence, mixture or salt\nPubChem\n2 Names and Identifiers\n2...\n  - with tin (6:5)\nCAS Common Chemistry\n2.3.3 European Community (EC) Number\n603-110-2\nEuropean Chemicals Agency (ECHA)\n2.3.4 Wikidata\nQ126604514\nWikidata\n2.4 Synonyms\n2.4.1 Depositor-Supplied Synonyms\nBronze\n12597-70-5\nStanniferous Copper\nRefChem:121665\n603-110-2\n158113-12-3\ncopper;tin\n11099-34-6\nMFCD00198187\n12643-16-2\nSn5Cu84\ncopper-tinalloy\nBronze,powder\nCuSn\nCu-Sn\nBronze powder, -100 mesh\nSCHEMBL29350475\nCopper-tin Alloy,CA.\n  - PubChem\n4.2 Component Compounds\nCID 23978 (Copper)\nCID 5352426 (Tin atom)\nPubChem\n4.3 Related Compounds\nMixtures, Components, and Neutralized Forms Count\n2\nSimilar Compounds (2D)\nView in PubChem Search\nSimilar Conformers (3D)\nView in PubChem Search\nPubChem\n4.4 Substances\n4.4.1 PubChem Reference Collection SID\n500765083\nPubChem\n4.4.2 Related Substances\nSame Count\n60\nPubChem\n4.4.3 Substances by Category\nPubChem\n5 Chemical Vendors\nPubChem\n6 Minerals\nName\nBRONZE\nFormula\n(Cu,Sn)\nAthena Minerals\n7 Lit...\n  - with tin (6:5)\nhttps://commonchemistry.cas.org/detail?cas_rn=12019-69-1\nBronze\nhttps://commonchemistry.cas.org/detail?cas_rn=12597-70-5\nChemIDplus\nLICENSE\nhttps://www.nlm.nih.gov/copyright.html\nBronze\nhttps://pubchem.ncbi.nlm.nih.gov/substance/?source=chemidplus&sourceid=0012597705\nChemIDplus Chemical Information Classification\nhttps://pubchem.ncbi.nlm.nih.gov/source/chemidplus\nEuropean Chemicals Agency (ECHA)\nLICENSE\nUse of the information, documents and data from the ECHA website is subject to...\n\nBiological Interactions:\n  - Not specified\n\nToxicity & Safety:\n  - Not specified\n\n",
  "metadata": {
    "ingredient": "Bronze",
    "CAS": "12597-70-5",
    "InChIKey": "Not specified",
    "source": "https://pubchem.ncbi.nlm.nih.gov/compound/15920287",
    "timestamp": "2025-12-17T13:03:18.907116+00:00",
    "type": "ingredient_information",
    "category": "cosmetics",
    "language": "fr"
  },
  "content_length": 3654,
  "timestamp": 1765992207.1090422
}