{
  "document_name": "cétone.txt",
  "content": "Inf: ---\ningredient: Cétone\nsource: https://pubchem.ncbi.nlm.nih.gov/compound/129728793\ntimestamp: 2025-12-17 13:48:59 UTC\ntype: ingredient_information\n---\n\ncompound Summary\nAnisyl ceton\nPubChem CID\n129728\nCAS:\n  - Not specified\n\nInChIKey:\n  - ---\ningredient: Cétone\nsource: https://pubchem.ncbi.nlm.nih.gov/compound/129728793\ntimestamp: 2025-12-17 13:48:59 UTC\ntype: ingredient_information\n---\n\ncompound Summary\nAnisyl ceton\nPubChem CID\n129728793\nStructure\nMolecular Formula\nC\n24\nH\n40\nO\n2\nSynonyms\nanisyl ceton\nMolecular Weight\n360.6 g/mol\nComputed by PubChem 2.2 (PubChem release 2025.09.15)\nDates\nCreate:\n2017-09-13\nModify:\n2025-12-13\n1 Structures\n1.1 2D Structure\nStructure Search\nGet Image\nDownload Coordinates\nChemical Structure Depiction...\n\nChemical Forms:\n  - Not specified\n\nChemical Properties:\n  - ---\ningredient: Cétone\nsource: https://pubchem.ncbi.nlm.nih.gov/compound/129728793\ntimestamp: 2025-12-17 13:48:59 UTC\ntype: ingredient_information\n---\n\ncompound Summary\nAnisyl ceton\nPubChem CID\n129728793\nStructure\nMolecular Formula\nC\n24\nH\n40\nO\n2\nSynonyms\nanisyl ceton\nMolecular Weight\n360.6 g/mol\nComputed by PubChem 2.2 (PubChem release 2025.09.15)\nDates\nCreate:\n2017-09-13\nModify:\n2025-12-13\n1 Structures\n1.1 2D Structure\nStructure Search\nGet Image\nDownload Coordinates\nChemical Structure Depiction...\n\nBiological Interactions:\n  - Not specified\n\nToxicity & Safety:\n  - Not specified\n\n",
  "metadata": {
    "ingredient": "Cétone",
    "CAS": "Not specified",
    "InChIKey": "Not specified",
    "source": "https://pubchem.ncbi.nlm.nih.gov/compound/129728793",
    "timestamp": "2025-12-17T13:48:59.752692+00:00",
    "type": "ingredient_information",
    "category": "cosmetics",
    "language": "fr"
  },
  "content_length": 1396,
  "timestamp": 1765992207.1150422
}