{
  "document_name": "red_21_lake.txt",
  "content": "Inf: ---\ningredient: Red 21 lake\nsource: https://pubchem.ncbi.nlm.nih.gov/compound/171390272\ntimestamp: 2025-12-17 14:09:41 UTC\ntype: ingredient_information\n---\n\ncompound Summary\nSpiro[isobenzofuran-1(3H),\nCAS:\n  - Molecular Weight\n1997.6 g/mol\nComputed by PubChem 2.2 (PubChem release 2025.09.15)\nParent Compound\nCID 14598429 (2-(2,4,5,7-Tetrabromo-3,6-dihydroxy-9H-xanthen-9-yl)benzoic acid)\nComponent Compounds\nCID 5359268 (Aluminum)\nCID 14598429 (2-(2,4,5,7-Tetrabromo-3,6-dihydroxy-9H-xanthen-9-yl)benzoic acid)\nDates\nCreate:\n2024-05-22\nModify:\n2025-12-13\n1 Structures\n1.1 2D Structure\nStructure Search\nGet Image\nDownload Coordinates\nChemical Structure Depiction\nFull screen\nZoom in\nZoom out\nPubChem\n1.2 3D Con...\n\nInChIKey:\n  - Molecular Weight\n1997.6 g/mol\nComputed by PubChem 2.2 (PubChem release 2025.09.15)\nParent Compound\nCID 14598429 (2-(2,4,5,7-Tetrabromo-3,6-dihydroxy-9H-xanthen-9-yl)benzoic acid)\nComponent Compounds\nCID 5359268 (Aluminum)\nCID 14598429 (2-(2,4,5,7-Tetrabromo-3,6-dihydroxy-9H-xanthen-9-yl)benzoic acid)\nDates\nCreate:\n2024-05-22\nModify:\n2025-12-13\n1 Structures\n1.1 2D Structure\nStructure Search\nGet Image\nDownload Coordinates\nChemical Structure Depiction\nFull screen\nZoom in\nZoom out\nPubChem\n1.2 3D Con...\n\nChemical Forms:\n  - Not specified\n\nChemical Properties:\n  - ---\ningredient: Red 21 lake\nsource: https://pubchem.ncbi.nlm.nih.gov/compound/171390272\ntimestamp: 2025-12-17 14:09:41 UTC\ntype: ingredient_information\n---\n\ncompound Summary\nSpiro[isobenzofuran-1(3H),9'-[9H]xanthen]-3-one, 2',4',5',7'-tetrabromo-3',6'-dihydroxy-, aluminum salt (3:2)\nPubChem CID\n171390272\nStructure\nMolecular Formula\nC\n60\nH\n24\nAl\n2\nBr\n12\nO\n15\nSynonyms\nSpiro[isobenzofuran-1(3H),9'-[9H]xanthen]-3-one, 2',4',5',7'-tetrabromo-3',6'-dihydroxy-, aluminum salt (3:2)\nSpiro(isobenzofuran-1...\n  - Molecular Weight\n1997.6 g/mol\nComputed by PubChem 2.2 (PubChem release 2025.09.15)\nParent Compound\nCID 14598429 (2-(2,4,5,7-Tetrabromo-3,6-dihydroxy-9H-xanthen-9-yl)benzoic acid)\nComponent Compounds\nCID 5359268 (Aluminum)\nCID 14598429 (2-(2,4,5,7-Tetrabromo-3,6-dihydroxy-9H-xanthen-9-yl)benzoic acid)\nDates\nCreate:\n2024-05-22\nModify:\n2025-12-13\n1 Structures\n1.1 2D Structure\nStructure Search\nGet Image\nDownload Coordinates\nChemical Structure Depiction\nFull screen\nZoom in\nZoom out\nPubChem\n1.2 3D Con...\n  - PubChem\n4.2 Parent Compound\nCID 14598429 (2-(2,4,5,7-Tetrabromo-3,6-dihydroxy-9H-xanthen-9-yl)benzoic acid)\nPubChem\n4.3 Component Compounds\nCID 5359268 (Aluminum)\nCID 14598429 (2-(2,4,5,7-Tetrabromo-3,6-dihydroxy-9H-xanthen-9-yl)benzoic acid)\nPubChem\n4.4 Related Compounds\nSame Parent, Exact Count\n6\nMixtures, Components, and Neutralized Forms Count\n2\nSimilar Compounds (2D)\nView in PubChem Search\nSimilar Conformers (3D)\nView in PubChem Search\nPubChem\n4.5 Substances\n4.5.1 PubChem Reference Collecti...\n\nBiological Interactions:\n  - Not specified\n\nToxicity & Safety:\n  - Not specified\n\n",
  "metadata": {
    "ingredient": "Red 21 lake",
    "CAS": "Not specified",
    "InChIKey": "Not specified",
    "source": "https://pubchem.ncbi.nlm.nih.gov/compound/171390272",
    "timestamp": "2025-12-17T14:09:42.099179+00:00",
    "type": "ingredient_information",
    "category": "cosmetics",
    "language": "fr"
  },
  "content_length": 2902,
  "timestamp": 1765992207.1280422
}