{
  "document_name": "cétéaryl_alcohol.txt",
  "content": "Inf: ---\ningredient: Cétéaryl alcohol\nsource: https://pubchem.ncbi.nlm.nih.gov/compound/62238\ntimestamp: 2025-12-17 14:24:23 UTC\ntype: ingredient_information\n---\n\ncompound Summary\nCetearyl alcohol\nPubChem \nCAS:\n  - Molecular Weight\n512.9 g/mol\nComputed by PubChem 2.2 (PubChem release 2021.10.14)\nComponent Compounds\nCID 8221 (Stearyl Alcohol)\nCID 2682 (Cetyl Alcohol)\nDates\nCreate:\n2005-08-08\nModify:\n2025-12-13\n1 Structures\n1.1 2D Structure\nStructure Search\nGet Image\nDownload Coordinates\nChemical Structure Depiction\nFull screen\nZoom in\nZoom out\nPubChem\n1.2 3D Status\nConformer generation is disallowed since too flexible, mixture or salt\nPubChem\n2 Names and Identifiers\n2.1 Computed Descriptors\n2.1.1 IUPAC Name...\n\nInChIKey:\n  - Molecular Weight\n512.9 g/mol\nComputed by PubChem 2.2 (PubChem release 2021.10.14)\nComponent Compounds\nCID 8221 (Stearyl Alcohol)\nCID 2682 (Cetyl Alcohol)\nDates\nCreate:\n2005-08-08\nModify:\n2025-12-13\n1 Structures\n1.1 2D Structure\nStructure Search\nGet Image\nDownload Coordinates\nChemical Structure Depiction\nFull screen\nZoom in\nZoom out\nPubChem\n1.2 3D Status\nConformer generation is disallowed since too flexible, mixture or salt\nPubChem\n2 Names and Identifiers\n2.1 Computed Descriptors\n2.1.1 IUPAC Name...\n\nChemical Forms:\n  - Not specified\n\nChemical Properties:\n  - ---\ningredient: Cétéaryl alcohol\nsource: https://pubchem.ncbi.nlm.nih.gov/compound/62238\ntimestamp: 2025-12-17 14:24:23 UTC\ntype: ingredient_information\n---\n\ncompound Summary\nCetearyl alcohol\nPubChem CID\n62238\nStructure\nMolecular Formula\nC\n34\nH\n72\nO\n2\nSynonyms\nCetearyl alcohol\nCetostearyl alcohol\nhexadecan-1-ol;octadecan-1-ol\n8005-44-5\nCetyl/stearyl alcohol\nView More...\n  - Molecular Weight\n512.9 g/mol\nComputed by PubChem 2.2 (PubChem release 2021.10.14)\nComponent Compounds\nCID 8221 (Stearyl Alcohol)\nCID 2682 (Cetyl Alcohol)\nDates\nCreate:\n2005-08-08\nModify:\n2025-12-13\n1 Structures\n1.1 2D Structure\nStructure Search\nGet Image\nDownload Coordinates\nChemical Structure Depiction\nFull screen\nZoom in\nZoom out\nPubChem\n1.2 3D Status\nConformer generation is disallowed since too flexible, mixture or salt\nPubChem\n2 Names and Identifiers\n2.1 Computed Descriptors\n2.1.1 IUPAC Name...\n  - PubChem\n4.2 Component Compounds\nCID 8221 (Stearyl Alcohol)\nCID 2682 (Cetyl Alcohol)\nPubChem\n4.3 Related Compounds\nMixtures, Components, and Neutralized Forms Count\n2\nSimilar Compounds (2D)\nView in PubChem Search\nSimilar Conformers (3D)\nView in PubChem Search\nPubChem\n4.4 Substances\n4.4.1 Related Substances\nSame Count\n62\nPubChem\n4.4.2 Substances by Category\nPubChem\n5 Chemical Vendors\nPubChem\n6 Drug and Medication Information\n6.1 FDA National Drug Code Directory\nNational Drug Code (NDC) Directory\n6...\n  - 1):77-142, 2008\nCosmetic Ingredient Review (CIR)\n10 Literature\n10.1 Consolidated References\nPubChem\n10.2 Chemical Co-Occurrences in Literature\nPubChem\n10.3 Chemical-Disease Co-Occurrences in Literature\nPubChem\n10.4 Chemical-Organism Co-Occurrences in Literature\nPubChem\n11 Patents\n11.1 Depositor-Supplied Patent Identifiers\nPubChem\nLink to all deposited patent identifiers\nPubChem\n11.2 WIPO PATENTSCOPE\nPatents are available for this chemical structure:\nhttps://patentscope.wipo.int/search/en/result....\n  - Some ClinicalTrials.gov data may be subject to the copyright of third parties; you should consult these entities for any additional terms of use.\n\nBiological Interactions:\n  - Not specified\n\nToxicity & Safety:\n  - Molecular Weight\n512.9 g/mol\nComputed by PubChem 2.2 (PubChem release 2021.10.14)\nComponent Compounds\nCID 8221 (Stearyl Alcohol)\nCID 2682 (Cetyl Alcohol)\nDates\nCreate:\n2005-08-08\nModify:\n2025-12-13\n1 Structures\n1.1 2D Structure\nStructure Search\nGet Image\nDownload Coordinates\nChemical Structure Depiction\nFull screen\nZoom in\nZoom out\nPubChem\n1.2 3D Status\nConformer generation is disallowed since too flexible, mixture or salt\nPubChem\n2 Names and Identifiers\n2.1 Computed Descriptors\n2.1.1 IUPAC Name...\n  - 6.3 Clinical Trials\n6.3.1 ClinicalTrials.gov\nClinicalTrials.gov\n7 Use and Manufacturing\n7.1 Uses\nCosmetic Ingredient Review Link\nCIR ingredient: Cetearyl Alcohol\nJournal of the American College of Toxicology 7(3):359-413, 1988\nInternational Journal of Toxicology 27(Suppl.\n  - 1):77-142, 2008\nCosmetic Ingredient Review (CIR)\n7.1.1 Use Classification\nEPA Safer Chemical Functional Use Classes -> Emollients;Processing Aids and Additives\nEPA Safer Choice\nSafer Chemical Classes ->\nGreen circle - The chemical has been verified to be of low concern\nEPA Safer Choice\nCosmetics -> Opacifying; Viscosity controlling; Emulsion stabilizing; Emollient; Emulsifying\nS13 | EUCOSMETICS | Combined Inventory of Ingredients Employed in Cosmetic Products (2000) and Revised Inventory (2006)...\n  - EPA Safer Choice\n9 Toxicity\n9.1 Toxicological Information\n9.1.1 Toxicity Summary\nCosmetic Ingredient Review Finding(s)\nSafe in the present practices of use and concentration.\n  - Ingredient, concentration, and use information are available in documents discoverable at\nhttps://cir-reports.cir-safety.org\nJournal of the American College of Toxicology 7(3):359-413, 1988\nInternational Journal of Toxicology 27(Suppl.\n\n",
  "metadata": {
    "ingredient": "Cétéaryl alcohol",
    "CAS": "8005-44-5",
    "InChIKey": "Not specified",
    "source": "https://pubchem.ncbi.nlm.nih.gov/compound/62238",
    "timestamp": "2025-12-17T14:24:23.785624+00:00",
    "type": "ingredient_information",
    "category": "cosmetics",
    "language": "fr"
  },
  "content_length": 5122,
  "timestamp": 1765992207.1150422
}