{
  "document_name": "cacao.txt",
  "content": "Inf: ---\ningredient: Cacao\nsource: https://pubchem.ncbi.nlm.nih.gov/compound/Cacao\ntimestamp: 2025-12-17 14:45:34 UTC\ntype: ingredient_information\n---\n\nCompound Summary\nCacao\nPubChem Reference Collection S\nCAS:\n  - Not specified\n\nInChIKey:\n  - Not specified\n\nChemical Forms:\n  - Not specified\n\nChemical Properties:\n  - Medical Subject Headings (MeSH)\n1 Synonyms\nCacao\nCocoa Plant\nPlant, Cocoa\nRefChem:573200\nPubChem\n2 MeSH Entry Terms\nCacao\nCocoa Plant\nTheobroma cacao\nMedical Subject Headings (MeSH)\n3 Related Records\n3.1 Substances\n3.1.1 PubChem Reference Collection SID\n505568929\nPubChem\n4 Literature\n4.1 NLM Curated PubMed Citations\nAll NLM Curated PubMed Citations\nDownload\nadverse effects\nanalysis\nanatomy and histology\nchemistry\nclassification\ncytology\ndrug effects\neconomics\nembryology\nenzymology\ngenetics\ngrowt...\n  - https://www.nlm.nih.gov/copyright.html\nCacao\nhttps://id.nlm.nih.gov/mesh/M0003123.html\nhttps://www.nlm.nih.gov/mesh/meshhome.html\nCite\nDownload\nCONTENTS\nTitle and Summary\n1 Synonyms\n2 MeSH Entry Terms\n3 Related Records\nExpand this menu\n4 Literature\nExpand this menu\n5 Information Sources\n\nBiological Interactions:\n  - Not specified\n\nToxicity & Safety:\n  - Medical Subject Headings (MeSH)\n1 Synonyms\nCacao\nCocoa Plant\nPlant, Cocoa\nRefChem:573200\nPubChem\n2 MeSH Entry Terms\nCacao\nCocoa Plant\nTheobroma cacao\nMedical Subject Headings (MeSH)\n3 Related Records\n3.1 Substances\n3.1.1 PubChem Reference Collection SID\n505568929\nPubChem\n4 Literature\n4.1 NLM Curated PubMed Citations\nAll NLM Curated PubMed Citations\nDownload\nadverse effects\nanalysis\nanatomy and histology\nchemistry\nclassification\ncytology\ndrug effects\neconomics\nembryology\nenzymology\ngenetics\ngrowt...\n\n",
  "metadata": {
    "ingredient": "Cacao",
    "CAS": "Not specified",
    "InChIKey": "Not specified",
    "source": "https://pubchem.ncbi.nlm.nih.gov/compound/Cacao",
    "timestamp": "2025-12-17T14:45:34.593761+00:00",
    "type": "ingredient_information",
    "category": "cosmetics",
    "language": "fr"
  },
  "content_length": 1688,
  "timestamp": 1765992207.110042
}