{
  "document_name": "pétrole.txt",
  "content": "Inf: ---\ningredient: pétrole\nsource: https://pubchem.ncbi.nlm.nih.gov/compound/6435060\ntimestamp: 2025-12-17 14:42:59 UTC\ntype: ingredient_information\n---\n\ncompound Summary\nGasoline\nPubChem CID\n6435060\nStr\nCAS:\n  - 1 Structures\n1.1 2D Structure\nStructure Search\nGet Image\nDownload Coordinates\nChemical Structure Depiction\nFull screen\nZoom in\nZoom out\nPubChem\n1.2 3D Conformer\nPubChem\n2 Names and Identifiers\n2.1 Computed Descriptors\n2.1.1 IUPAC Name\n(\nE\n)-8-indol-1-yl-2,6-dimethyloct-7-en-2-ol\nComputed by Lexichem TK 2.7.0 (PubChem release 2021.10.14)\nPubChem\n2.1.2 InChI\nInChI=1S/C18H25NO/c1-15(7-6-12-18(2,3)20)10-13-19-14-11-16-8-4-5-9-17(16)19/h4-5,8-11,13-15,20H,6-7,12H2,1-3H3/b13-10+\nComputed by InChI 1.0....\n\nInChIKey:\n  - 1 Structures\n1.1 2D Structure\nStructure Search\nGet Image\nDownload Coordinates\nChemical Structure Depiction\nFull screen\nZoom in\nZoom out\nPubChem\n1.2 3D Conformer\nPubChem\n2 Names and Identifiers\n2.1 Computed Descriptors\n2.1.1 IUPAC Name\n(\nE\n)-8-indol-1-yl-2,6-dimethyloct-7-en-2-ol\nComputed by Lexichem TK 2.7.0 (PubChem release 2021.10.14)\nPubChem\n2.1.2 InChI\nInChI=1S/C18H25NO/c1-15(7-6-12-18(2,3)20)10-13-19-14-11-16-8-4-5-9-17(16)19/h4-5,8-11,13-15,20H,6-7,12H2,1-3H3/b13-10+\nComputed by InChI 1.0....\n\nChemical Forms:\n  - Molecular Weight\n271.4 g/mol\nComputed by PubChem 2.2 (PubChem release 2021.10.14)\nDates\nCreate:\n2006-04-28\nModify:\n2025-12-13\nDescription\nVolative flammable fuel (liquid hydrocarbons) derived from crude petroleum by processes such as distillation reforming, polymerization, etc.\n  - 1 Structures\n1.1 2D Structure\nStructure Search\nGet Image\nDownload Coordinates\nChemical Structure Depiction\nFull screen\nZoom in\nZoom out\nPubChem\n1.2 3D Conformer\nPubChem\n2 Names and Identifiers\n2.1 Computed Descriptors\n2.1.1 IUPAC Name\n(\nE\n)-8-indol-1-yl-2,6-dimethyloct-7-en-2-ol\nComputed by Lexichem TK 2.7.0 (PubChem release 2021.10.14)\nPubChem\n2.1.2 InChI\nInChI=1S/C18H25NO/c1-15(7-6-12-18(2,3)20)10-13-19-14-11-16-8-4-5-9-17(16)19/h4-5,8-11,13-15,20H,6-7,12H2,1-3H3/b13-10+\nComputed by InChI 1.0....\n  - · Those substances designated with a (P) may polymerize explosively when heated or involved in a fire.\n\nChemical Properties:\n  - ---\ningredient: pétrole\nsource: https://pubchem.ncbi.nlm.nih.gov/compound/6435060\ntimestamp: 2025-12-17 14:42:59 UTC\ntype: ingredient_information\n---\n\ncompound Summary\nGasoline\nPubChem CID\n6435060\nStructure\nMolecular Formula\nC\n18\nH\n25\nNO\nSynonyms\nIndolene\n8-(N-Indolyl)-2,6-dimethyl-7-octen-2-ol\n00NG926C95\nHydroxycitronellylidene-indole\nEINECS 271-284-3\nView More...\n  - 1 Structures\n1.1 2D Structure\nStructure Search\nGet Image\nDownload Coordinates\nChemical Structure Depiction\nFull screen\nZoom in\nZoom out\nPubChem\n1.2 3D Conformer\nPubChem\n2 Names and Identifiers\n2.1 Computed Descriptors\n2.1.1 IUPAC Name\n(\nE\n)-8-indol-1-yl-2,6-dimethyloct-7-en-2-ol\nComputed by Lexichem TK 2.7.0 (PubChem release 2021.10.14)\nPubChem\n2.1.2 InChI\nInChI=1S/C18H25NO/c1-15(7-6-12-18(2,3)20)10-13-19-14-11-16-8-4-5-9-17(16)19/h4-5,8-11,13-15,20H,6-7,12H2,1-3H3/b13-10+\nComputed by InChI 1.0....\n  - · Ensure that medical personnel are aware of the material(s) involved, take precautions to protect themselves and avoid contamination.\n  - · Avoid aiming straight or solid streams directly onto the product.\n  - https://cameochemicals.noaa.gov/help/reference/terms_and_conditions.htm?d_f=false\nCAMEO Chemical Reactivity Classification\nhttps://cameochemicals.noaa.gov/browse/react\nConsumer Product Information Database (CPID)\nLICENSE\nCopyright (c) 2024 DeLima Associates.\n\nBiological Interactions:\n  - Not specified\n\nToxicity & Safety:\n  - Medical Subject Headings (MeSH)\n7 Safety and Hazards\n7.1 Hazards Identification\n7.1.1 Health Hazards\nERG 2024, Guide 128 (Motor spirit)\nCAUTION: Petroleum crude oil (UN1267) may contain TOXIC\nhydrogen sulphide\ngas.\n  - · Fire may produce irritating, corrosive and/or toxic gases.\n  - Emergency Response Guidebook (ERG)\n7.1.2 Fire Hazards\nERG 2024, Guide 128 (Motor spirit)\n· HIGHLY FLAMMABLE: Will be easily ignited by heat, sparks or flames.\n  - · Vapor explosion hazard indoors, outdoors or in sewers.\n  - · Runoff to sewer may create fire or explosion hazard.\n\n",
  "metadata": {
    "ingredient": "pétrole",
    "CAS": "11-16-8",
    "InChIKey": "Not specified",
    "source": "https://pubchem.ncbi.nlm.nih.gov/compound/6435060",
    "timestamp": "2025-12-17T14:42:59.381932+00:00",
    "type": "ingredient_information",
    "category": "cosmetics",
    "language": "fr"
  },
  "content_length": 4161,
  "timestamp": 1765992207.127042
}