{
  "document_name": "yellow_6_lake.txt",
  "content": "Inf: ---\ningredient: Yellow 6 lake\nsource: https://pubchem.ncbi.nlm.nih.gov/compound/61817\ntimestamp: 2025-12-17 14:08:53 UTC\ntype: ingredient_information\n---\n\ncompound Summary\nCI 15985:1\nPubChem CID\n61817\nCAS:\n  - Molecular Weight\n432.4 g/mol\nComputed by PubChem 2.2 (PubChem release 2025.09.15)\nParent Compound\nCID 17731 (6-Hydroxy-5-(4-sulfophenylazo)-2-naphthalenesulfonic acid)\nComponent Compounds\nCID 17731 (6-Hydroxy-5-(4-sulfophenylazo)-2-naphthalenesulfonic acid)\nCID 5359268 (Aluminum)\nDates\nCreate:\n2005-08-08\nModify:\n2025-12-13\n1 Structures\n1.1 2D Structure\nStructure Search\nGet Image\nDownload Coordinates\nChemical Structure Depiction\nFull screen\nZoom in\nZoom out\nPubChem\n1.2 3D Conformer\n3D Conformer o...\n\nInChIKey:\n  - Molecular Weight\n432.4 g/mol\nComputed by PubChem 2.2 (PubChem release 2025.09.15)\nParent Compound\nCID 17731 (6-Hydroxy-5-(4-sulfophenylazo)-2-naphthalenesulfonic acid)\nComponent Compounds\nCID 17731 (6-Hydroxy-5-(4-sulfophenylazo)-2-naphthalenesulfonic acid)\nCID 5359268 (Aluminum)\nDates\nCreate:\n2005-08-08\nModify:\n2025-12-13\n1 Structures\n1.1 2D Structure\nStructure Search\nGet Image\nDownload Coordinates\nChemical Structure Depiction\nFull screen\nZoom in\nZoom out\nPubChem\n1.2 3D Conformer\n3D Conformer o...\n\nChemical Forms:\n  - Not specified\n\nChemical Properties:\n  - ---\ningredient: Yellow 6 lake\nsource: https://pubchem.ncbi.nlm.nih.gov/compound/61817\ntimestamp: 2025-12-17 14:08:53 UTC\ntype: ingredient_information\n---\n\ncompound Summary\nCI 15985:1\nPubChem CID\n61817\nStructure\nMolecular Formula\nC\n16\nH\n9\nAlN\n2\nO\n7\nS\n2\nSynonyms\nFD&C Yellow No.\n  - Molecular Weight\n432.4 g/mol\nComputed by PubChem 2.2 (PubChem release 2025.09.15)\nParent Compound\nCID 17731 (6-Hydroxy-5-(4-sulfophenylazo)-2-naphthalenesulfonic acid)\nComponent Compounds\nCID 17731 (6-Hydroxy-5-(4-sulfophenylazo)-2-naphthalenesulfonic acid)\nCID 5359268 (Aluminum)\nDates\nCreate:\n2005-08-08\nModify:\n2025-12-13\n1 Structures\n1.1 2D Structure\nStructure Search\nGet Image\nDownload Coordinates\nChemical Structure Depiction\nFull screen\nZoom in\nZoom out\nPubChem\n1.2 3D Conformer\n3D Conformer o...\n  - PubChem\n4.2 Parent Compound\nCID 17731 (6-Hydroxy-5-(4-sulfophenylazo)-2-naphthalenesulfonic acid)\nPubChem\n4.3 Component Compounds\nCID 17731 (6-Hydroxy-5-(4-sulfophenylazo)-2-naphthalenesulfonic acid)\nCID 5359268 (Aluminum)\nPubChem\n4.4 Related Compounds\nSame Parent, Connectivity Count\n28\nSame Parent, Exact Count\n26\nMixtures, Components, and Neutralized Forms Count\n2\nSimilar Compounds (2D)\nView in PubChem Search\nSimilar Conformers (3D)\nView in PubChem Search\nPubChem\n4.5 Substances\n4.5.1 PubChem Re...\n  - https://www.nlm.nih.gov/research/umls/rxnorm/docs/termsofservice.html\nFD &C yellow #6 aluminum lake\nhttps://rxnav.nlm.nih.gov/id/rxnorm/1310562\nWikidata\nLICENSE\nCCZero\nhttps://creativecommons.org/publicdomain/zero/1.0/\nAluminum, 6-hydroxy-5-((4-sulfophenyl)azo)-2-naphthalenesulfonic acid\nhttps://www.wikidata.org/wiki/Q126677622\nDisodium 6-hydroxy-5-[(E)-(4-sulfonatophenyl)diazenyl]-2-naphthalenesulfonate\nhttps://www.wikidata.org/wiki/Q72499746\nPubChem\nhttps://pubchem.ncbi.nlm.nih.gov\nGHS Classif...\n\nBiological Interactions:\n  - Not specified\n\nToxicity & Safety:\n  - Molecular Weight\n432.4 g/mol\nComputed by PubChem 2.2 (PubChem release 2025.09.15)\nParent Compound\nCID 17731 (6-Hydroxy-5-(4-sulfophenylazo)-2-naphthalenesulfonic acid)\nComponent Compounds\nCID 17731 (6-Hydroxy-5-(4-sulfophenylazo)-2-naphthalenesulfonic acid)\nCID 5359268 (Aluminum)\nDates\nCreate:\n2005-08-08\nModify:\n2025-12-13\n1 Structures\n1.1 2D Structure\nStructure Search\nGet Image\nDownload Coordinates\nChemical Structure Depiction\nFull screen\nZoom in\nZoom out\nPubChem\n1.2 3D Conformer\n3D Conformer o...\n  - 6\n,\nALUMINUM LAKE\nDocument Number (21 eCFR)\n82.706\n176.180\nFDA Packaging & Food Contact Substances (FCS)\n7 Use and Manufacturing\n7.1 Uses\n7.1.1 Use Classification\nEPA Safer Chemical Functional Use Classes -> Colorants\nEPA Safer Choice\nSafer Chemical Classes ->\nYellow triangle - The chemical has met Safer Choice Criteria for its functional ingredient-class, but has some hazard profile issues\nEPA Safer Choice\n7.1.2 Household Products\nHousehold & Commercial/Institutional Products\nInformation on 16...\n  - 6-aluminum lake\nYellow triangle - The chemical has met Safer Choice Criteria for its functional ingredient-class, but has some hazard profile issues.\n  - Specifically, a chemical with this code is not associated with a low level of hazard concern for all human health and environmental endpoints.\n  - EPA Safer Choice\n8.2 Regulatory Information\nNew Zealand EPA Inventory of Chemical Status\nCI 15985\n:1: Does not have an individual approval but may be used under an appropriate group standard\nNew Zealand Environmental Protection Authority (EPA)\n9 Patents\n9.1 Depositor-Supplied Patent Identifiers\nPubChem\nLink to all deposited patent identifiers\nPubChem\n10 Classification\n10.1 EPA Safer Choice\nEPA Safer Choice\n10.2 ChemIDplus\nChemIDplus\n10.3 Household Products Database Tree\nConsumer Product Informat...\n\n",
  "metadata": {
    "ingredient": "Yellow 6 lake",
    "CAS": "Not specified",
    "InChIKey": "Not specified",
    "source": "https://pubchem.ncbi.nlm.nih.gov/compound/61817",
    "timestamp": "2025-12-17T14:08:53.225079+00:00",
    "type": "ingredient_information",
    "category": "cosmetics",
    "language": "fr"
  },
  "content_length": 4989,
  "timestamp": 1765992207.134042
}