{
  "document_name": "jojoba.txt",
  "content": "Inf: ---\ningredient: Jojoba\nsource: https://pubchem.ncbi.nlm.nih.gov/compound/Simmondsia-chinensis-whole\ntimestamp: 2025-12-17 13:02:21 UTC\ntype: ingredient_information\n---\n\nCompound Summary\nSimmondsia chi\nCAS:\n  - Not specified\n\nInChIKey:\n  - Not specified\n\nChemical Forms:\n  - Not specified\n\nChemical Properties:\n  - 1 Synonyms\nSimmondsia chinensis whole\nB1704\nBROCCHIA DICHOTOMA WHOLE\nBUXUS CALIFORNICA WHOLE\nBUXUS CHINENSIS WHOLE\nCELASTRUS OBTUSATUS WHOLE\nCOFFEEBERRY WHOLE\nDEER NUT WHOLE\nDFM16KFA82\nGOAT NUT WHOLE\nGOATNUT WHOLE\nGRAY BOX BUSH WHOLE\nJOJOBA\nJOJOBA WHOLE\nQUININE NUT WHOLE\nRefChem:49768\nSIMMONDSIA CALIFORNICA WHOLE\nSIMMONDSIA CHINENSIS\nSIMMONDSIA CHINENSIS (LINK) C.K.SCHNEID.\n  - https://www.nlm.nih.gov/research/umls/rxnorm/docs/termsofservice.html\nSimmondsia chinensis whole extract\nhttps://rxnav.nlm.nih.gov/id/rxnorm/1369689\nCite\nDownload\nCONTENTS\nTitle and Summary\n1 Synonyms\n2 Names and Identifiers\nExpand this menu\n3 Related Records\nExpand this menu\n4 Information Sources\n\nBiological Interactions:\n  - Not specified\n\nToxicity & Safety:\n  - Not specified\n\n",
  "metadata": {
    "ingredient": "Jojoba",
    "CAS": "Not specified",
    "InChIKey": "Not specified",
    "source": "https://pubchem.ncbi.nlm.nih.gov/compound/Simmondsia-chinensis-whole",
    "timestamp": "2025-12-17T13:02:21.383748+00:00",
    "type": "ingredient_information",
    "category": "cosmetics",
    "language": "fr"
  },
  "content_length": 1082,
  "timestamp": 1765992207.121042
}