{
  "document_name": "cera_carnauba.txt",
  "content": "Inf: ---\ningredient: Cera Carnauba\nsource: https://pubchem.ncbi.nlm.nih.gov/compound/Carnauba-Wax\ntimestamp: 2025-12-17 13:46:54 UTC\ntype: ingredient_information\n---\n\nCompound Summary\nCarnauba Wax\nPubChem \nCAS:\n  - Medical Subject Headings (MeSH)\n1 Synonyms\nCarnauba Wax\nBrazil wax\nCopernicia Cerifera (Carnauba) Wax\nDTXSID3044178\nRefChem:13399\nWax, Carnauba\n232-399-4\n8015-86-9\nCera carnauba\nCopernicia Prunifera wax\nCopernicia cerifera wax\nE-903\nE903\nINS-903\nR12CBM0EIZ\nCarnauba\nWaxes, carnauba\nPubChem\n2 MeSH Entry Terms\ncarnauba wax\nMedical Subject Headings (MeSH)\nBrazil wax\nMedical Subject Headings (MeSH)\n3 Names and Identifiers\n3.1 Other Identifiers\n3.1.1 CAS\n8015-86-9\nEuropean Chemicals Agency (ECHA); Aus...\n\nInChIKey:\n  - Not specified\n\nChemical Forms:\n  - Not specified\n\nChemical Properties:\n  - Medical Subject Headings (MeSH)\n1 Synonyms\nCarnauba Wax\nBrazil wax\nCopernicia Cerifera (Carnauba) Wax\nDTXSID3044178\nRefChem:13399\nWax, Carnauba\n232-399-4\n8015-86-9\nCera carnauba\nCopernicia Prunifera wax\nCopernicia cerifera wax\nE-903\nE903\nINS-903\nR12CBM0EIZ\nCarnauba\nWaxes, carnauba\nPubChem\n2 MeSH Entry Terms\ncarnauba wax\nMedical Subject Headings (MeSH)\nBrazil wax\nMedical Subject Headings (MeSH)\n3 Names and Identifiers\n3.1 Other Identifiers\n3.1.1 CAS\n8015-86-9\nEuropean Chemicals Agency (ECHA); Aus...\n  - CAMEO Chemicals\nOther Solid; Dry Powder; Liquid; Pellets or Large Crystals\nEPA Chemical Data Reporting (CDR)\nGreenish solid; [Merck Index] Yellow to dark brown-green odorless solid; [CAMEO] Odorless flakes; [Alfa Aesar MSDS]\nHaz-Map, Information on Hazardous Chemicals and Occupational Diseases\n4.1.2 Boiling Point\nVery high (USCG, 1999)\nU.S.\n  - CAMEO Chemicals\n4.1.3 Melting Point\n187 °F (USCG, 1999)\nU.S.\n  - CAMEO Chemicals\n4.1.5 Density\n0.998 at 77 °F (USCG, 1999) - Less dense than water; will float\nU.S.\n  - 1):1-102, 2005\nCosmetic Ingredient Review (CIR)\nCosmetic ingredients (\nCopernicia Cerifera (Carnauba) Wax\n) -> CIR (Cosmetic Ingredient Review)\nCosmetic Ingredient Review (CIR)\n4.2.2 Food Additives\nANTICAKING AGENT OR FREE-FLOW AGENT, FORMULATION AID, LUBRICANT OR RELEASE AGENT, PH CONTROL AGENT, PROCESSING AID, SURFACE-FINISHING AGENT -> FDA Substance added to food\nFDA Substances Added to Food\n4.2.3 Food Contact Substances\nFCS -> FDA Inventory of Food Contact Substances Listed in 21 CFR\nFDA Pac...\n\nBiological Interactions:\n  - Not specified\n\nToxicity & Safety:\n  - Primary Hazards\nPrimary Hazards\nLaboratory Chemical Safety Summary (LCSS) Datasheet\nDescription\nWaxes: carnauba is an odorless yellow to dark brown-green solid.\n  - Chemical Hazard Response Information System (CHRIS) - Hazardous Chemical Data.\n  - Medical Subject Headings (MeSH)\n1 Synonyms\nCarnauba Wax\nBrazil wax\nCopernicia Cerifera (Carnauba) Wax\nDTXSID3044178\nRefChem:13399\nWax, Carnauba\n232-399-4\n8015-86-9\nCera carnauba\nCopernicia Prunifera wax\nCopernicia cerifera wax\nE-903\nE903\nINS-903\nR12CBM0EIZ\nCarnauba\nWaxes, carnauba\nPubChem\n2 MeSH Entry Terms\ncarnauba wax\nMedical Subject Headings (MeSH)\nBrazil wax\nMedical Subject Headings (MeSH)\n3 Names and Identifiers\n3.1 Other Identifiers\n3.1.1 CAS\n8015-86-9\nEuropean Chemicals Agency (ECHA); Aus...\n  - Chemical Hazard Response Information System (CHRIS) - Hazardous Chemical Data.\n  - CAMEO Chemicals\nOther Solid; Dry Powder; Liquid; Pellets or Large Crystals\nEPA Chemical Data Reporting (CDR)\nGreenish solid; [Merck Index] Yellow to dark brown-green odorless solid; [CAMEO] Odorless flakes; [Alfa Aesar MSDS]\nHaz-Map, Information on Hazardous Chemicals and Occupational Diseases\n4.1.2 Boiling Point\nVery high (USCG, 1999)\nU.S.\n\n",
  "metadata": {
    "ingredient": "Cera Carnauba",
    "CAS": "8015-86-9",
    "InChIKey": "Not specified",
    "source": "https://pubchem.ncbi.nlm.nih.gov/compound/Carnauba-Wax",
    "timestamp": "2025-12-17T13:46:55.136498+00:00",
    "type": "ingredient_information",
    "category": "cosmetics",
    "language": "fr"
  },
  "content_length": 3587,
  "timestamp": 1765992207.111042
}