{
  "document_name": "bétacarotène.txt",
  "content": "Inf: ---\ningredient: BÉTACAROTÈNE\nsource: https://pubchem.ncbi.nlm.nih.gov/compound/14192313\ntimestamp: 2025-12-17 13:45:41 UTC\ntype: ingredient_information\n---\n\ncompound Summary\nBetacarotene impurity 13\nP\nCAS:\n  - ---\ningredient: BÉTACAROTÈNE\nsource: https://pubchem.ncbi.nlm.nih.gov/compound/14192313\ntimestamp: 2025-12-17 13:45:41 UTC\ntype: ingredient_information\n---\n\ncompound Summary\nBetacarotene impurity 13\nPubChem CID\n14192313\nStructure\nMolecular Formula\nC\n40\nH\n56\nO\n2\nSynonyms\nBetacarotene impurity 13\nSCHEMBL29449295\nMolecular Weight\n568.9 g/mol\nComputed by PubChem 2.1 (PubChem release 2021.05.07)\nDates\nCreate:\n2007-02-09\nModify:\n2025-12-13\n1 Structures\n1.1 2D Structure\nStructure Search\nGet Image\nDownl...\n\nInChIKey:\n  - ---\ningredient: BÉTACAROTÈNE\nsource: https://pubchem.ncbi.nlm.nih.gov/compound/14192313\ntimestamp: 2025-12-17 13:45:41 UTC\ntype: ingredient_information\n---\n\ncompound Summary\nBetacarotene impurity 13\nPubChem CID\n14192313\nStructure\nMolecular Formula\nC\n40\nH\n56\nO\n2\nSynonyms\nBetacarotene impurity 13\nSCHEMBL29449295\nMolecular Weight\n568.9 g/mol\nComputed by PubChem 2.1 (PubChem release 2021.05.07)\nDates\nCreate:\n2007-02-09\nModify:\n2025-12-13\n1 Structures\n1.1 2D Structure\nStructure Search\nGet Image\nDownl...\n\nChemical Forms:\n  - Not specified\n\nChemical Properties:\n  - ---\ningredient: BÉTACAROTÈNE\nsource: https://pubchem.ncbi.nlm.nih.gov/compound/14192313\ntimestamp: 2025-12-17 13:45:41 UTC\ntype: ingredient_information\n---\n\ncompound Summary\nBetacarotene impurity 13\nPubChem CID\n14192313\nStructure\nMolecular Formula\nC\n40\nH\n56\nO\n2\nSynonyms\nBetacarotene impurity 13\nSCHEMBL29449295\nMolecular Weight\n568.9 g/mol\nComputed by PubChem 2.1 (PubChem release 2021.05.07)\nDates\nCreate:\n2007-02-09\nModify:\n2025-12-13\n1 Structures\n1.1 2D Structure\nStructure Search\nGet Image\nDownl...\n  - https://creativecommons.org/licenses/by-nc/4.0/\nAurochrome\nhttps://commonchemistry.cas.org/detail?cas_rn=6821-09-6\nJapan Chemical Substance Dictionary (Nikkaji)\nhttp://jglobal.jst.go.jp/en/redirect?Nikkaji_No=J1.432.180B\nLIPID MAPS\nAurochrome\nhttps://lipidmaps.org/databases/lmsd/LMPR01070708\nLipid Classification\nhttps://www.lipidmaps.org/\nSpectraBase\n.beta.,.beta.-Carotene, 5,8:5',8'-diepoxy-5,5',8,8'-tetrahydro-, (5R,5'R,8S,8'S)-(.+-.)-\nhttps://spectrabase.com/spectrum/KzEi2lGCvgy\nPubChem\nhttps...\n\nBiological Interactions:\n  - Not specified\n\nToxicity & Safety:\n  - Not specified\n\n",
  "metadata": {
    "ingredient": "BÉTACAROTÈNE",
    "CAS": "6821-09-6",
    "InChIKey": "Not specified",
    "source": "https://pubchem.ncbi.nlm.nih.gov/compound/14192313",
    "timestamp": "2025-12-17T13:45:42.004632+00:00",
    "type": "ingredient_information",
    "category": "cosmetics",
    "language": "fr"
  },
  "content_length": 2394,
  "timestamp": 1765992207.110042
}