{
  "document_name": "peach.txt",
  "content": "Inf: ---\ningredient: Peach\nsource: https://pubchem.ncbi.nlm.nih.gov/compound/Peach\ntimestamp: 2025-12-17 14:04:20 UTC\ntype: ingredient_information\n---\n\nCompound Summary\nPeach\nPubChem Reference Collection S\nCAS:\n  - Not specified\n\nInChIKey:\n  - Not specified\n\nChemical Forms:\n  - Not specified\n\nChemical Properties:\n  - 1 Synonyms\nPeach\nRefChem:44552\n3OKE88I3QG\nB1350\nB1585\nB1593\nPEACH PUREE\nPEACH, CLINGSTONE\nPEACH, FREESTONE\nPEACHES, RAW\nPEACHES,RAW\nPubChem\n2 Names and Identifiers\n2.1 Other Identifiers\n2.1.1 UNII\n3OKE88I3QG\nFDA Global Substance Registration System (GSRS)\n2.1.2 NCI Thesaurus Code\nC72027\nNCI Thesaurus (NCIt)\n2.1.3 RXCUI\n892575\nNLM RxNorm Terminology\n3 Related Records\n3.1 Substances\n3.1.1 PubChem Reference Collection SID\n482025744\nPubChem\n3.2 Other Relationships\nPrunus persica whole\n(related)\nA-15...\n  - https://www.nlm.nih.gov/research/umls/rxnorm/docs/termsofservice.html\npeach allergenic extract\nhttps://rxnav.nlm.nih.gov/id/rxnorm/892575\nCite\nDownload\nCONTENTS\nTitle and Summary\n1 Synonyms\n2 Names and Identifiers\nExpand this menu\n3 Related Records\nExpand this menu\n4 Pharmacology and Biochemistry\nExpand this menu\n5 Information Sources\n\nBiological Interactions:\n  - 1 Synonyms\nPeach\nRefChem:44552\n3OKE88I3QG\nB1350\nB1585\nB1593\nPEACH PUREE\nPEACH, CLINGSTONE\nPEACH, FREESTONE\nPEACHES, RAW\nPEACHES,RAW\nPubChem\n2 Names and Identifiers\n2.1 Other Identifiers\n2.1.1 UNII\n3OKE88I3QG\nFDA Global Substance Registration System (GSRS)\n2.1.2 NCI Thesaurus Code\nC72027\nNCI Thesaurus (NCIt)\n2.1.3 RXCUI\n892575\nNLM RxNorm Terminology\n3 Related Records\n3.1 Substances\n3.1.1 PubChem Reference Collection SID\n482025744\nPubChem\n3.2 Other Relationships\nPrunus persica whole\n(related)\nA-15...\n\nToxicity & Safety:\n  - Not specified\n\n",
  "metadata": {
    "ingredient": "Peach",
    "CAS": "Not specified",
    "InChIKey": "Not specified",
    "source": "https://pubchem.ncbi.nlm.nih.gov/compound/Peach",
    "timestamp": "2025-12-17T14:04:21.005025+00:00",
    "type": "ingredient_information",
    "category": "cosmetics",
    "language": "fr"
  },
  "content_length": 1737,
  "timestamp": 1765992207.1250422
}