{
  "document_name": "alumine.txt",
  "content": "Inf: ---\ningredient: Alumine\nsource: https://pubchem.ncbi.nlm.nih.gov/compound/177617529\ntimestamp: 2025-12-17 14:50:18 UTC\ntype: ingredient_information\n---\n\ncompound Summary\ntri(propan-2-yl)-[1-(2,4,6-tri\nCAS:\n  - Not specified\n\nInChIKey:\n  - ---\ningredient: Alumine\nsource: https://pubchem.ncbi.nlm.nih.gov/compound/177617529\ntimestamp: 2025-12-17 14:50:18 UTC\ntype: ingredient_information\n---\n\ncompound Summary\ntri(propan-2-yl)-[1-(2,4,6-trimethylphenyl)-4-[1-(2,4,6-trimethylphenyl)-2,6-bis[tri(propan-2-yl)silyl]-4H-alumin-4-yl]-6-tri(propan-2-yl)silyl-4H-alumin-2-yl]silane\nPubChem CID\n177617529\nStructure\nMolecular Formula\nC\n64\nH\n112\nAl\n2\nSi\n4\nMolecular Weight\n1047.9 g/mol\nComputed by PubChem 2.2 (PubChem release 2025.09.15)\nDates\nCrea...\n\nChemical Forms:\n  - Not specified\n\nChemical Properties:\n  - ---\ningredient: Alumine\nsource: https://pubchem.ncbi.nlm.nih.gov/compound/177617529\ntimestamp: 2025-12-17 14:50:18 UTC\ntype: ingredient_information\n---\n\ncompound Summary\ntri(propan-2-yl)-[1-(2,4,6-trimethylphenyl)-4-[1-(2,4,6-trimethylphenyl)-2,6-bis[tri(propan-2-yl)silyl]-4H-alumin-4-yl]-6-tri(propan-2-yl)silyl-4H-alumin-2-yl]silane\nPubChem CID\n177617529\nStructure\nMolecular Formula\nC\n64\nH\n112\nAl\n2\nSi\n4\nMolecular Weight\n1047.9 g/mol\nComputed by PubChem 2.2 (PubChem release 2025.09.15)\nDates\nCrea...\n\nBiological Interactions:\n  - Not specified\n\nToxicity & Safety:\n  - Not specified\n\n",
  "metadata": {
    "ingredient": "Alumine",
    "CAS": "Not specified",
    "InChIKey": "Not specified",
    "source": "https://pubchem.ncbi.nlm.nih.gov/compound/177617529",
    "timestamp": "2025-12-17T14:50:18.918576+00:00",
    "type": "ingredient_information",
    "category": "cosmetics",
    "language": "fr"
  },
  "content_length": 1396,
  "timestamp": 1765992207.107042
}