{
  "document_name": "wax_de_carnauba.txt",
  "content": "Inf: ---\ningredient: WAX DE CARNAUBA\nsource: https://pubchem.ncbi.nlm.nih.gov/compound/47206909\ntimestamp: 2025-12-17 13:45:33 UTC\ntype: ingredient_information\n---\n\ncompound Summary\nCarnauba wax No. 1 yell\nCAS:\n  - Not specified\n\nInChIKey:\n  - 3 yellow\nJRZQHJSHQDRSBO-UHFFFAOYSA-N\nMolecular Weight\n250.32 g/mol\nComputed by PubChem 2.1 (PubChem release 2021.05.07)\nDates\nCreate:\n2010-11-26\nModify:\n2025-12-13\n1 Structures\n1.1 2D Structure\nStructure Search\nGet Image\nDownload Coordinates\nChemical Structure Depiction\nFull screen\nZoom in\nZoom out\nPubChem\n1.2 3D Conformer\nPubChem\n2 Names and Identifiers\n2.1 Computed Descriptors\n2.1.1 IUPAC Name\n2-(ethylsulfonylmethyl)-3-methylquinoxaline\nComputed by LexiChem 2.6.6 (PubChem release 2019.06.18)\nP...\n\nChemical Forms:\n  - Not specified\n\nChemical Properties:\n  - 1 yellow\nPubChem CID\n47206909\nStructure\nMolecular Formula\nC\n12\nH\n14\nN\n2\nO\n2\nS\nSynonyms\nCarnauba wax No.\n  - 3 yellow\nJRZQHJSHQDRSBO-UHFFFAOYSA-N\nMolecular Weight\n250.32 g/mol\nComputed by PubChem 2.1 (PubChem release 2021.05.07)\nDates\nCreate:\n2010-11-26\nModify:\n2025-12-13\n1 Structures\n1.1 2D Structure\nStructure Search\nGet Image\nDownload Coordinates\nChemical Structure Depiction\nFull screen\nZoom in\nZoom out\nPubChem\n1.2 3D Conformer\nPubChem\n2 Names and Identifiers\n2.1 Computed Descriptors\n2.1.1 IUPAC Name\n2-(ethylsulfonylmethyl)-3-methylquinoxaline\nComputed by LexiChem 2.6.6 (PubChem release 2019.06.18)\nP...\n\nBiological Interactions:\n  - Not specified\n\nToxicity & Safety:\n  - Not specified\n\n",
  "metadata": {
    "ingredient": "WAX DE CARNAUBA",
    "CAS": "Not specified",
    "InChIKey": "JRZQHJSHQDRSBO-UHFFFAOYSA-N",
    "source": "https://pubchem.ncbi.nlm.nih.gov/compound/47206909",
    "timestamp": "2025-12-17T13:45:33.459793+00:00",
    "type": "ingredient_information",
    "category": "cosmetics",
    "language": "fr"
  },
  "content_length": 1504,
  "timestamp": 1765992207.133042
}