{
  "document_name": "tapioca_starch.txt",
  "content": "Inf: ---\ningredient: Tapioca Starch\nsource: https://pubchem.ncbi.nlm.nih.gov/compound/24836924\ntimestamp: 2025-12-17 13:28:29 UTC\ntype: ingredient_information\n---\n\ncompound Summary\nNpc214502\nPubChem CID\n24\nCAS:\n  - Not specified\n\nInChIKey:\n  - ---\ningredient: Tapioca Starch\nsource: https://pubchem.ncbi.nlm.nih.gov/compound/24836924\ntimestamp: 2025-12-17 13:28:29 UTC\ntype: ingredient_information\n---\n\ncompound Summary\nNpc214502\nPubChem CID\n24836924\nStructure\nMolecular Formula\nC\n27\nH\n48\nO\n20\nSynonyms\nRefChem:1092879\nNpc214502\n5-[5-[3,4-dihydroxy-6-(hydroxymethyl)-5-methoxyoxan-2-yl]oxy-6-[[3,4-dihydroxy-6-(hydroxymethyl)-5-methoxyoxan-2-yl]oxymethyl]-3,4-dihydroxyoxan-2-yl]oxy-6-(hydroxymethyl)-2-methyloxane-3,4-diol\nSCHEMBL25218454\nMole...\n\nChemical Forms:\n  - Not specified\n\nChemical Properties:\n  - ---\ningredient: Tapioca Starch\nsource: https://pubchem.ncbi.nlm.nih.gov/compound/24836924\ntimestamp: 2025-12-17 13:28:29 UTC\ntype: ingredient_information\n---\n\ncompound Summary\nNpc214502\nPubChem CID\n24836924\nStructure\nMolecular Formula\nC\n27\nH\n48\nO\n20\nSynonyms\nRefChem:1092879\nNpc214502\n5-[5-[3,4-dihydroxy-6-(hydroxymethyl)-5-methoxyoxan-2-yl]oxy-6-[[3,4-dihydroxy-6-(hydroxymethyl)-5-methoxyoxan-2-yl]oxymethyl]-3,4-dihydroxyoxan-2-yl]oxy-6-(hydroxymethyl)-2-methyloxane-3,4-diol\nSCHEMBL25218454\nMole...\n\nBiological Interactions:\n  - Not specified\n\nToxicity & Safety:\n  - Not specified\n\n",
  "metadata": {
    "ingredient": "Tapioca Starch",
    "CAS": "Not specified",
    "InChIKey": "Not specified",
    "source": "https://pubchem.ncbi.nlm.nih.gov/compound/24836924",
    "timestamp": "2025-12-17T13:28:29.557502+00:00",
    "type": "ingredient_information",
    "category": "cosmetics",
    "language": "fr"
  },
  "content_length": 1396,
  "timestamp": 1765992207.131042
}