{
  "document_name": "polysilicone-11.txt",
  "content": "Inf: ---\ningredient: Polysilicone-11\nsource: https://pubchem.ncbi.nlm.nih.gov/compound/Polysilicone-11\ntimestamp: 2025-12-17 14:43:51 UTC\ntype: ingredient_information\n---\n\nCompound Summary\nPolysilicone-11\n\nCAS:\n  - Not specified\n\nInChIKey:\n  - Not specified\n\nChemical Forms:\n  - Not specified\n\nChemical Properties:\n  - 1 Synonyms\nPolysilicone-11\nRefChem:866982\nPubChem\n2 Chemical and Physical Properties\n2.1 Chemical Classes\n2.1.1 Cosmetics\nCosmetic ingredients (\nPolysilicone-11\n) -> CIR (Cosmetic Ingredient Review)\nInternational Journal of Toxicology 43(Suppl.\n  - 3):120S-127S, 2024\nCosmetic Ingredient Review (CIR)\n6 Information Sources\nFilter by Source\nALL SOURCES\nCosmetic Ingredient Review (CIR)\nPubChem\nPubChem\nhttps://pubchem.ncbi.nlm.nih.gov\nCosmetic Ingredient Review (CIR)\nLICENSE\nhttps://cir-safety.org/terms-use\nPolysilicone-11\nhttps://cir-reports.cir-safety.org/cir-ingredient-status-report/?id=4261ed83-1866-4955-a91f-adcdfefeab98\nCite\nDownload\nCONTENTS\nTitle and Summary\n1 Synonyms\n2 Chemical and Physical Properties\nExpand this menu\n3 Related Record...\n\nBiological Interactions:\n  - Not specified\n\nToxicity & Safety:\n  - 1 Synonyms\nPolysilicone-11\nRefChem:866982\nPubChem\n2 Chemical and Physical Properties\n2.1 Chemical Classes\n2.1.1 Cosmetics\nCosmetic ingredients (\nPolysilicone-11\n) -> CIR (Cosmetic Ingredient Review)\nInternational Journal of Toxicology 43(Suppl.\n  - 3):120S-127S, 2024\nCosmetic Ingredient Review (CIR)\n3 Related Records\n3.1 Substances\n3.1.1 PubChem Reference Collection SID\n505862907\nPubChem\n4 Use and Manufacturing\n4.1 Uses\nCosmetic Ingredient Review Link\nCIR ingredient: Polysilicone-11\nInternational Journal of Toxicology 43(Suppl.\n  - 3):120S-127S, 2024\nCosmetic Ingredient Review (CIR)\n5 Toxicity\n5.1 Toxicological Information\n5.1.1 Toxicity Summary\nCosmetic Ingredient Review Finding(s)\nSafe in the present practices of use and concentration.\n  - Ingredient, concentration, and use information are available in documents discoverable at\nhttps://cir-reports.cir-safety.org\nInternational Journal of Toxicology 43(Suppl.\n  - 3):120S-127S, 2024\nCosmetic Ingredient Review (CIR)\n6 Information Sources\nFilter by Source\nALL SOURCES\nCosmetic Ingredient Review (CIR)\nPubChem\nPubChem\nhttps://pubchem.ncbi.nlm.nih.gov\nCosmetic Ingredient Review (CIR)\nLICENSE\nhttps://cir-safety.org/terms-use\nPolysilicone-11\nhttps://cir-reports.cir-safety.org/cir-ingredient-status-report/?id=4261ed83-1866-4955-a91f-adcdfefeab98\nCite\nDownload\nCONTENTS\nTitle and Summary\n1 Synonyms\n2 Chemical and Physical Properties\nExpand this menu\n3 Related Record...\n\n",
  "metadata": {
    "ingredient": "Polysilicone-11",
    "CAS": "Not specified",
    "InChIKey": "Not specified",
    "source": "https://pubchem.ncbi.nlm.nih.gov/compound/Polysilicone-11",
    "timestamp": "2025-12-17T14:43:52.042868+00:00",
    "type": "ingredient_information",
    "category": "cosmetics",
    "language": "fr"
  },
  "content_length": 2572,
  "timestamp": 1765992207.1260421
}