{
  "document_name": "styreneacrylates_copolymer.txt",
  "content": "---\ningredient: Styrene/Acrylates Copolymer\nsource: https://pubchem.ncbi.nlm.nih.gov/compound/Styrene_Acrylates-Copolymer\ntimestamp: 2025-12-17 14:18:17 UTC\ntype: ingredient_information\n---\n\nCompound Summary\nStyrene/Acrylates Copolymer\nPubChem Reference Collection SID\n505885296\nPubChem CID\nNot available and might not be a discrete structure.\n1 Synonyms\nStyrene/Acrylates Copolymer\nRefChem:889371\nPubChem\n2 Chemical and Physical Properties\n2.1 Chemical Classes\n2.1.1 Cosmetics\nCosmetic ingredients (\nStyrene/Acrylates Copolymer\n) -> CIR (Cosmetic Ingredient Review)\nFinal Report 9/2014 Available from CIR\nCosmetic Ingredient Review (CIR)\n3 Related Records\n3.1 Substances\n3.1.1 PubChem Reference Collection SID\n505885296\nPubChem\n4 Use and Manufacturing\n4.1 Uses\nCosmetic Ingredient Review Link\nCIR ingredient: Styrene/Acrylates Copolymer\nFinal Report 9/2014 Available from CIR\nCosmetic Ingredient Review (CIR)\n5 Toxicity\n5.1 Toxicological Information\n5.1.1 Toxicity Summary\nCosmetic Ingredient Review Finding(s)\nSafe in the present practices of use and concentration. Ingredient, concentration, and use information are available in documents discoverable at\nhttps://cir-reports.cir-safety.org\nFinal Report 9/2014 Available from CIR\nCosmetic Ingredient Review (CIR)\n6 Information Sources\nFilter by Source\nALL SOURCES\nCosmetic Ingredient Review (CIR)\nPubChem\nPubChem\nhttps://pubchem.ncbi.nlm.nih.gov\nCosmetic Ingredient Review (CIR)\nLICENSE\nhttps://cir-safety.org/terms-use\nStyrene/Acrylates Copolymer\nhttps://cir-reports.cir-safety.org/cir-ingredient-status-report/?id=b39ff976-7214-4e25-ba2d-5616cb05974e\nCite\nDownload\nCONTENTS\nTitle and Summary\n1 Synonyms\n2 Chemical and Physical Properties\nExpand this menu\n3 Related Records\nExpand this menu\n4 Use and Manufacturing\nExpand this menu\n5 Toxicity\nExpand this menu\n6 Information Sources\n",
  "metadata": {},
  "content_length": 1835,
  "timestamp": 1765992207.131042
}