{
  "document_name": "colorant.txt",
  "content": "Inf: ---\ningredient: Colorant\nsource: https://pubchem.ncbi.nlm.nih.gov/compound/135540444\ntimestamp: 2025-12-17 13:58:03 UTC\ntype: ingredient_information\n---\n\ncompound Summary\nColor precursor X-4405\nPubChe\nCAS:\n  - Molecular Weight\n263.3 g/mol\nComputed by PubChem 2.2 (PubChem release 2025.09.15)\nDates\nCreate:\n2019-01-15\nModify:\n2025-12-13\n1 Structures\n1.1 2D Structure\nStructure Search\nGet Image\nDownload Coordinates\nChemical Structure Depiction\nFull screen\nZoom in\nZoom out\nPubChem\n1.2 3D Conformer\nPubChem\n2 Names and Identifiers\n2.1 Computed Descriptors\n2.1.1 IUPAC Name\n4-[(\nE\n)-2-(3,3-dimethylindol-2-yl)ethenyl]phenol\nComputed by Lexichem TK 2.9.3 (PubChem release 2025.09.15)\nPubChem\n2.1.2 InChI\nInChI=1S/C...\n\nInChIKey:\n  - Molecular Weight\n263.3 g/mol\nComputed by PubChem 2.2 (PubChem release 2025.09.15)\nDates\nCreate:\n2019-01-15\nModify:\n2025-12-13\n1 Structures\n1.1 2D Structure\nStructure Search\nGet Image\nDownload Coordinates\nChemical Structure Depiction\nFull screen\nZoom in\nZoom out\nPubChem\n1.2 3D Conformer\nPubChem\n2 Names and Identifiers\n2.1 Computed Descriptors\n2.1.1 IUPAC Name\n4-[(\nE\n)-2-(3,3-dimethylindol-2-yl)ethenyl]phenol\nComputed by Lexichem TK 2.9.3 (PubChem release 2025.09.15)\nPubChem\n2.1.2 InChI\nInChI=1S/C...\n\nChemical Forms:\n  - Not specified\n\nChemical Properties:\n  - ---\ningredient: Colorant\nsource: https://pubchem.ncbi.nlm.nih.gov/compound/135540444\ntimestamp: 2025-12-17 13:58:03 UTC\ntype: ingredient_information\n---\n\ncompound Summary\nColor precursor X-4405\nPubChem CID\n135540444\nStructure\nMolecular Formula\nC\n18\nH\n17\nNO\nSynonyms\nColor precursor X-4405\nNSC 328474\nPhenol, 4-(2-(3,3-dimethyl-3H-indol-2-yl)ethenyl)-\n4-[2-(3,3-Dimethyl-3H-indol-2-yl)-vinyl]-phenol\n1980-93-4\nView More...\n  - Molecular Weight\n263.3 g/mol\nComputed by PubChem 2.2 (PubChem release 2025.09.15)\nDates\nCreate:\n2019-01-15\nModify:\n2025-12-13\n1 Structures\n1.1 2D Structure\nStructure Search\nGet Image\nDownload Coordinates\nChemical Structure Depiction\nFull screen\nZoom in\nZoom out\nPubChem\n1.2 3D Conformer\nPubChem\n2 Names and Identifiers\n2.1 Computed Descriptors\n2.1.1 IUPAC Name\n4-[(\nE\n)-2-(3,3-dimethylindol-2-yl)ethenyl]phenol\nComputed by Lexichem TK 2.9.3 (PubChem release 2025.09.15)\nPubChem\n2.1.2 InChI\nInChI=1S/C...\n  - 21 Yellow\np-(2-(3,3-Dimethyl-3H-indol-2-yl)vinyl)phenol\nPhenol, p-(2-(3,3-dimethyl-3H-indol-2-yl)vinyl)-\nPhenol, p-[2-(3,3-dimethyl-3H-indol-2-yl)vinyl]-\nNSC-328474\nColor precursor X 4405\n9NT3M2UGF5\n4-[2-(3,3-Dimethyl-3H-indol-2-yl)ethenyl]phenol\n4-[(E)-2-(3,3-Dimethyl-3H-indol-2-yl)ethenyl]phenol #\nPubChem\n3 Chemical and Physical Properties\n3.1 Computed Properties\nProperty Name\nProperty Value\nReference\nProperty Name\nMolecular Weight\nProperty Value\n263.3 g/mol\nReference\nComputed by PubChem 2.2 (...\n  - PubChem\n5.2 Related Compounds\nSame Connectivity Count\n3\nSame Parent, Connectivity Count\n5\nSame Parent, Exact Count\n3\nMixtures, Components, and Neutralized Forms Count\n2\nSimilar Compounds (2D)\nView in PubChem Search\nSimilar Conformers (3D)\nView in PubChem Search\nPubChem\n5.3 Substances\n5.3.1 PubChem Reference Collection SID\n504632753\nPubChem\n5.3.2 Related Substances\nAll Count\n25\nSame Count\n21\nMixture Count\n4\nPubChem\n5.3.3 Substances by Category\nPubChem\n6 Chemical Vendors\nPubChem\n7 Use and Manufact...\n\nBiological Interactions:\n  - Not specified\n\nToxicity & Safety:\n  - Molecular Weight\n263.3 g/mol\nComputed by PubChem 2.2 (PubChem release 2025.09.15)\nDates\nCreate:\n2019-01-15\nModify:\n2025-12-13\n1 Structures\n1.1 2D Structure\nStructure Search\nGet Image\nDownload Coordinates\nChemical Structure Depiction\nFull screen\nZoom in\nZoom out\nPubChem\n1.2 3D Conformer\nPubChem\n2 Names and Identifiers\n2.1 Computed Descriptors\n2.1.1 IUPAC Name\n4-[(\nE\n)-2-(3,3-dimethylindol-2-yl)ethenyl]phenol\nComputed by Lexichem TK 2.9.3 (PubChem release 2025.09.15)\nPubChem\n2.1.2 InChI\nInChI=1S/C...\n  - PubChem\n5.2 Related Compounds\nSame Connectivity Count\n3\nSame Parent, Connectivity Count\n5\nSame Parent, Exact Count\n3\nMixtures, Components, and Neutralized Forms Count\n2\nSimilar Compounds (2D)\nView in PubChem Search\nSimilar Conformers (3D)\nView in PubChem Search\nPubChem\n5.3 Substances\n5.3.1 PubChem Reference Collection SID\n504632753\nPubChem\n5.3.2 Related Substances\nAll Count\n25\nSame Count\n21\nMixture Count\n4\nPubChem\n5.3.3 Substances by Category\nPubChem\n6 Chemical Vendors\nPubChem\n7 Use and Manufact...\n\n",
  "metadata": {
    "ingredient": "Colorant",
    "CAS": "1980-93-4",
    "InChIKey": "Not specified",
    "source": "https://pubchem.ncbi.nlm.nih.gov/compound/135540444",
    "timestamp": "2025-12-17T13:58:03.247521+00:00",
    "type": "ingredient_information",
    "category": "cosmetics",
    "language": "fr"
  },
  "content_length": 4326,
  "timestamp": 1765992207.113042
}