{
  "document_name": "vaseline.txt",
  "content": "Inf: ---\ningredient: Vaseline\nsource: https://pubchem.ncbi.nlm.nih.gov/compound/Petrolatum\ntimestamp: 2025-12-17 12:52:01 UTC\ntype: ingredient_information\n---\n\nCompound Summary\nPetrolatum\nPubChem Reference\nCAS:\n  - 1 Synonyms\nPetrolatum\n43% Petrolaum Skin Protectant\nA and D plus E\nAD Overnight Healing\nAG INTERNATIONAL\nAG INTERNATIONAL Vitamin A and D\nAGVIT AD\nALOE VESTA PROTECTIVE BARRIER\nAMORAY BABY SCENT Petrolatum Jelly\nAMORAY COCOA BUTTER SCENTED Petrolatum Jelly\nASTONEA PETROLATUM\nASTONEA-Vitamins A and D\nAdvanced Healing\nAllermi Skin Savior\nAllure Creamy Petroleum\nAloe Vera Petrolatum Jelly\nAmar Petroleum\nAmar Petroleum All Purpose Adults\nAmar Petroleum Cocoa Butter Scented\nAmar Petroleum with Aloe V...\n\nInChIKey:\n  - Not specified\n\nChemical Forms:\n  - Not specified\n\nChemical Properties:\n  - 1 Synonyms\nPetrolatum\n43% Petrolaum Skin Protectant\nA and D plus E\nAD Overnight Healing\nAG INTERNATIONAL\nAG INTERNATIONAL Vitamin A and D\nAGVIT AD\nALOE VESTA PROTECTIVE BARRIER\nAMORAY BABY SCENT Petrolatum Jelly\nAMORAY COCOA BUTTER SCENTED Petrolatum Jelly\nASTONEA PETROLATUM\nASTONEA-Vitamins A and D\nAdvanced Healing\nAllermi Skin Savior\nAllure Creamy Petroleum\nAloe Vera Petrolatum Jelly\nAmar Petroleum\nAmar Petroleum All Purpose Adults\nAmar Petroleum Cocoa Butter Scented\nAmar Petroleum with Aloe V...\n  - CAMEO Chemicals\n302Â °C\nILO-WHO International Chemical Safety Cards (ICSCs)\n4.1.6 Melting Point\n38-54 °C\nThe Merck Index.\n  - CAMEO Chemicals\n38-60\nMSDS\nDrugBank\n36-60Â °C\nILO-WHO International Chemical Safety Cards (ICSCs)\n4.1.7 Flash Point\n360 to 430 °F (USCG, 1999)\nU.S.\n  - CAMEO Chemicals\n182-221Â °C\nILO-WHO International Chemical Safety Cards (ICSCs)\n4.1.8 Solubility\nPRACTICALLY INSOL IN WATER, GLYCEROL, ALCOHOL; SOL IN BENZENE, CHLOROFORM, ETHER, PETROLEUM ETHER, CARBON DISULFIDE, OILS\nThe Merck Index.\n  - 931\nHazardous Substances Data Bank (HSDB)\nInsoluble\nMSDS\nDrugBank\nSolubility in water: none\nILO-WHO International Chemical Safety Cards (ICSCs)\n4.1.9 Density\n0.820-0.865 AT 60 DEG/25 °C\nThe Merck Index.\n\nBiological Interactions:\n  - Not specified\n\nToxicity & Safety:\n  - Primary Hazards\nLaboratory Chemical Safety Summary (LCSS) Datasheet\nDescription\nPetrolatum appears as dark brown, green, amber or white odorless thick liquid.\n  - Chemical Hazard Response Information System (CHRIS) - Hazardous Chemical Data.\n  - 1 Synonyms\nPetrolatum\n43% Petrolaum Skin Protectant\nA and D plus E\nAD Overnight Healing\nAG INTERNATIONAL\nAG INTERNATIONAL Vitamin A and D\nAGVIT AD\nALOE VESTA PROTECTIVE BARRIER\nAMORAY BABY SCENT Petrolatum Jelly\nAMORAY COCOA BUTTER SCENTED Petrolatum Jelly\nASTONEA PETROLATUM\nASTONEA-Vitamins A and D\nAdvanced Healing\nAllermi Skin Savior\nAllure Creamy Petroleum\nAloe Vera Petrolatum Jelly\nAmar Petroleum\nAmar Petroleum All Purpose Adults\nAmar Petroleum Cocoa Butter Scented\nAmar Petroleum with Aloe V...\n  - Chemical Hazard Response Information System (CHRIS) - Hazardous Chemical Data.\n  - CAMEO Chemicals\nLiquid; Other Solid\nEPA Chemical Data Reporting (CDR)\nSemisolid or liquid (hydrocarbon mixture); Solid is water-white or pale yellow; [Hawley] Colorless, white, or yellowish to light amber semisolid; [HSDB] White, amber, dark brown, or green thick liquid; [CAMEO]\nHaz-Map, Information on Hazardous Chemicals and Occupational Diseases\nCOLOURLESS-TO-WHITE WAXY PASTE.\n\n",
  "metadata": {
    "ingredient": "Vaseline",
    "CAS": "Not specified",
    "InChIKey": "Not specified",
    "source": "https://pubchem.ncbi.nlm.nih.gov/compound/Petrolatum",
    "timestamp": "2025-12-17T12:52:01.679070+00:00",
    "type": "ingredient_information",
    "category": "cosmetics",
    "language": "fr"
  },
  "content_length": 3326,
  "timestamp": 1765992207.133042
}