{
  "document_name": "acide_lactic.txt",
  "content": "Inf: ---\ningredient: Acide lactic\nsource: https://pubchem.ncbi.nlm.nih.gov/compound/86738147\ntimestamp: 2025-12-17 13:39:01 UTC\ntype: ingredient_information\n---\n\ncompound Summary\nPhosphoric Acid Lactic Aci\nCAS:\n  - Not specified\n\nInChIKey:\n  - ---\ningredient: Acide lactic\nsource: https://pubchem.ncbi.nlm.nih.gov/compound/86738147\ntimestamp: 2025-12-17 13:39:01 UTC\ntype: ingredient_information\n---\n\ncompound Summary\nPhosphoric Acid Lactic Acid\nPubChem CID\n86738147\nStructure\nMolecular Formula\nC\n3\nH\n9\nO\n7\nP\nSynonyms\nPhosphoric Acid Lactic Acid\nSCHEMBL1840424\nRZCQYSSUIAJBDQ-UHFFFAOYSA-N\nMolecular Weight\n188.07 g/mol\nComputed by PubChem 2.1 (PubChem release 2021.05.07)\nComponent Compounds\nCID 1004 (Phosphoric Acid)\nCID 612 (Lactic Acid)\nDat...\n\nChemical Forms:\n  - Not specified\n\nChemical Properties:\n  - ---\ningredient: Acide lactic\nsource: https://pubchem.ncbi.nlm.nih.gov/compound/86738147\ntimestamp: 2025-12-17 13:39:01 UTC\ntype: ingredient_information\n---\n\ncompound Summary\nPhosphoric Acid Lactic Acid\nPubChem CID\n86738147\nStructure\nMolecular Formula\nC\n3\nH\n9\nO\n7\nP\nSynonyms\nPhosphoric Acid Lactic Acid\nSCHEMBL1840424\nRZCQYSSUIAJBDQ-UHFFFAOYSA-N\nMolecular Weight\n188.07 g/mol\nComputed by PubChem 2.1 (PubChem release 2021.05.07)\nComponent Compounds\nCID 1004 (Phosphoric Acid)\nCID 612 (Lactic Acid)\nDat...\n  - PubChem\n4.2 Component Compounds\nCID 1004 (Phosphoric Acid)\nCID 612 (Lactic Acid)\nPubChem\n4.3 Related Compounds\nMixtures, Components, and Neutralized Forms Count\n2\nSimilar Compounds (2D)\nView in PubChem Search\nSimilar Conformers (3D)\nView in PubChem Search\nPubChem\n4.4 Substances\n4.4.1 Related Substances\nSame Count\n4\nPubChem\n4.4.2 Substances by Category\nPubChem\n4.5 NCBI LinkOut\nNCBI\n5 Patents\n5.1 Depositor-Supplied Patent Identifiers\nPubChem\nLink to all deposited patent identifiers\nPubChem\n5.2 WIP...\n\nBiological Interactions:\n  - Not specified\n\nToxicity & Safety:\n  - Not specified\n\n",
  "metadata": {
    "ingredient": "Acide lactic",
    "CAS": "Not specified",
    "InChIKey": "RZCQYSSUIAJBDQ-UHFFFAOYSA-N",
    "source": "https://pubchem.ncbi.nlm.nih.gov/compound/86738147",
    "timestamp": "2025-12-17T13:39:01.738720+00:00",
    "type": "ingredient_information",
    "category": "cosmetics",
    "language": "fr"
  },
  "content_length": 1904,
  "timestamp": 1765992207.1030421
}