{
  "document_name": "diisostearyl_fumarate.txt",
  "content": "Inf: ---\ningredient: Diisostearyl Fumarate\nsource: https://pubchem.ncbi.nlm.nih.gov/compound/22251403\ntimestamp: 2025-12-17 13:24:30 UTC\ntype: ingredient_information\n---\n\ncompound Summary\nDiisostearyl Fuma\nCAS:\n  - Molecular Weight\n621.0 g/mol\nComputed by PubChem 2.2 (PubChem release 2025.09.15)\nDates\nCreate:\n2007-12-05\nModify:\n2025-12-13\n1 Structures\n1.1 2D Structure\nStructure Search\nGet Image\nDownload Coordinates\nChemical Structure Depiction\nFull screen\nZoom in\nZoom out\nPubChem\n1.2 3D Status\nConformer generation is disallowed since too flexible\nPubChem\n2 Names and Identifiers\n2.1 Computed Descriptors\n2.1.1 IUPAC Name\nbis(16-methylheptadecyl) (\nE\n)-but-2-enedioate\nComputed by Lexichem TK 2.9.3 (PubChem re...\n\nInChIKey:\n  - Molecular Weight\n621.0 g/mol\nComputed by PubChem 2.2 (PubChem release 2025.09.15)\nDates\nCreate:\n2007-12-05\nModify:\n2025-12-13\n1 Structures\n1.1 2D Structure\nStructure Search\nGet Image\nDownload Coordinates\nChemical Structure Depiction\nFull screen\nZoom in\nZoom out\nPubChem\n1.2 3D Status\nConformer generation is disallowed since too flexible\nPubChem\n2 Names and Identifiers\n2.1 Computed Descriptors\n2.1.1 IUPAC Name\nbis(16-methylheptadecyl) (\nE\n)-but-2-enedioate\nComputed by Lexichem TK 2.9.3 (PubChem re...\n\nChemical Forms:\n  - Not specified\n\nChemical Properties:\n  - ---\ningredient: Diisostearyl Fumarate\nsource: https://pubchem.ncbi.nlm.nih.gov/compound/22251403\ntimestamp: 2025-12-17 13:24:30 UTC\ntype: ingredient_information\n---\n\ncompound Summary\nDiisostearyl Fumarate\nPubChem CID\n22251403\nStructure\nMolecular Formula\nC\n40\nH\n76\nO\n4\nSynonyms\nDiisostearyl fumarate\nSchercemol DISF\nPelemol DISF\n113431-53-1\nSchercemol DISF ester\nView More...\n  - Molecular Weight\n621.0 g/mol\nComputed by PubChem 2.2 (PubChem release 2025.09.15)\nDates\nCreate:\n2007-12-05\nModify:\n2025-12-13\n1 Structures\n1.1 2D Structure\nStructure Search\nGet Image\nDownload Coordinates\nChemical Structure Depiction\nFull screen\nZoom in\nZoom out\nPubChem\n1.2 3D Status\nConformer generation is disallowed since too flexible\nPubChem\n2 Names and Identifiers\n2.1 Computed Descriptors\n2.1.1 IUPAC Name\nbis(16-methylheptadecyl) (\nE\n)-but-2-enedioate\nComputed by Lexichem TK 2.9.3 (PubChem re...\n  - PubChem\n4.2 Related Compounds\nSame Connectivity Count\n3\nSame Parent, Connectivity Count\n3\nMixtures, Components, and Neutralized Forms Count\n2\nSimilar Compounds (2D)\nView in PubChem Search\nSimilar Conformers (3D)\nView in PubChem Search\nPubChem\n4.3 Substances\n4.3.1 PubChem Reference Collection SID\n500777512\nPubChem\n4.3.2 Related Substances\nAll Count\n31\nSame Count\n29\nMixture Count\n2\nPubChem\n4.3.3 Substances by Category\nPubChem\n5 Chemical Vendors\nPubChem\n6 Use and Manufacturing\n6.1 Uses\nCosmetic Ing...\n  - https://www.whatsinproducts.com/contents/view/1/6\nDiisostearyl fumarate\nhttps://www.whatsinproducts.com/chemicals/view/1/6040/113431-53-1\nHousehold Products Classification\nhttps://hpd.nlm.nih.gov/\nConsumer Products Category Classification\nhttps://www.whatsinproducts.com/\nCosmetic Ingredient Review (CIR)\nLICENSE\nhttps://cir-safety.org/terms-use\nDiisostearyl Fumarate\nhttps://cir-reports.cir-safety.org/cir-ingredient-status-report/?id=caa32762-0052-451a-9a91-8eeaef164639\nEPA Chemical and Products D...\n\nBiological Interactions:\n  - Not specified\n\nToxicity & Safety:\n  - Molecular Weight\n621.0 g/mol\nComputed by PubChem 2.2 (PubChem release 2025.09.15)\nDates\nCreate:\n2007-12-05\nModify:\n2025-12-13\n1 Structures\n1.1 2D Structure\nStructure Search\nGet Image\nDownload Coordinates\nChemical Structure Depiction\nFull screen\nZoom in\nZoom out\nPubChem\n1.2 3D Status\nConformer generation is disallowed since too flexible\nPubChem\n2 Names and Identifiers\n2.1 Computed Descriptors\n2.1.1 IUPAC Name\nbis(16-methylheptadecyl) (\nE\n)-but-2-enedioate\nComputed by Lexichem TK 2.9.3 (PubChem re...\n  - PubChem\n4.2 Related Compounds\nSame Connectivity Count\n3\nSame Parent, Connectivity Count\n3\nMixtures, Components, and Neutralized Forms Count\n2\nSimilar Compounds (2D)\nView in PubChem Search\nSimilar Conformers (3D)\nView in PubChem Search\nPubChem\n4.3 Substances\n4.3.1 PubChem Reference Collection SID\n500777512\nPubChem\n4.3.2 Related Substances\nAll Count\n31\nSame Count\n29\nMixture Count\n2\nPubChem\n4.3.3 Substances by Category\nPubChem\n5 Chemical Vendors\nPubChem\n6 Use and Manufacturing\n6.1 Uses\nCosmetic Ing...\n  - Ingredient, concentration, and use information are available in documents discoverable at\nhttps://cir-reports.cir-safety.org\nFinal Report 3/2009 Available from CIR\nCosmetic Ingredient Review (CIR)\n9 Literature\n9.1 Consolidated References\nPubChem\n9.2 Springer Nature References\nSpringer Nature\n9.3 Chemical Co-Occurrences in Literature\nPubChem\n10 Patents\n10.1 Depositor-Supplied Patent Identifiers\nPubChem\nLink to all deposited patent identifiers\nPubChem\n10.2 WIPO PATENTSCOPE\nPatents are available fo...\n  - https://www.whatsinproducts.com/contents/view/1/6\nDiisostearyl fumarate\nhttps://www.whatsinproducts.com/chemicals/view/1/6040/113431-53-1\nHousehold Products Classification\nhttps://hpd.nlm.nih.gov/\nConsumer Products Category Classification\nhttps://www.whatsinproducts.com/\nCosmetic Ingredient Review (CIR)\nLICENSE\nhttps://cir-safety.org/terms-use\nDiisostearyl Fumarate\nhttps://cir-reports.cir-safety.org/cir-ingredient-status-report/?id=caa32762-0052-451a-9a91-8eeaef164639\nEPA Chemical and Products D...\n\n",
  "metadata": {
    "ingredient": "Diisostearyl Fumarate",
    "CAS": "113431-53-1",
    "InChIKey": "Not specified",
    "source": "https://pubchem.ncbi.nlm.nih.gov/compound/22251403",
    "timestamp": "2025-12-17T13:24:31.078928+00:00",
    "type": "ingredient_information",
    "category": "cosmetics",
    "language": "fr"
  },
  "content_length": 5295,
  "timestamp": 1765992207.1160421
}