{
  "document_name": "fruit.txt",
  "content": "Inf: ---\ningredient: Fruit\nsource: https://pubchem.ncbi.nlm.nih.gov/compound/235284\ntimestamp: 2025-12-17 14:47:44 UTC\ntype: ingredient_information\n---\n\ncompound Summary\nEvodia fruit\nPubChem CID\n235284\nStr\nCAS:\n  - Not specified\n\nInChIKey:\n  - LOTUS - the natural products occurrence database\n1 Structures\n1.1 2D Structure\nStructure Search\nGet Image\nDownload Coordinates\nChemical Structure Depiction\nFull screen\nZoom in\nZoom out\nPubChem\n1.2 3D Status\nConformer generation is disallowed since too many undefined stereo centers\nPubChem\n2 Names and Identifiers\n2.1 Computed Descriptors\n2.1.1 IUPAC Name\n19-(furan-3-yl)-9,9,13,20-tetramethyl-4,8,15,18-tetraoxahexacyclo[11.9.0.0\n2,7\n.0\n2,10\n.0\n14,16\n.0\n14,20\n]docosane-5,12,17-trione\nComputed by Le...\n\nChemical Forms:\n  - Not specified\n\nChemical Properties:\n  - ---\ningredient: Fruit\nsource: https://pubchem.ncbi.nlm.nih.gov/compound/235284\ntimestamp: 2025-12-17 14:47:44 UTC\ntype: ingredient_information\n---\n\ncompound Summary\nEvodia fruit\nPubChem CID\n235284\nStructure\nMolecular Formula\nC\n26\nH\n30\nO\n8\nSynonyms\nEvodia fruit (TN)\nEvodia fruit\n19-(furan-3-yl)-9,9,13,20-tetramethyl-4,8,15,18-tetraoxahexacyclo(11.9.0.02,7.02,10.014,16.014,20)docosane-5,12,17-trione\n19-(furan-3-yl)-9,9,13,20-tetramethyl-4,8,15,18-tetraoxahexacyclo[11.9.0.02,7.02,10.014,16.014,20]d...\n  - Molecular Weight\n470.5 g/mol\nComputed by PubChem 2.2 (PubChem release 2025.09.15)\nDates\nCreate:\n2005-03-26\nModify:\n2025-12-13\nDescription\nEvodia fruit has been reported in\nCitrus medica\n,\nPhellodendron\n, and\nother organisms\nwith data available.\n  - LOTUS - the natural products occurrence database\n1 Structures\n1.1 2D Structure\nStructure Search\nGet Image\nDownload Coordinates\nChemical Structure Depiction\nFull screen\nZoom in\nZoom out\nPubChem\n1.2 3D Status\nConformer generation is disallowed since too many undefined stereo centers\nPubChem\n2 Names and Identifiers\n2.1 Computed Descriptors\n2.1.1 IUPAC Name\n19-(furan-3-yl)-9,9,13,20-tetramethyl-4,8,15,18-tetraoxahexacyclo[11.9.0.0\n2,7\n.0\n2,10\n.0\n14,16\n.0\n14,20\n]docosane-5,12,17-trione\nComputed by Le...\n  - Evodia fruit (JP15)\nMLS006012032\nCHEMBL2004366\nDTXSID60859591\nKBDSLGBFQAGHBE-UHFFFAOYSA-N\nNSC407309\nAKOS000591711\nAKOS024304398\nNSC-407309\nLS-15149\nNCI60_003359\nNS00015860\nST50230617\nAC-542/20644016\nAN-956/21180001\n(1R,2R,7S,10R,13R,14R,16S,19S,20S)-19-(furan-3-yl)-9,9,13,20-tetramethyl-4,8,15,18-tetraoxahexacyclo[11.9.0.0^{2,7.0^{2,10.0^{14,16.0^{14,20]docosane-5,12,17-trione\n1-(3-Furyl)-4b,7,7,14a-tetramethyloctahydro-8ah-oxireno[2,3-d]pyrano[4',3':3,3a][2]benzofuro[5,4-f]isochromene-3,5,10(3a...\n  - PubChem\n5.2 Related Compounds\nSame Connectivity Count\n63\nSame Parent, Connectivity Count\n66\nMixtures, Components, and Neutralized Forms Count\n2\nSimilar Compounds (2D)\nView in PubChem Search\nSimilar Conformers (3D)\nView in PubChem Search\nPubChem\n5.3 Substances\n5.3.1 PubChem Reference Collection SID\n504499344\nPubChem\n5.3.2 Related Substances\nAll Count\n52\nSame Count\n50\nMixture Count\n2\nPubChem\n5.3.3 Substances by Category\nPubChem\n6 Chemical Vendors\nPubChem\n7 Food Additives and Ingredients\n7.1 Associ...\n\nBiological Interactions:\n  - PubChem\n5.2 Related Compounds\nSame Connectivity Count\n63\nSame Parent, Connectivity Count\n66\nMixtures, Components, and Neutralized Forms Count\n2\nSimilar Compounds (2D)\nView in PubChem Search\nSimilar Conformers (3D)\nView in PubChem Search\nPubChem\n5.3 Substances\n5.3.1 PubChem Reference Collection SID\n504499344\nPubChem\n5.3.2 Related Substances\nAll Count\n52\nSame Count\n50\nMixture Count\n2\nPubChem\n5.3.3 Substances by Category\nPubChem\n6 Chemical Vendors\nPubChem\n7 Food Additives and Ingredients\n7.1 Associ...\n\nToxicity & Safety:\n  - LOTUS - the natural products occurrence database\n1 Structures\n1.1 2D Structure\nStructure Search\nGet Image\nDownload Coordinates\nChemical Structure Depiction\nFull screen\nZoom in\nZoom out\nPubChem\n1.2 3D Status\nConformer generation is disallowed since too many undefined stereo centers\nPubChem\n2 Names and Identifiers\n2.1 Computed Descriptors\n2.1.1 IUPAC Name\n19-(furan-3-yl)-9,9,13,20-tetramethyl-4,8,15,18-tetraoxahexacyclo[11.9.0.0\n2,7\n.0\n2,10\n.0\n14,16\n.0\n14,20\n]docosane-5,12,17-trione\nComputed by Le...\n  - PubChem\n5.2 Related Compounds\nSame Connectivity Count\n63\nSame Parent, Connectivity Count\n66\nMixtures, Components, and Neutralized Forms Count\n2\nSimilar Compounds (2D)\nView in PubChem Search\nSimilar Conformers (3D)\nView in PubChem Search\nPubChem\n5.3 Substances\n5.3.1 PubChem Reference Collection SID\n504499344\nPubChem\n5.3.2 Related Substances\nAll Count\n52\nSame Count\n50\nMixture Count\n2\nPubChem\n5.3.3 Substances by Category\nPubChem\n6 Chemical Vendors\nPubChem\n7 Food Additives and Ingredients\n7.1 Associ...\n  - https://www.hmdb.ca/citing\nLimonin\nhttp://www.hmdb.ca/metabolites/HMDB0035921\nEPA DSSTox\nLICENSE\nhttps://www.epa.gov/privacy/privacy-act-laws-policies-and-resources\n12-(Furan-3-yl)-6,6,8a,12a-tetramethyldecahydro-1H,3H-oxireno[c]pyrano[4'',3'':2',3']furo[3',4':5,6]naphtho[1,2-d]pyran-3,8,10(6H,9aH)-trione\nhttps://comptox.epa.gov/dashboard/DTXSID60859591\nFooDB\nLICENSE\nFooDB is offered to the public as a freely available resource.\n  - https://www.nist.gov/srd/public-law\nLimonin\nhttp://www.nist.gov/srd/nist1a.cfm\nWikidata\nLICENSE\nCCZero\nhttps://creativecommons.org/publicdomain/zero/1.0/\nlimonin\nhttps://www.wikidata.org/wiki/Q104170091\nPubChem\nhttps://pubchem.ncbi.nlm.nih.gov\nNORMAN Suspect List Exchange\nLICENSE\nData: CC-BY 4.0; Code (hosted by ECI, LCSB): Artistic-2.0\nhttps://creativecommons.org/licenses/by/4.0/\nNORMAN Suspect List Exchange Classification\nhttps://www.norman-network.com/nds/SLE/\nEPA Substance Registry Services...\n\n",
  "metadata": {
    "ingredient": "Fruit",
    "CAS": "Not specified",
    "InChIKey": "KBDSLGBFQAGHBE-UHFFFAOYSA-N",
    "source": "https://pubchem.ncbi.nlm.nih.gov/compound/235284",
    "timestamp": "2025-12-17T14:47:44.957827+00:00",
    "type": "ingredient_information",
    "category": "cosmetics",
    "language": "fr"
  },
  "content_length": 5601,
  "timestamp": 1765992207.1180422
}