{
  "document_name": "helianthus_annuus_seed_oil.txt",
  "content": "Inf: ---\ningredient: Helianthus Annuus Seed Oil\nsource: https://pubchem.ncbi.nlm.nih.gov/compound/Sunflower-Oil\ntimestamp: 2025-12-17 14:01:17 UTC\ntype: ingredient_information\n---\n\nCompound Summary\nSunflow\nCAS:\n  - Primary Hazards\nPrimary Hazards\nLaboratory Chemical Safety Summary (LCSS) Datasheet\n1 Synonyms\nSunflower Seed Acid\nDTXSID601042300\nEDENOR PK 1805\nEDENOR SB\nEINECS 283-413-0\nEMERY 244\nEXTRA OLEIC-99\nEXTRA OLEIN 99\nEXTRA OS-85\nFATTY ACIDS OF SUNFLOWER OIL\nFATTY ACIDS, SUNFLOWER-OIL\nHELIANTHUS ANNUUS (SUNFLOWER) SEED ACID\nHELIANTHUS ANNUUS FATTY ACID\nI582U4875F\nNOURACID HE 30\nNOURACID HE 305\nOLEIN RICH\nRefChem:890040\nSUNFLOWER ACID\nSUNFLOWER ACID FATTY ACID\nSUNFLOWER OIL FATTY ACIDS\nSUNFLOWER SEED...\n\nInChIKey:\n  - Not specified\n\nChemical Forms:\n  - Not specified\n\nChemical Properties:\n  - Primary Hazards\nPrimary Hazards\nLaboratory Chemical Safety Summary (LCSS) Datasheet\n1 Synonyms\nSunflower Seed Acid\nDTXSID601042300\nEDENOR PK 1805\nEDENOR SB\nEINECS 283-413-0\nEMERY 244\nEXTRA OLEIC-99\nEXTRA OLEIN 99\nEXTRA OS-85\nFATTY ACIDS OF SUNFLOWER OIL\nFATTY ACIDS, SUNFLOWER-OIL\nHELIANTHUS ANNUUS (SUNFLOWER) SEED ACID\nHELIANTHUS ANNUUS FATTY ACID\nI582U4875F\nNOURACID HE 30\nNOURACID HE 305\nOLEIN RICH\nRefChem:890040\nSUNFLOWER ACID\nSUNFLOWER ACID FATTY ACID\nSUNFLOWER OIL FATTY ACIDS\nSUNFLOWER SEED...\n  - 3):51-129, 2017\nCosmetic Ingredient Review (CIR)\n9 Information Sources\nFilter by Source\nALL SOURCES\nTOXNET (ChemIDplus)\nCAS Common Chemistry\nChemIDplus\nCosmetic Ingredient Review (CIR)\nEPA DSSTox\nEuropean Chemicals Agency (ECHA)\nFDA Global Substance Registration System (GSRS)\nFDA Packaging & Food Contact Substances (FCS)\nNew Zealand Environmental Protection Authority (EPA)\nPubChem\nPubChem\nhttps://pubchem.ncbi.nlm.nih.gov\nEuropean Chemicals Agency (ECHA)\nLICENSE\nUse of the information, documents...\n  - https://www.epa.govt.nz/about-this-site/general-copyright-statement/\nFatty acids, sunflower-oil\nhttps://www.epa.govt.nz/industry-areas/hazardous-substances/guidance-for-importers-and-manufacturers/hazardous-substances-databases/\nCosmetic Ingredient Review (CIR)\nLICENSE\nhttps://cir-safety.org/terms-use\nSunflower Seed Acid\nhttps://cir-reports.cir-safety.org/cir-ingredient-status-report/?id=eaeb9a66-a59c-4876-895c-5ebe51f4f544\nFDA Packaging & Food Contact Substances (FCS)\nLICENSE\nhttps://www.fda.go...\n\nBiological Interactions:\n  - Not specified\n\nToxicity & Safety:\n  - Primary Hazards\nPrimary Hazards\nLaboratory Chemical Safety Summary (LCSS) Datasheet\n1 Synonyms\nSunflower Seed Acid\nDTXSID601042300\nEDENOR PK 1805\nEDENOR SB\nEINECS 283-413-0\nEMERY 244\nEXTRA OLEIC-99\nEXTRA OLEIN 99\nEXTRA OS-85\nFATTY ACIDS OF SUNFLOWER OIL\nFATTY ACIDS, SUNFLOWER-OIL\nHELIANTHUS ANNUUS (SUNFLOWER) SEED ACID\nHELIANTHUS ANNUUS FATTY ACID\nI582U4875F\nNOURACID HE 30\nNOURACID HE 305\nOLEIN RICH\nRefChem:890040\nSUNFLOWER ACID\nSUNFLOWER ACID FATTY ACID\nSUNFLOWER OIL FATTY ACIDS\nSUNFLOWER SEED...\n  - 3):51-129, 2017\nCosmetic Ingredient Review (CIR)\n3.1.2 Food Contact Substances\nFCS -> FDA Inventory of Food Contact Substances Listed in 21 CFR\nFDA Packaging & Food Contact Substances (FCS)\n4 Related Records\n4.1 Substances\n4.1.1 PubChem Reference Collection SID\n505885965\nPubChem\n5 Food Additives and Ingredients\n5.1 FDA Food Contact Substances (FCS)\nSubstance\nSUNFLOWER OIL FATTY ACIDS\nDocument Number (21 eCFR)\n175.300\nFDA Packaging & Food Contact Substances (FCS)\n6 Use and Manufacturing\n6.1 Uses...\n  - 3):51-129, 2017\nCosmetic Ingredient Review (CIR)\n7 Safety and Hazards\n7.1 Hazards Identification\n7.1.1 GHS Classification\nNote\nThis chemical does not meet GHS hazard criteria for 99.2% (131 of 132) of all reports.\n  - GHS Hazard Statements\nNot Classified\nReported as not meeting GHS hazard criteria by 131 of 132 companies (only 0.8% companies provided GHS information).\n  - ECHA C&L Notifications Summary\nAggregated GHS information provided per 132 reports by companies from 2 notifications to the ECHA C&L Inventory.\n\n",
  "metadata": {
    "ingredient": "Helianthus Annuus Seed Oil",
    "CAS": "Not specified",
    "InChIKey": "Not specified",
    "source": "https://pubchem.ncbi.nlm.nih.gov/compound/Sunflower-Oil",
    "timestamp": "2025-12-17T14:01:17.830964+00:00",
    "type": "ingredient_information",
    "category": "cosmetics",
    "language": "fr"
  },
  "content_length": 3928,
  "timestamp": 1765992207.120042
}