{
  "document_name": "paraffin.txt",
  "content": "Inf: ---\ningredient: Paraffin\nsource: https://pubchem.ncbi.nlm.nih.gov/compound/Hydrocarbon-waxes\ntimestamp: 2025-12-17 13:34:18 UTC\ntype: ingredient_information\n---\n\nCompound Summary\nHydrocarbon waxes\nPub\nCAS:\n  - 3216\nI9O0E3H2ZE\nPARAFFIN WAXES and HYDROCARBON WAXES\nParaffin\nParaffin wax\nParaffin wax fume\nParaffinum\nParaffinum durum\nPetroleum wax, crystalline\nRefChem:788735\n232-315-6\n8002-74-2\nHard paraffin\nHartparaffin\nHydrocarbon wax\nParaffin wax (petroleum)\nParaffin, hard\nPoly(methylene)wax\nWax extract\nWax, hydrocarbon\nWax, paraffin\nZeresin\nPubChem\n2 MeSH Entry Terms\nParaffin\nMedical Subject Headings (MeSH)\n3 Names and Identifiers\n3.1 Other Identifiers\n3.1.1 CAS\n8002-74-2\nEuropean Chemicals Agency (ECH...\n\nInChIKey:\n  - Not specified\n\nChemical Forms:\n  - Those substances designated with a (P) may polymerize explosively when heated or involved in a fire.\n\nChemical Properties:\n  - Density 0.88- 0.92 g / cm3.\n  - CAMEO Chemicals\nParaffin is a common name for a group of high molecular weight alkane hydrocarbons with the general formula CnH2n+2, where n is between 22 and 27.\n  - It is mostly found as a white, odorless, tasteless, waxy solid, with a melting point between 47C and 65C.\n  - Medical Subject Headings (MeSH)\n1 Synonyms\nHydrocarbon waxes\n618-664-0\n647-510-5\nDTXSID7027673\nFEMA No.\n  - 3216\nI9O0E3H2ZE\nPARAFFIN WAXES and HYDROCARBON WAXES\nParaffin\nParaffin wax\nParaffin wax fume\nParaffinum\nParaffinum durum\nPetroleum wax, crystalline\nRefChem:788735\n232-315-6\n8002-74-2\nHard paraffin\nHartparaffin\nHydrocarbon wax\nParaffin wax (petroleum)\nParaffin, hard\nPoly(methylene)wax\nWax extract\nWax, hydrocarbon\nWax, paraffin\nZeresin\nPubChem\n2 MeSH Entry Terms\nParaffin\nMedical Subject Headings (MeSH)\n3 Names and Identifiers\n3.1 Other Identifiers\n3.1.1 CAS\n8002-74-2\nEuropean Chemicals Agency (ECH...\n\nBiological Interactions:\n  - ILO-WHO International Chemical Safety Cards (ICSCs)\ninhalation, skin and/or eye contact\nThe National Institute for Occupational Safety and Health (NIOSH)\n10.1.4 Signs and Symptoms\nirritation eyes, skin, respiratory system; discomfort, nausea\nThe National Institute for Occupational Safety and Health (NIOSH)\n10.1.5 Target Organs\nEyes, skin, respiratory system\nThe National Institute for Occupational Safety and Health (NIOSH)\n10.2 EFSA OpenFoodTox\n10.2.1 EFSA Outputs\nEFSA OpenFoodTox\n10.2.2 EFSA Gen...\n\nToxicity & Safety:\n  - Primary Hazards\nLaboratory Chemical Safety Summary (LCSS) Datasheet\nDescription\nWaxes: paraffin is a white translucent tasteless odorless solids.\n  - 3216\nI9O0E3H2ZE\nPARAFFIN WAXES and HYDROCARBON WAXES\nParaffin\nParaffin wax\nParaffin wax fume\nParaffinum\nParaffinum durum\nPetroleum wax, crystalline\nRefChem:788735\n232-315-6\n8002-74-2\nHard paraffin\nHartparaffin\nHydrocarbon wax\nParaffin wax (petroleum)\nParaffin, hard\nPoly(methylene)wax\nWax extract\nWax, hydrocarbon\nWax, paraffin\nZeresin\nPubChem\n2 MeSH Entry Terms\nParaffin\nMedical Subject Headings (MeSH)\n3 Names and Identifiers\n3.1 Other Identifiers\n3.1.1 CAS\n8002-74-2\nEuropean Chemicals Agency (ECH...\n  - CAMEO Chemicals\nNKRA; Pellets or Large Crystals, Liquid, Other Solid; Dry Powder, Pellets or Large Crystals; Pellets or Large Crystals; Dry Powder, Pellets or Large Crystals, Other Solid; Liquid; Dry Powder, Pellets or Large Crystals, Liquid; Dry Powder; Water or Solvent Wet Solid; Dry Powder, Other Solid; Other Solid; Liquid, Other Solid\nEPA Chemical Data Reporting (CDR)\nParaffin wax is a white to slightly yellowish, odorless solid.\n  - [Note: Consists of a mixture of high molecular weight hydrocarbons (e.g., C36H74).]; [NIOSH]\nHaz-Map, Information on Hazardous Chemicals and Occupational Diseases\nODOURLESS COLOURLESS-TO-CREAM-COLOURED CRYSTALLINE SOLID.\n  - ILO-WHO International Chemical Safety Cards (ICSCs)\nWhite to slightly yellowish, odorless solid.\n\n",
  "metadata": {
    "ingredient": "Paraffin",
    "CAS": "8002-74-2",
    "InChIKey": "Not specified",
    "source": "https://pubchem.ncbi.nlm.nih.gov/compound/Hydrocarbon-waxes",
    "timestamp": "2025-12-17T13:34:18.901165+00:00",
    "type": "ingredient_information",
    "category": "cosmetics",
    "language": "fr"
  },
  "content_length": 3798,
  "timestamp": 1765992207.124042
}