{
  "document_name": "disodium_edta.txt",
  "content": "Inf: ---\ningredient: Disodium EDTA\nsource: https://pubchem.ncbi.nlm.nih.gov/compound/13020083\ntimestamp: 2025-12-17 14:54:21 UTC\ntype: ingredient_information\n---\n\ncompound Summary\nEthylenediaminetetraaceti\nCAS:\n  - Molecular Weight\n336.21 g/mol\nComputed by PubChem 2.2 (PubChem release 2025.09.15)\nParent Compound\nCID 6049 (Ethylenediaminetetraacetic Acid)\nComponent Compounds\nCID 6049 (Ethylenediaminetetraacetic Acid)\nCID 5360545 (Sodium)\nDates\nCreate:\n2007-02-08\nModify:\n2025-12-13\n1 Structures\n1.1 2D Structure\nStructure Search\nGet Image\nDownload Coordinates\nChemical Structure Depiction\nFull screen\nZoom in\nZoom out\nPubChem\n1.2 3D Conformer\n3D Conformer of Parent\nPubChem\n2 Names and Identifiers\n2.1 Computed D...\n\nInChIKey:\n  - Molecular Weight\n336.21 g/mol\nComputed by PubChem 2.2 (PubChem release 2025.09.15)\nParent Compound\nCID 6049 (Ethylenediaminetetraacetic Acid)\nComponent Compounds\nCID 6049 (Ethylenediaminetetraacetic Acid)\nCID 5360545 (Sodium)\nDates\nCreate:\n2007-02-08\nModify:\n2025-12-13\n1 Structures\n1.1 2D Structure\nStructure Search\nGet Image\nDownload Coordinates\nChemical Structure Depiction\nFull screen\nZoom in\nZoom out\nPubChem\n1.2 3D Conformer\n3D Conformer of Parent\nPubChem\n2 Names and Identifiers\n2.1 Computed D...\n\nChemical Forms:\n  - Not specified\n\nChemical Properties:\n  - ---\ningredient: Disodium EDTA\nsource: https://pubchem.ncbi.nlm.nih.gov/compound/13020083\ntimestamp: 2025-12-17 14:54:21 UTC\ntype: ingredient_information\n---\n\ncompound Summary\nEthylenediaminetetraacetic acid disodium salt\nPubChem CID\n13020083\nStructure\nPrimary Hazards\nLaboratory Chemical Safety Summary (LCSS) Datasheet\nMolecular Formula\nC\n10\nH\n14\nN\n2\nNa\n2\nO\n8\nSynonyms\nEDTA disodium salt\n139-33-3\nEthylenediaminetetraacetic acid disodium salt\nDisodium EDTA\nDisodium ethylenediaminetetraacetate\nView...\n  - Molecular Weight\n336.21 g/mol\nComputed by PubChem 2.2 (PubChem release 2025.09.15)\nParent Compound\nCID 6049 (Ethylenediaminetetraacetic Acid)\nComponent Compounds\nCID 6049 (Ethylenediaminetetraacetic Acid)\nCID 5360545 (Sodium)\nDates\nCreate:\n2007-02-08\nModify:\n2025-12-13\n1 Structures\n1.1 2D Structure\nStructure Search\nGet Image\nDownload Coordinates\nChemical Structure Depiction\nFull screen\nZoom in\nZoom out\nPubChem\n1.2 3D Conformer\n3D Conformer of Parent\nPubChem\n2 Names and Identifiers\n2.1 Computed D...\n  - V2: 1660\nHazardous Substances Data Bank (HSDB)\n3.2.3 Melting Point\nMP: 242 °C /\nEDTA disodium dihydrate\n/\nHaynes, W.M.\n  - 3):32S-36S, 2023\nInternational Journal of Toxicology 21(Suppl.2):95-142, 2002\nCosmetic Ingredient Review (CIR)\nViscosity controlling; Chelating\nS13 | EUCOSMETICS | Combined Inventory of Ingredients Employed in Cosmetic Products (2000) and Revised Inventory (2006) |\nDOI:10.5281/zenodo.2624118\nNORMAN Suspect List Exchange\n3.3.2 Food Additives\nFoods, Drugs -> FDA Regulatory Status of Color Additives\nFDA Regulatory Status of Color Additives\nFLAVORING AGENT OR ADJUVANT -> FDA Substance added to food...\n  - PubChem\n5.2 Parent Compound\nCID 6049 (Ethylenediaminetetraacetic Acid)\nPubChem\n5.3 Component Compounds\nCID 6049 (Ethylenediaminetetraacetic Acid)\nCID 5360545 (Sodium)\nPubChem\n5.4 Related Compounds\nSame Parent, Connectivity Count\n2001\nSame Parent, Exact Count\n1989\nMixtures, Components, and Neutralized Forms Count\n2\nSimilar Compounds (2D)\nView in PubChem Search\nSimilar Conformers (3D)\nView in PubChem Search\nPubChem\n5.5 Substances\n5.5.1 Related Substances\nSame Count\n65\nPubChem\n5.5.2 Substances by C...\n\nBiological Interactions:\n  - International Journal of Toxicology 21 (S2): 95-142 (2002)\nHazardous Substances Data Bank (HSDB)\n12.1.3 Antidote and Emergency Treatment\nNephrotoxicity (e.g., acute tubular necrosis, proteinuria, and hematuria) may be minimized by adequate hydration, establishment of adequate urine flow, avoidance of excessive doses, and limitation of continuous administration to 5 or fewer days.\n\nToxicity & Safety:\n  - ---\ningredient: Disodium EDTA\nsource: https://pubchem.ncbi.nlm.nih.gov/compound/13020083\ntimestamp: 2025-12-17 14:54:21 UTC\ntype: ingredient_information\n---\n\ncompound Summary\nEthylenediaminetetraacetic acid disodium salt\nPubChem CID\n13020083\nStructure\nPrimary Hazards\nLaboratory Chemical Safety Summary (LCSS) Datasheet\nMolecular Formula\nC\n10\nH\n14\nN\n2\nNa\n2\nO\n8\nSynonyms\nEDTA disodium salt\n139-33-3\nEthylenediaminetetraacetic acid disodium salt\nDisodium EDTA\nDisodium ethylenediaminetetraacetate\nView...\n  - Molecular Weight\n336.21 g/mol\nComputed by PubChem 2.2 (PubChem release 2025.09.15)\nParent Compound\nCID 6049 (Ethylenediaminetetraacetic Acid)\nComponent Compounds\nCID 6049 (Ethylenediaminetetraacetic Acid)\nCID 5360545 (Sodium)\nDates\nCreate:\n2007-02-08\nModify:\n2025-12-13\n1 Structures\n1.1 2D Structure\nStructure Search\nGet Image\nDownload Coordinates\nChemical Structure Depiction\nFull screen\nZoom in\nZoom out\nPubChem\n1.2 3D Conformer\n3D Conformer of Parent\nPubChem\n2 Names and Identifiers\n2.1 Computed D...\n  - V2: 1660\nHazardous Substances Data Bank (HSDB)\n3.2.3 Melting Point\nMP: 242 °C /\nEDTA disodium dihydrate\n/\nHaynes, W.M.\n  - 3-244\nHazardous Substances Data Bank (HSDB)\n3.2.4 Flash Point\nFlash point is> 100 °C,\nCosmetic Ingredient Expert Review Panel; Final Final Report on the Safety Assessment of EDTA, Calcium, Disodium EDTA, Diammonium EDTA, Dipotassium EDTA, Disodium EDTA, TEA-EDTA, Tetrasodium EDTA, Tripotassium EDTA, Trisodium EDTA, HEDTA, and Trisodium HEDTA.\n  - International Journal of Toxicology 21 (S2): 95-142 (2002)\nHazardous Substances Data Bank (HSDB)\n3.2.5 Decomposition\nDisodium EDTA\ndecomposes at 252 °C.\n\n",
  "metadata": {
    "ingredient": "Disodium EDTA",
    "CAS": "139-33-3",
    "InChIKey": "Not specified",
    "source": "https://pubchem.ncbi.nlm.nih.gov/compound/13020083",
    "timestamp": "2025-12-17T14:54:21.496185+00:00",
    "type": "ingredient_information",
    "category": "cosmetics",
    "language": "fr"
  },
  "content_length": 5526,
  "timestamp": 1765992207.1160421
}