{
  "document_name": "paraffinum_liquidum.txt",
  "content": "Inf: ---\ningredient: Paraffinum liquidum\nsource: https://pubchem.ncbi.nlm.nih.gov/compound/Mineral-Oil\ntimestamp: 2025-12-17 13:00:28 UTC\ntype: ingredient_information\n---\n\nCompound Summary\nMineral Oil\nPubC\nCAS:\n  - Butler Soothing Incontinence\nDrakeol\nE-905D\nEmmolate\nEmulsiderm\nEnema\nEnema Mineral Oil\nFood Grade Mineral Oil\nFoster and Thrive Ready to Use Mineral oil\nFoster and Thrive Ready to Use Mineral oil Laxative\nGood Neighbor Mineral Oil\nGood Neighbor Mineral Oil Laxative\nGood Neighbor Pharmacy Mineral Oil Laxative\nGppe emollient\nHANHOO BlemishPatch\nHealthMart Mineral Oil Single\nHealthMart Mineral Oil Single Laxative\nHealthMart Pharmacy Lubricant Laxative\nHeavy Mineral Oil\nHumco Mineral Oil Heavy\nHumc...\n  - 3.1.2 Deprecated CAS\n102819-98-7, 106803-31-0, 115251-26-8, 116357-36-9, 1219939-75-9, 122176-99-2, 124448-52-8, 146908-77-2, 172307-10-7, 187112-19-2, 188832-17-9, 219686-29-0, 2274757-91-2, 2296682-15-8, 2414982-97-9, 2414985-54-7, 261380-10-3, 331464-54-1, 37231-69-9, 37232-05-6, 37232-06-7, 37232-07-8, 39290-23-8, 39296-25-8, 39355-08-3, 39355-09-4, 39355-35-6, 39464-77-2, 39464-78-3, 50935-85-8, 50935-95-0, 51004-58-1, 51109-96-7, 52012-27-8, 52012-28-9, 53028-74-3, 58391-38-1, 58615-80-8,...\n\nInChIKey:\n  - Not specified\n\nChemical Forms:\n  - Not specified\n\nChemical Properties:\n  - Mineral oil is a common ingredient in baby lotions, cold creams, ointments and cosmetics to treat and prevent dry, rough, scaly, itchy skin and minor skin irritations.\n  - 1 Synonyms\nMineral Oil\n4718 Enema, Mineral Oil\n619-442-6\n72H BodyHeat\n925-092-8\n933-300-3\n946-202-0\n99551-14-1\nAlpha keri\nAshbourne emollient\nCVS Mineral Oil\nCamellia Cleansing Balm\nDYNAREX LAXATIVE\nDermalo\nDr.\n  - Butler Soothing Incontinence\nDrakeol\nE-905D\nEmmolate\nEmulsiderm\nEnema\nEnema Mineral Oil\nFood Grade Mineral Oil\nFoster and Thrive Ready to Use Mineral oil\nFoster and Thrive Ready to Use Mineral oil Laxative\nGood Neighbor Mineral Oil\nGood Neighbor Mineral Oil Laxative\nGood Neighbor Pharmacy Mineral Oil Laxative\nGppe emollient\nHANHOO BlemishPatch\nHealthMart Mineral Oil Single\nHealthMart Mineral Oil Single Laxative\nHealthMart Pharmacy Lubricant Laxative\nHeavy Mineral Oil\nHumco Mineral Oil Heavy\nHumc...\n  - CAMEO Chemicals\n310\nMSDS\nDrugBank\n4.1.6 Melting Point\n0 °F\nNOAA; CAMEO Chemicals.\n  - CAMEO Chemicals\n4.1.8 Solubility\nInsoluble in water\nLarranaga, M.D., Lewis, R.J.\n\nBiological Interactions:\n  - 12.2.2 Ecotoxicity Excerpts\n/AQUATIC SPECIES/ To compare the effectiveness of acute and chronic bioassays for the ecological risk assessment of polluted soils, soil samples from a site with an historical mineral oil contamination (<50-3,300 mg oil/kg dry soil) at the Petroleum Harbour in Amsterdam, The Netherlands, were screened for ecological effects using acute and chronic bioassays.\n  - A two-step 0.001 M Ca(NO3)2 extraction at a final solution-to-soil ratio of 1:1 was used to prepare extracts for the acute bioassays.\n  - Acute bioassays (=5 days) applied to the 0.001 M Ca(NO3)2 extracts from the polluted and reference soils included growth tests with bacteria (Bacillus sp.), algae (Raphidocelis subcapitata), and plants (Lactuca sativa), immobility tests with nematodes (Plectus acuminatus), springtails (Folsomia candida), and cladocerans (Daphnia magna), and the Microtox test (Vibrio fischeri).\n  - Chronic bioassays (four weeks) performed on the same soil samples included tests with L.\n  - The acute bioassays on Microtox showed a response that corresponded with the level of oil pollution.\n\nToxicity & Safety:\n  - Primary Hazards\nLaboratory Chemical Safety Summary (LCSS) Datasheet\nDescription\nTransparent colorless oily liquid.\n  - (NTP, 1992)\nNational Toxicology Program, Institute of Environmental Health Sciences, National Institutes of Health (NTP).\n  - National Toxicology Program Chemical Repository Database.\n  - Butler Soothing Incontinence\nDrakeol\nE-905D\nEmmolate\nEmulsiderm\nEnema\nEnema Mineral Oil\nFood Grade Mineral Oil\nFoster and Thrive Ready to Use Mineral oil\nFoster and Thrive Ready to Use Mineral oil Laxative\nGood Neighbor Mineral Oil\nGood Neighbor Mineral Oil Laxative\nGood Neighbor Pharmacy Mineral Oil Laxative\nGppe emollient\nHANHOO BlemishPatch\nHealthMart Mineral Oil Single\nHealthMart Mineral Oil Single Laxative\nHealthMart Pharmacy Lubricant Laxative\nHeavy Mineral Oil\nHumco Mineral Oil Heavy\nHumc...\n  - 3.1.2 Deprecated CAS\n102819-98-7, 106803-31-0, 115251-26-8, 116357-36-9, 1219939-75-9, 122176-99-2, 124448-52-8, 146908-77-2, 172307-10-7, 187112-19-2, 188832-17-9, 219686-29-0, 2274757-91-2, 2296682-15-8, 2414982-97-9, 2414985-54-7, 261380-10-3, 331464-54-1, 37231-69-9, 37232-05-6, 37232-06-7, 37232-07-8, 39290-23-8, 39296-25-8, 39355-08-3, 39355-09-4, 39355-35-6, 39464-77-2, 39464-78-3, 50935-85-8, 50935-95-0, 51004-58-1, 51109-96-7, 52012-27-8, 52012-28-9, 53028-74-3, 58391-38-1, 58615-80-8,...\n\n",
  "metadata": {
    "ingredient": "Paraffinum liquidum",
    "CAS": "102819-98-7",
    "InChIKey": "Not specified",
    "source": "https://pubchem.ncbi.nlm.nih.gov/compound/Mineral-Oil",
    "timestamp": "2025-12-17T13:00:29.168693+00:00",
    "type": "ingredient_information",
    "category": "cosmetics",
    "language": "fr"
  },
  "content_length": 4860,
  "timestamp": 1765992207.1250422
}