{
  "document_name": "butyl_methoxydibenzoylmethane.txt",
  "content": "Inf: ---\ningredient: Butyl methoxydibenzoylmethane\nsource: https://pubchem.ncbi.nlm.nih.gov/compound/51040\ntimestamp: 2025-12-17 14:26:42 UTC\ntype: ingredient_information\n---\n\ncompound Summary\nAvobenzone\nP\nCAS:\n  - 1 Structures\n1.1 2D Structure\nStructure Search\nGet Image\nDownload Coordinates\nChemical Structure Depiction\nFull screen\nZoom in\nZoom out\nPubChem\n1.2 3D Conformer\nPubChem\n2 Biologic Description\nWURCS\nWURCS=2.0/1,1,0/[AdA_1*(CCCCCC$2/5)OC_3*(CCCCCC$2/5)CC/8C/8C]/1/\nGlyTouCan Project\n3 Names and Identifiers\n3.1 Computed Descriptors\n3.1.1 IUPAC Name\n1-(4-\ntert\n-butylphenyl)-3-(4-methoxyphenyl)propane-1,3-dione\nComputed by Lexichem TK 2.9.3 (PubChem release 2025.09.15)\nPubChem\n3.1.2 InChI\nInChI=1S/C20...\n\nInChIKey:\n  - 1 Structures\n1.1 2D Structure\nStructure Search\nGet Image\nDownload Coordinates\nChemical Structure Depiction\nFull screen\nZoom in\nZoom out\nPubChem\n1.2 3D Conformer\nPubChem\n2 Biologic Description\nWURCS\nWURCS=2.0/1,1,0/[AdA_1*(CCCCCC$2/5)OC_3*(CCCCCC$2/5)CC/8C/8C]/1/\nGlyTouCan Project\n3 Names and Identifiers\n3.1 Computed Descriptors\n3.1.1 IUPAC Name\n1-(4-\ntert\n-butylphenyl)-3-(4-methoxyphenyl)propane-1,3-dione\nComputed by Lexichem TK 2.9.3 (PubChem release 2025.09.15)\nPubChem\n3.1.2 InChI\nInChI=1S/C20...\n\nChemical Forms:\n  - Not specified\n\nChemical Properties:\n  - ---\ningredient: Butyl methoxydibenzoylmethane\nsource: https://pubchem.ncbi.nlm.nih.gov/compound/51040\ntimestamp: 2025-12-17 14:26:42 UTC\ntype: ingredient_information\n---\n\ncompound Summary\nAvobenzone\nPubChem CID\n51040\nStructure\nPrimary Hazards\nNot Classified\nLaboratory Chemical Safety Summary (LCSS) Datasheet\nMolecular Formula\nC\n20\nH\n22\nO\n3\nSynonyms\nAvobenzone\n70356-09-1\nParsol 1789\nButyl methoxydibenzoylmethane\nEscalol 517\nView More...\n  - See also\n:\nAvobenzone; ecamsule; octocrylene\n(component of);\nAvobenzone; Octinoxate; Oxybenzone\n(component of).\n  - 1 Structures\n1.1 2D Structure\nStructure Search\nGet Image\nDownload Coordinates\nChemical Structure Depiction\nFull screen\nZoom in\nZoom out\nPubChem\n1.2 3D Conformer\nPubChem\n2 Biologic Description\nWURCS\nWURCS=2.0/1,1,0/[AdA_1*(CCCCCC$2/5)OC_3*(CCCCCC$2/5)CC/8C/8C]/1/\nGlyTouCan Project\n3 Names and Identifiers\n3.1 Computed Descriptors\n3.1.1 IUPAC Name\n1-(4-\ntert\n-butylphenyl)-3-(4-methoxyphenyl)propane-1,3-dione\nComputed by Lexichem TK 2.9.3 (PubChem release 2025.09.15)\nPubChem\n3.1.2 InChI\nInChI=1S/C20...\n  - Available from, as of Oct 10, 2013:\nhttps://www.makingcosmetics.com/Avobenzone-p15.html\nHazardous Substances Data Bank (HSDB)\n4.2.4 Melting Point\n83.5 °C\nO'Neil, M.J.\n  - 157\nHazardous Substances Data Bank (HSDB)\n4.2.5 Solubility\nSolubility at 20 °C:\nglycerin\n, 0.1% w/w;\nethanol\nand\nisopropanol\n, 2% w/w\nDSM; Parsol 1789 (Avobenzone), DSM Nutritional Products Europe Ltd, Basel, Switzerland.\n\nBiological Interactions:\n  - (SRC)\nHazardous Substances Data Bank (HSDB)\n14 Associated Disorders and Diseases\nComparative Toxicogenomics Database (CTD); Open Targets\nAssociated Occupational Diseases with Exposure to the Compound\nContact dermatitis, allergic\n[Category: Skin Disease]\nHaz-Map, Information on Hazardous Chemicals and Occupational Diseases\n15 Literature\n15.1 Consolidated References\nPubChem\n15.2 NLM Curated PubMed Citations\nMedical Subject Headings (MeSH)\n15.3 Springer Nature References\nSpringer Nature\n15.4 Chemic...\n  - http://www.ebi.ac.uk/Information/termsofuse.html\nhttps://www.ebi.ac.uk/chembl/explore/compound/CHEMBL1200522\nChEMBL Protein Target Tree\nhttps://www.ebi.ac.uk/chembl/g/#browse/targets\nComparative Toxicogenomics Database (CTD)\nLICENSE\nIt is to be used only for research and educational purposes.\n\nToxicity & Safety:\n  - ---\ningredient: Butyl methoxydibenzoylmethane\nsource: https://pubchem.ncbi.nlm.nih.gov/compound/51040\ntimestamp: 2025-12-17 14:26:42 UTC\ntype: ingredient_information\n---\n\ncompound Summary\nAvobenzone\nPubChem CID\n51040\nStructure\nPrimary Hazards\nNot Classified\nLaboratory Chemical Safety Summary (LCSS) Datasheet\nMolecular Formula\nC\n20\nH\n22\nO\n3\nSynonyms\nAvobenzone\n70356-09-1\nParsol 1789\nButyl methoxydibenzoylmethane\nEscalol 517\nView More...\n  - 1 Structures\n1.1 2D Structure\nStructure Search\nGet Image\nDownload Coordinates\nChemical Structure Depiction\nFull screen\nZoom in\nZoom out\nPubChem\n1.2 3D Conformer\nPubChem\n2 Biologic Description\nWURCS\nWURCS=2.0/1,1,0/[AdA_1*(CCCCCC$2/5)OC_3*(CCCCCC$2/5)CC/8C/8C]/1/\nGlyTouCan Project\n3 Names and Identifiers\n3.1 Computed Descriptors\n3.1.1 IUPAC Name\n1-(4-\ntert\n-butylphenyl)-3-(4-methoxyphenyl)propane-1,3-dione\nComputed by Lexichem TK 2.9.3 (PubChem release 2025.09.15)\nPubChem\n3.1.2 InChI\nInChI=1S/C20...\n  - 157\nHazardous Substances Data Bank (HSDB)\nOff-white to yellowish, crystalline powder\nMakingCosmetics; Sunscreens.\n  - Available from, as of Oct 10, 2013:\nhttps://www.makingcosmetics.com/Avobenzone-p15.html\nHazardous Substances Data Bank (HSDB)\n4.2.3 Odor\nSlightly aromatic\nDSM; Parsol 1789 (Avobenzone), DSM Nutritional Products Europe Ltd, Basel, Switzerland.\n  - Available from, as of Oct 10, 2013:\nhttps://www.greencupboards.com/media/resources/kinesys/parsol_1789.pdf\nHazardous Substances Data Bank (HSDB)\nWeak odor\nMakingCosmetics; Sunscreens.\n\n",
  "metadata": {
    "ingredient": "Butyl methoxydibenzoylmethane",
    "CAS": "70356-09-1",
    "InChIKey": "Not specified",
    "source": "https://pubchem.ncbi.nlm.nih.gov/compound/51040",
    "timestamp": "2025-12-17T14:26:43.205197+00:00",
    "type": "ingredient_information",
    "category": "cosmetics",
    "language": "fr"
  },
  "content_length": 5118,
  "timestamp": 1765992207.1090422
}