{
  "document_name": "paraffine.txt",
  "content": "Inf: ---\ningredient: Paraffine\nsource: https://pubchem.ncbi.nlm.nih.gov/compound/22833341\ntimestamp: 2025-12-17 13:38:01 UTC\ntype: ingredient_information\n---\n\ncompound Summary\nParaffins, chloro-\nPubChem CI\nCAS:\n  - (NCI05)\nNCI Thesaurus (NCIt)\n1 Structures\n1.1 2D Structure\nStructure Search\nGet Image\nDownload Coordinates\nChemical Structure Depiction\nFull screen\nZoom in\nZoom out\nPubChem\n1.2 3D Status\nConformer generation is disallowed since too flexible, too many undefined stereo centers\nPubChem\n2 Names and Identifiers\n2.1 Computed Descriptors\n2.1.1 IUPAC Name\n2,4,5,8,11,12,14,17-octachloroicosane\nComputed by Lexichem TK 2.7.0 (PubChem release 2025.04.14)\nPubChem\n2.1.2 InChI\nInChI=1S/C20H34Cl8/c1-3-4-14(22)5...\n\nInChIKey:\n  - (NCI05)\nNCI Thesaurus (NCIt)\n1 Structures\n1.1 2D Structure\nStructure Search\nGet Image\nDownload Coordinates\nChemical Structure Depiction\nFull screen\nZoom in\nZoom out\nPubChem\n1.2 3D Status\nConformer generation is disallowed since too flexible, too many undefined stereo centers\nPubChem\n2 Names and Identifiers\n2.1 Computed Descriptors\n2.1.1 IUPAC Name\n2,4,5,8,11,12,14,17-octachloroicosane\nComputed by Lexichem TK 2.7.0 (PubChem release 2025.04.14)\nPubChem\n2.1.2 InChI\nInChI=1S/C20H34Cl8/c1-3-4-14(22)5...\n\nChemical Forms:\n  - Not specified\n\nChemical Properties:\n  - ---\ningredient: Paraffine\nsource: https://pubchem.ncbi.nlm.nih.gov/compound/22833341\ntimestamp: 2025-12-17 13:38:01 UTC\ntype: ingredient_information\n---\n\ncompound Summary\nParaffins, chloro-\nPubChem CID\n22833341\nStructure\nMolecular Formula\nC\n20\nH\n34\nCl\n8\nSynonyms\nParaffins, chloro-\n3OE3NR58QP\nEINECS 263-004-3\nJ2.509.215E\nRefChem:858644\nView More...\n  - (NCI05)\nNCI Thesaurus (NCIt)\n1 Structures\n1.1 2D Structure\nStructure Search\nGet Image\nDownload Coordinates\nChemical Structure Depiction\nFull screen\nZoom in\nZoom out\nPubChem\n1.2 3D Status\nConformer generation is disallowed since too flexible, too many undefined stereo centers\nPubChem\n2 Names and Identifiers\n2.1 Computed Descriptors\n2.1.1 IUPAC Name\n2,4,5,8,11,12,14,17-octachloroicosane\nComputed by Lexichem TK 2.7.0 (PubChem release 2025.04.14)\nPubChem\n2.1.2 InChI\nInChI=1S/C20H34Cl8/c1-3-4-14(22)5...\n\nBiological Interactions:\n  - Not specified\n\nToxicity & Safety:\n  - PubChem\n4.2 Related Compounds\nSimilar Compounds (2D)\nView in PubChem Search\nSimilar Conformers (3D)\nView in PubChem Search\nPubChem\n4.3 Substances\n4.3.1 PubChem Reference Collection SID\n505854569\nPubChem\n4.3.2 Related Substances\nSame Count\n19\nPubChem\n4.3.3 Substances by Category\nPubChem\n5 Chemical Vendors\nPubChem\n6 Use and Manufacturing\n6.1 Uses\n6.1.1 Household Products\nHousehold & Commercial/Institutional Products\nInformation on 4 consumer products that contain Chlorinated Paraffin in the follow...\n  - https://www.cancer.gov/policies/copyright-reuse\nhttps://ncithesaurus.nci.nih.gov/ncitbrowser/ConceptReport.jsp?dictionary=NCI_Thesaurus&ns=ncit&code=C44354\nNCI Thesaurus\nhttps://ncit.nci.nih.gov\nSpringer Nature\nhttps://pubchem.ncbi.nlm.nih.gov/substance/495630568\nWikidata\nLICENSE\nCCZero\nhttps://creativecommons.org/publicdomain/zero/1.0/\n2,4,5,8,11,12,14,17-Octachloroicosane\nhttps://www.wikidata.org/wiki/Q126612757\nPubChem\nhttps://pubchem.ncbi.nlm.nih.gov\nNORMAN Suspect List Exchange\nLICENSE\nData...\n\n",
  "metadata": {
    "ingredient": "Paraffine",
    "CAS": "Not specified",
    "InChIKey": "Not specified",
    "source": "https://pubchem.ncbi.nlm.nih.gov/compound/22833341",
    "timestamp": "2025-12-17T13:38:01.532884+00:00",
    "type": "ingredient_information",
    "category": "cosmetics",
    "language": "fr"
  },
  "content_length": 3238,
  "timestamp": 1765992207.1250422
}