{
  "document_name": "lipides.txt",
  "content": "Inf: ---\ningredient: Lipides\nsource: https://pubchem.ncbi.nlm.nih.gov/compound/9776849\ntimestamp: 2025-12-17 14:45:56 UTC\ntype: ingredient_information\n---\n\ncompound Summary\nKDO2-lipid IVA\nPubChem CID\n97768\nCAS:\n  - Not specified\n\nInChIKey:\n  - ---\ningredient: Lipides\nsource: https://pubchem.ncbi.nlm.nih.gov/compound/9776849\ntimestamp: 2025-12-17 14:45:56 UTC\ntype: ingredient_information\n---\n\ncompound Summary\nKDO2-lipid IVA\nPubChem CID\n9776849\nStructure\nMolecular Formula\nC\n84\nH\n154\nN\n2\nO\n37\nP\n2\nSynonyms\nKDO2-lipid IVA\nLMSL02000003\nMolecular Weight\n1846.1 g/mol\nComputed by PubChem 2.1 (PubChem release 2021.05.07)\nDates\nCreate:\n2006-10-24\nModify:\n2025-12-13\n1 Structures\n1.1 2D Structure\nStructure Search\nGet Image\nDownload Coordinates\nChe...\n\nChemical Forms:\n  - Not specified\n\nChemical Properties:\n  - ---\ningredient: Lipides\nsource: https://pubchem.ncbi.nlm.nih.gov/compound/9776849\ntimestamp: 2025-12-17 14:45:56 UTC\ntype: ingredient_information\n---\n\ncompound Summary\nKDO2-lipid IVA\nPubChem CID\n9776849\nStructure\nMolecular Formula\nC\n84\nH\n154\nN\n2\nO\n37\nP\n2\nSynonyms\nKDO2-lipid IVA\nLMSL02000003\nMolecular Weight\n1846.1 g/mol\nComputed by PubChem 2.1 (PubChem release 2021.05.07)\nDates\nCreate:\n2006-10-24\nModify:\n2025-12-13\n1 Structures\n1.1 2D Structure\nStructure Search\nGet Image\nDownload Coordinates\nChe...\n  - PubChem\n4.2 Related Compounds\nSame Connectivity Count\n7\nSame Parent, Connectivity Count\n9\nSimilar Compounds (2D)\nView in PubChem Search\nSimilar Conformers (3D)\nView in PubChem Search\nPubChem\n4.3 Substances\n4.3.1 Related Substances\nSame Count\n4\nPubChem\n4.3.2 Substances by Category\nPubChem\n5 Literature\n5.1 Chemical Co-Occurrences in Literature\nPubChem\n5.2 Chemical-Gene Co-Occurrences in Literature\nPubChem\n5.3 Chemical-Disease Co-Occurrences in Literature\nPubChem\n5.4 Chemical-Organism Co-Occurrence...\n\nBiological Interactions:\n  - Not specified\n\nToxicity & Safety:\n  - Not specified\n\n",
  "metadata": {
    "ingredient": "Lipides",
    "CAS": "Not specified",
    "InChIKey": "Not specified",
    "source": "https://pubchem.ncbi.nlm.nih.gov/compound/9776849",
    "timestamp": "2025-12-17T14:45:56.238507+00:00",
    "type": "ingredient_information",
    "category": "cosmetics",
    "language": "fr"
  },
  "content_length": 1904,
  "timestamp": 1765992207.1220422
}