{
  "document_name": "coco-caprylatecaprate.txt",
  "content": "---\ningredient: Coco-Caprylate/Caprate\nsource: https://pubchem.ncbi.nlm.nih.gov/compound/Coco-Caprylate_Caprate\ntimestamp: 2025-12-17 14:01:00 UTC\ntype: ingredient_information\n---\n\nCompound Summary\nCoco-Caprylate/Caprate\nPubChem Reference Collection SID\n505574019\nPubChem CID\nNot available and might not be a discrete structure.\nDescription\nThe CIR Expert Panel concluded that the alkyl esters, listed subsequently, are safe in the present practices of use and concentration described in this safety assessment when formulated to be non-irritating.\nInternational Journal of Toxicology 34(Suppl.2):5-69, 2015\nCosmetic Ingredient Review (CIR)\n1 Synonyms\nCoco-Caprylate/Caprate\nCOCO-CAPRYLATE/CAPRATE [INCI]\nEC 306-082-7\nEINECS 306-082-7\nFatty acids, C8-1O, C12-18-alkyl esters\nRefChem:578290\nPubChem\n2 Names and Identifiers\n2.1 Other Identifiers\n2.1.1 CAS\n95912-86-0\nChemIDplus\n52623-82-2\nChemIDplus\n3 Chemical and Physical Properties\n3.1 Chemical Classes\n3.1.1 Cosmetics\nCosmetic ingredients (\nCoco-Caprylate/Caprate\n) -> CIR (Cosmetic Ingredient Review)\nInternational Journal of Toxicology 34(Suppl.2):5-69, 2015\nCosmetic Ingredient Review (CIR)\n4 Related Records\n4.1 Substances\n4.1.1 PubChem Reference Collection SID\n505574019\nPubChem\n5 Use and Manufacturing\n5.1 Uses\nCosmetic Ingredient Review Link\nCIR ingredient: Coco-Caprylate/Caprate\nInternational Journal of Toxicology 34(Suppl.2):5-69, 2015\nCosmetic Ingredient Review (CIR)\n5.1.1 Household Products\nHousehold & Commercial/Institutional Products\nInformation on 5 consumer products that contain Coco-\ncaprylate\n/\ncaprate\nin the following categories is provided:\n• Personal Care\nConsumer Product Information Database (CPID)\n6 Toxicity\n6.1 Toxicological Information\n6.1.1 Toxicity Summary\nCosmetic Ingredient Review Conclusion\nThe CIR Expert Panel concluded that the alkyl esters, listed subsequently, are safe in the present practices of use and concentration described in this safety assessment when formulated to be non-irritating.\nInternational Journal of Toxicology 34(Suppl.2):5-69, 2015\nCosmetic Ingredient Review (CIR)\nCosmetic Ingredient Review Finding(s)\nSafe for use in cosmetics, with qualifications\nInternational Journal of Toxicology 34(Suppl.2):5-69, 2015\nCosmetic Ingredient Review (CIR)\n7 Information Sources\nFilter by Source\nALL SOURCES\nTOXNET (ChemIDplus)\nChemIDplus\nConsumer Product Information Database (CPID)\nCosmetic Ingredient Review (CIR)\nPubChem\nPubChem\nhttps://pubchem.ncbi.nlm.nih.gov\nChemIDplus\nLICENSE\nhttps://www.nlm.nih.gov/copyright.html\nCoco-caprylate/caprate\nhttps://pubchem.ncbi.nlm.nih.gov/substance/?source=chemidplus&sourceid=0095912860\nCocoyl caprylocaprate\nhttps://pubchem.ncbi.nlm.nih.gov/substance/?source=chemidplus&sourceid=0052623822\nConsumer Product Information Database (CPID)\nLICENSE\nCopyright (c) 2024 DeLima Associates. All rights reserved.\nUnless otherwise indicated, all materials from CPID are copyrighted by DeLima Associates. No part of these materials, either text or image may be used for any purpose other than for personal use. Therefore, reproduction, modification, storage in a retrieval system or retransmission, in any form or by any means, electronic, mechanical or otherwise, for reasons other than personal use, is strictly prohibited without prior written permission.\nhttps://www.whatsinproducts.com/contents/view/1/6\nCoco-caprylate/caprate\nhttps://www.whatsinproducts.com/chemicals/view/1/6783/095912-86-0\nCosmetic Ingredient Review (CIR)\nLICENSE\nhttps://cir-safety.org/terms-use\nCoco-Caprylate/Caprate\nhttps://cir-reports.cir-safety.org/cir-ingredient-status-report/?id=a2a1fe71-5069-4a77-9dc6-bd36ad1892de\nCite\nDownload\nCONTENTS\nTitle and Summary\n1 Synonyms\n2 Names and Identifiers\nExpand this menu\n3 Chemical and Physical Properties\nExpand this menu\n4 Related Records\nExpand this menu\n5 Use and Manufacturing\nExpand this menu\n6 Toxicity\nExpand this menu\n7 Information Sources\n",
  "metadata": {},
  "content_length": 3902,
  "timestamp": 1765992207.113042
}