{
  "document_name": "sodium_hyaluronate.txt",
  "content": "Inf: ---\ningredient: Sodium hyaluronate\nsource: https://pubchem.ncbi.nlm.nih.gov/compound/Sodium-Hyaluronate\ntimestamp: 2025-12-17 13:44:28 UTC\ntype: ingredient_information\n---\n\nCompound Summary\nSodium Hya\nCAS:\n  - 4986\nFUNEES\nHyalovet\nHyaluronan sodium\nHyaluronate Sodium\nHyaluronate, Sodium\nHyaluronic Acid Gel\nHyaluronic Acid Micro\nHyaluronic acid sodium salt\nHylartin V, Hylartin V Injection\nINTOMEDI FIRST AMPOULE PEPTIDE\nIm Fill\nLegend Injectable Solution, Legend Multi Dose\nLegend Multi Dose\nMiracle Aqua Peeling\nMiracle Laser Mask\nNexHA\nOphtHAvet\nOstenil\nPEARSYS\nPokePoke Patch\nPurified Sodium Hyaluronate\nRamosu Hyaluronic Acid Solution 100\nRefChem:931918\nSHINE pH CLEANSING\nSHINE pH ESSENCE\nSHINE pH MOIST...\n\nInChIKey:\n  - Not specified\n\nChemical Forms:\n  - 1):5-67, 2009\nCosmetic Ingredient Review (CIR)\n9.1.1 Use Classification\nEPA Safer Chemical Functional Use Classes -> Polymers\nEPA Safer Choice\nSafer Chemical Classes ->\nGreen circle - The chemical has been verified to be of low concern\nEPA Safer Choice\nAnimal Drugs -> FDA Approved Animal Drug Products (Green Book) -> Active Ingredients\nFDA Approved Animal Drug Products (Green Book)\n9.1.2 Household Products\nHousehold & Commercial/Institutional Products\nInformation on 44 consumer products that con...\n\nChemical Properties:\n  - 1 Synonyms\nSodium Hyaluronate\n618-620-0\nBionect\nCURESTIN\nCURITHYS\nDTXSID30238233\nELCOSYS\nEquron\nFEMA NO.\n  - 4986\nFUNEES\nHyalovet\nHyaluronan sodium\nHyaluronate Sodium\nHyaluronate, Sodium\nHyaluronic Acid Gel\nHyaluronic Acid Micro\nHyaluronic acid sodium salt\nHylartin V, Hylartin V Injection\nINTOMEDI FIRST AMPOULE PEPTIDE\nIm Fill\nLegend Injectable Solution, Legend Multi Dose\nLegend Multi Dose\nMiracle Aqua Peeling\nMiracle Laser Mask\nNexHA\nOphtHAvet\nOstenil\nPEARSYS\nPokePoke Patch\nPurified Sodium Hyaluronate\nRamosu Hyaluronic Acid Solution 100\nRefChem:931918\nSHINE pH CLEANSING\nSHINE pH ESSENCE\nSHINE pH MOIST...\n  - Medical Subject Headings (MeSH)\nViscosupplements\nViscoelastic solutions that are injected into JOINTS in order to alleviate symptoms of joint-related disorders such as OSTEOARTHRITIS.\n  - 1):5-67, 2009\nCosmetic Ingredient Review (CIR)\n11.1.2 Acute Effects\nChemIDplus\n11.2 EFSA OpenFoodTox\n11.2.1 EFSA Outputs\nEFSA OpenFoodTox\n11.2.2 EFSA Genotoxicity\nEFSA OpenFoodTox\n12 Biological Test Results\n12.1 BioAssay Results\nPubChem\n13 Information Sources\nFilter by Source\nALL SOURCES\nTOXNET (ChemIDplus)\nAustralian Industrial Chemicals Introduction Scheme (AICIS)\nCAS Common Chemistry\nChemIDplus\nConsumer Product Information Database (CPID)\nCosmetic Ingredient Review (CIR)\nDailyMed\nEFSA OpenFoo...\n  - https://www.whatsinproducts.com/contents/view/1/6\nSodium hyaluronate\nhttps://www.whatsinproducts.com/chemicals/view/1/1058/009067-32-7\nCosmetic Ingredient Review (CIR)\nLICENSE\nhttps://cir-safety.org/terms-use\nSodium Hyaluronate\nhttps://cir-reports.cir-safety.org/cir-ingredient-status-report/?id=4402c4cc-7d49-ed11-bba2-00224824e39e\nDailyMed\nLICENSE\nhttps://www.nlm.nih.gov/copyright.html\nSODIUM HYALURONATE\nhttps://dailymed.nlm.nih.gov/dailymed/search.cfm?labeltype=all&query=SODIUM+HYALURONATE\nEPA...\n\nBiological Interactions:\n  - 1):5-67, 2009\nCosmetic Ingredient Review (CIR)\n11.1.2 Acute Effects\nChemIDplus\n11.2 EFSA OpenFoodTox\n11.2.1 EFSA Outputs\nEFSA OpenFoodTox\n11.2.2 EFSA Genotoxicity\nEFSA OpenFoodTox\n12 Biological Test Results\n12.1 BioAssay Results\nPubChem\n13 Information Sources\nFilter by Source\nALL SOURCES\nTOXNET (ChemIDplus)\nAustralian Industrial Chemicals Introduction Scheme (AICIS)\nCAS Common Chemistry\nChemIDplus\nConsumer Product Information Database (CPID)\nCosmetic Ingredient Review (CIR)\nDailyMed\nEFSA OpenFoo...\n\nToxicity & Safety:\n  - Primary Hazards\nLaboratory Chemical Safety Summary (LCSS) Datasheet\nSee also:\nHyaluronic Acid\n(has active moiety).\n  - 4986\nFUNEES\nHyalovet\nHyaluronan sodium\nHyaluronate Sodium\nHyaluronate, Sodium\nHyaluronic Acid Gel\nHyaluronic Acid Micro\nHyaluronic acid sodium salt\nHylartin V, Hylartin V Injection\nINTOMEDI FIRST AMPOULE PEPTIDE\nIm Fill\nLegend Injectable Solution, Legend Multi Dose\nLegend Multi Dose\nMiracle Aqua Peeling\nMiracle Laser Mask\nNexHA\nOphtHAvet\nOstenil\nPEARSYS\nPokePoke Patch\nPurified Sodium Hyaluronate\nRamosu Hyaluronic Acid Solution 100\nRefChem:931918\nSHINE pH CLEANSING\nSHINE pH ESSENCE\nSHINE pH MOIST...\n  - Medical Subject Headings (MeSH)\n9 Use and Manufacturing\n9.1 Uses\nCosmetic Ingredient Review Link\nCIR ingredient: Sodium Hyaluronate\nFinal Report Available from CIR 06/2023\nInternational Journal of Toxicology 28(Suppl.\n  - 1):5-67, 2009\nCosmetic Ingredient Review (CIR)\n9.1.1 Use Classification\nEPA Safer Chemical Functional Use Classes -> Polymers\nEPA Safer Choice\nSafer Chemical Classes ->\nGreen circle - The chemical has been verified to be of low concern\nEPA Safer Choice\nAnimal Drugs -> FDA Approved Animal Drug Products (Green Book) -> Active Ingredients\nFDA Approved Animal Drug Products (Green Book)\n9.1.2 Household Products\nHousehold & Commercial/Institutional Products\nInformation on 44 consumer products that con...\n  - Pictogram(s)\nSignal\nWarning\nGHS Hazard Statements\nH302 (16.4%): Harmful if swallowed [\nWarning\nAcute toxicity, oral]\nPrecautionary Statement Codes\nP264\n,\nP270\n,\nP301+P317\n,\nP330\n, and\nP501\nECHA C&L Notifications Summary\nAggregated GHS information provided per 214 reports by companies from 8 notifications to the ECHA C&L Inventory.\n\n",
  "metadata": {
    "ingredient": "Sodium hyaluronate",
    "CAS": "009067-32-7",
    "InChIKey": "Not specified",
    "source": "https://pubchem.ncbi.nlm.nih.gov/compound/Sodium-Hyaluronate",
    "timestamp": "2025-12-17T13:44:28.696154+00:00",
    "type": "ingredient_information",
    "category": "cosmetics",
    "language": "fr"
  },
  "content_length": 5364,
  "timestamp": 1765992207.130042
}