{
  "document_name": "polymères.txt",
  "content": "Inf: ---\ningredient: Polymères\nsource: https://pubchem.ncbi.nlm.nih.gov/compound/162665763\ntimestamp: 2025-12-17 14:19:15 UTC\ntype: ingredient_information\n---\n\ncompound Summary\nTubulin polymerization-IN-13\nCAS:\n  - Not specified\n\nInChIKey:\n  - Molecular Weight\n371.4 g/mol\nComputed by PubChem 2.2 (PubChem release 2025.09.15)\nDates\nCreate:\n2022-03-15\nModify:\n2025-12-13\n1 Structures\n1.1 2D Structure\nStructure Search\nGet Image\nDownload Coordinates\nChemical Structure Depiction\nFull screen\nZoom in\nZoom out\nPubChem\n1.2 3D Conformer\nPubChem\n2 Names and Identifiers\n2.1 Computed Descriptors\n2.1.1 IUPAC Name\n(2-amino-6-ethoxy-1-benzofuran-3-yl)-(3,4,5-trimethoxyphenyl)methanone\nComputed by Lexichem TK 2.9.3 (PubChem release 2025.09.15)\nPubChem\n2...\n\nChemical Forms:\n  - ---\ningredient: Polymères\nsource: https://pubchem.ncbi.nlm.nih.gov/compound/162665763\ntimestamp: 2025-12-17 14:19:15 UTC\ntype: ingredient_information\n---\n\ncompound Summary\nTubulin polymerization-IN-13\nPubChem CID\n162665763\nStructure\nMolecular Formula\nC\n20\nH\n21\nNO\n6\nSynonyms\nTubulin polymerization-IN-13\n2426665-56-5\norb1688553\nCHEMBL4784348\nDA-78688\nView More...\n  - Molecular Weight\n371.4 g/mol\nComputed by PubChem 2.2 (PubChem release 2025.09.15)\nDates\nCreate:\n2022-03-15\nModify:\n2025-12-13\n1 Structures\n1.1 2D Structure\nStructure Search\nGet Image\nDownload Coordinates\nChemical Structure Depiction\nFull screen\nZoom in\nZoom out\nPubChem\n1.2 3D Conformer\nPubChem\n2 Names and Identifiers\n2.1 Computed Descriptors\n2.1.1 IUPAC Name\n(2-amino-6-ethoxy-1-benzofuran-3-yl)-(3,4,5-trimethoxyphenyl)methanone\nComputed by Lexichem TK 2.9.3 (PubChem release 2025.09.15)\nPubChem\n2...\n\nChemical Properties:\n  - ---\ningredient: Polymères\nsource: https://pubchem.ncbi.nlm.nih.gov/compound/162665763\ntimestamp: 2025-12-17 14:19:15 UTC\ntype: ingredient_information\n---\n\ncompound Summary\nTubulin polymerization-IN-13\nPubChem CID\n162665763\nStructure\nMolecular Formula\nC\n20\nH\n21\nNO\n6\nSynonyms\nTubulin polymerization-IN-13\n2426665-56-5\norb1688553\nCHEMBL4784348\nDA-78688\nView More...\n  - Molecular Weight\n371.4 g/mol\nComputed by PubChem 2.2 (PubChem release 2025.09.15)\nDates\nCreate:\n2022-03-15\nModify:\n2025-12-13\n1 Structures\n1.1 2D Structure\nStructure Search\nGet Image\nDownload Coordinates\nChemical Structure Depiction\nFull screen\nZoom in\nZoom out\nPubChem\n1.2 3D Conformer\nPubChem\n2 Names and Identifiers\n2.1 Computed Descriptors\n2.1.1 IUPAC Name\n(2-amino-6-ethoxy-1-benzofuran-3-yl)-(3,4,5-trimethoxyphenyl)methanone\nComputed by Lexichem TK 2.9.3 (PubChem release 2025.09.15)\nPubChem\n2...\n  - PubChem\n4.2 Related Compounds\nSimilar Compounds (2D)\nView in PubChem Search\nSimilar Conformers (3D)\nView in PubChem Search\nPubChem\n4.3 Substances\n4.3.1 Related Substances\nSame Count\n7\nPubChem\n4.3.2 Substances by Category\nPubChem\n5 Chemical Vendors\nPubChem\n6 Literature\n6.1 Consolidated References\nPubChem\n6.2 Chemical Co-Occurrences in Literature\nPubChem\n6.3 Chemical-Gene Co-Occurrences in Literature\nPubChem\n6.4 Chemical-Disease Co-Occurrences in Literature\nPubChem\n6.5 Chemical-Organism Co-Occurre...\n  - http://www.ebi.ac.uk/Information/termsofuse.html\nhttps://www.ebi.ac.uk/chembl/explore/compound/CHEMBL4784348\nPubChem\nhttps://pubchem.ncbi.nlm.nih.gov\nMolGenie\nLICENSE\nCC-BY 4.0\nhttps://creativecommons.org/licenses/by/4.0/\nMolGenie Organic Chemistry Ontology\nhttps://github.com/MolGenie/ontology/\nCite\nDownload\nCONTENTS\nTitle and Summary\n1 Structures\nExpand this menu\n2 Names and Identifiers\nExpand this menu\n3 Chemical and Physical Properties\nExpand this menu\n4 Related Records\nExpand this menu\n5 Che...\n\nBiological Interactions:\n  - PubChem\n4.2 Related Compounds\nSimilar Compounds (2D)\nView in PubChem Search\nSimilar Conformers (3D)\nView in PubChem Search\nPubChem\n4.3 Substances\n4.3.1 Related Substances\nSame Count\n7\nPubChem\n4.3.2 Substances by Category\nPubChem\n5 Chemical Vendors\nPubChem\n6 Literature\n6.1 Consolidated References\nPubChem\n6.2 Chemical Co-Occurrences in Literature\nPubChem\n6.3 Chemical-Gene Co-Occurrences in Literature\nPubChem\n6.4 Chemical-Disease Co-Occurrences in Literature\nPubChem\n6.5 Chemical-Organism Co-Occurre...\n\nToxicity & Safety:\n  - Not specified\n\n",
  "metadata": {
    "ingredient": "Polymères",
    "CAS": "2426665-56-5",
    "InChIKey": "Not specified",
    "source": "https://pubchem.ncbi.nlm.nih.gov/compound/162665763",
    "timestamp": "2025-12-17T14:19:15.297263+00:00",
    "type": "ingredient_information",
    "category": "cosmetics",
    "language": "fr"
  },
  "content_length": 4128,
  "timestamp": 1765992207.1260421
}