{
  "document_name": "cétane.txt",
  "content": "Inf: ---\ningredient: Cétane\nsource: https://pubchem.ncbi.nlm.nih.gov/compound/129762186\ntimestamp: 2025-12-17 14:27:56 UTC\ntype: ingredient_information\n---\n\ncompound Summary\nMethyl ethyl isopropyl cetane\nP\nCAS:\n  - Not specified\n\nInChIKey:\n  - ---\ningredient: Cétane\nsource: https://pubchem.ncbi.nlm.nih.gov/compound/129762186\ntimestamp: 2025-12-17 14:27:56 UTC\ntype: ingredient_information\n---\n\ncompound Summary\nMethyl ethyl isopropyl cetane\nPubChem CID\n129762186\nStructure\nMolecular Formula\nC\n22\nH\n46\nSynonyms\nmethyl ethyl isopropyl cetane\nMolecular Weight\n310.6 g/mol\nComputed by PubChem 2.1 (PubChem release 2021.05.07)\nDates\nCreate:\n2017-09-13\nModify:\n2025-12-13\n1 Structures\n1.1 2D Structure\nStructure Search\nGet Image\nDownload Coordinate...\n\nChemical Forms:\n  - Not specified\n\nChemical Properties:\n  - ---\ningredient: Cétane\nsource: https://pubchem.ncbi.nlm.nih.gov/compound/129762186\ntimestamp: 2025-12-17 14:27:56 UTC\ntype: ingredient_information\n---\n\ncompound Summary\nMethyl ethyl isopropyl cetane\nPubChem CID\n129762186\nStructure\nMolecular Formula\nC\n22\nH\n46\nSynonyms\nmethyl ethyl isopropyl cetane\nMolecular Weight\n310.6 g/mol\nComputed by PubChem 2.1 (PubChem release 2021.05.07)\nDates\nCreate:\n2017-09-13\nModify:\n2025-12-13\n1 Structures\n1.1 2D Structure\nStructure Search\nGet Image\nDownload Coordinate...\n\nBiological Interactions:\n  - Not specified\n\nToxicity & Safety:\n  - Not specified\n\n",
  "metadata": {
    "ingredient": "Cétane",
    "CAS": "Not specified",
    "InChIKey": "Not specified",
    "source": "https://pubchem.ncbi.nlm.nih.gov/compound/129762186",
    "timestamp": "2025-12-17T14:27:56.589772+00:00",
    "type": "ingredient_information",
    "category": "cosmetics",
    "language": "fr"
  },
  "content_length": 1396,
  "timestamp": 1765992207.1150422
}