{
  "document_name": "hyaluronic_acid.txt",
  "content": "Inf: ---\ningredient: Hyaluronic Acid\nsource: https://pubchem.ncbi.nlm.nih.gov/compound/Hyaluronic-Acid\ntimestamp: 2025-12-17 14:46:41 UTC\ntype: ingredient_information\n---\n\nCompound Summary\nHyaluronic Acid\n\nCAS:\n  - Medical Subject Headings (MeSH)\n1 Synonyms\nHyaluronic Acid\n(2S,3S,4R,5R)-6-((2R,3S,4R,5R,6R)-5-acetamido-3-hydroxy-2-(hydroxymethyl)-6-methoxyoxan-4-yl)oxy-4,5-dihydroxy-3-methoxyoxane-2-carboxylic acid\n(2S,3S,4R,5R,6R)-3-(((2S,3R,5S,6R)-4-(((2R,3R,4S,5S,6S)-6-carboxy-3,4,5-trihydroxyoxan-2-yl)oxy)-3-acetamido-5-hydroxy-6-(hydroxymethyl)oxan-2-yl)oxy)-6-(((2R,3R,5S,6R)-3-acetamido-2,5-dihydroxy-6-(hydroxymethyl)oxan-4-yl)oxy)-4,5-dihydroxyoxane-2-carboxylic acid\nAcid, Hyaluronic\nCHEBI:16336\nCOLL...\n\nInChIKey:\n  - Not specified\n\nChemical Forms:\n  - 2026\nHazardous Substances Data Bank (HSDB)\nHyaluronic acid (HA) is a naturally occurring biodegradable polymer with a variety of applications in medicine, including scaffolding for tissue engineering, dermatological fillers and viscosupplementation for osteoarthritis treatment.\n  - Clearance of labelled polymer was retarded by prior injection of excess unlabelled hyaluronic acid.\n  - Clearance of labelled polymer was retarded by prior injection of excess unlabelled hyaluronic acid.\n  - Available from, as of August 12, 2016:\nhttps://www.nlm.nih.gov/mesh/2016/mesh_browser/MBrowser.html\nHazardous Substances Data Bank (HSDB)\nHyaluronic acid (HA) is a naturally occurring biodegradable polymer with a variety of applications in medicine, including scaffolding for tissue engineering, dermatological fillers and viscosupplementation for osteoarthritis treatment.\n  - Variation of pH, freezing temperature, and polymerization time allows for control of pore size and shape as well as matrix thickness.\n\nChemical Properties:\n  - HA is used in drug delivery systems for the treatment of cancer, ophthalmological conditions, joint conditions, and aesthetic imperfections.\n  - Several preparations of hyaluronic acid have been approved by the FDA and are available in oral, topical, and injectable forms.\n  - DrugBank\nHyaluronic Acid is a glucosaminoglycan consisting of D-glucuronic acid and N-acetyl-D-glucosamine disaccharide units that is a component of connective tissue, skin, vitreous humour, umbilical cord, synovial fluid and the capsule of certain microorganisms contributing to adhesion, elasticity, and viscosity of extracellular substances.\n  - Medical Subject Headings (MeSH)\n1 Synonyms\nHyaluronic Acid\n(2S,3S,4R,5R)-6-((2R,3S,4R,5R,6R)-5-acetamido-3-hydroxy-2-(hydroxymethyl)-6-methoxyoxan-4-yl)oxy-4,5-dihydroxy-3-methoxyoxane-2-carboxylic acid\n(2S,3S,4R,5R,6R)-3-(((2S,3R,5S,6R)-4-(((2R,3R,4S,5S,6S)-6-carboxy-3,4,5-trihydroxyoxan-2-yl)oxy)-3-acetamido-5-hydroxy-6-(hydroxymethyl)oxan-2-yl)oxy)-6-(((2R,3R,5S,6R)-3-acetamido-2,5-dihydroxy-6-(hydroxymethyl)oxan-4-yl)oxy)-4,5-dihydroxyoxane-2-carboxylic acid\nAcid, Hyaluronic\nCHEBI:16336\nCOLL...\n  - Finally, hyaluronic acid can be used off-label to coat the bladder for relief of interstitial cystitis symptoms.\n\nBiological Interactions:\n  - There are rare reports of adverse events believed to be secondary to trace amounts of proteins in the hyaluronic acid raw material.\n  - Low levels of the hyaluronic acid receptor CD44 are found on the surface of epithelial, hematopoietic, and neuronal cells; it is overexpressed in many cancer cells, and in particular in tumor-initiating cells.\n  - Fraser JT et al; Biochem J 200 (2): 415-424 (1981)\nHazardous Substances Data Bank (HSDB)\nHyaluronic acid is degraded by a family of enzymes called hyaluronidases.\n  - Proteomic approaches (2-DE combined with mass spectrometry) allowed us to identify 13 protein spots corresponding to 12 non-redundant proteins as HA-regulated proteins in OA chondrocytes under oxidative stress.\n  - The expression levels of three putative HA-regulated proteins (TALDO, ANXA1 and EF2) in control, H2O2-, HA- and HA/H2O2-treated OA chondrocytes were verified by Western blotting and the results indeed support the notion that HA acts in anti-oxidation, anti-apoptosis, and the promotion of cell survival.\n\nToxicity & Safety:\n  - Primary Hazards\nPrimary Hazards\nLaboratory Chemical Safety Summary (LCSS) Datasheet\nDescription\nHyaluronic acid (HA) is an anionic, nonsulfated glycosaminoglycan found in connective, epithelial, and neural tissues; it was first isolated in 1934.\n  - Several preparations of hyaluronic acid have been approved by the FDA and are available in oral, topical, and injectable forms.\n  - Medical Subject Headings (MeSH)\n1 Synonyms\nHyaluronic Acid\n(2S,3S,4R,5R)-6-((2R,3S,4R,5R,6R)-5-acetamido-3-hydroxy-2-(hydroxymethyl)-6-methoxyoxan-4-yl)oxy-4,5-dihydroxy-3-methoxyoxane-2-carboxylic acid\n(2S,3S,4R,5R,6R)-3-(((2S,3R,5S,6R)-4-(((2R,3R,4S,5S,6S)-6-carboxy-3,4,5-trihydroxyoxan-2-yl)oxy)-3-acetamido-5-hydroxy-6-(hydroxymethyl)oxan-2-yl)oxy)-6-(((2R,3R,5S,6R)-3-acetamido-2,5-dihydroxy-6-(hydroxymethyl)oxan-4-yl)oxy)-4,5-dihydroxyoxane-2-carboxylic acid\nAcid, Hyaluronic\nCHEBI:16336\nCOLL...\n  - /Hyaluronate Sodium/\nSigma-Aldrich; Safety Data Sheet for Hyaluronic acid sodium salt, from bovine vitreous humor.\n  - Available from, as of January 29, 2016:\nhttps://www.sigmaaldrich.com/safety-center.html\nHazardous Substances Data Bank (HSDB)\n4.1.7 Optical Rotation\nSpecific optical rotation = -74 deg at 25 °C/D (c=0.25 in water) /Hyaluronic acid, sodium salt/\nO'Neil, M.J.\n\n",
  "metadata": {
    "ingredient": "Hyaluronic Acid",
    "CAS": "Not specified",
    "InChIKey": "Not specified",
    "source": "https://pubchem.ncbi.nlm.nih.gov/compound/Hyaluronic-Acid",
    "timestamp": "2025-12-17T14:46:41.941505+00:00",
    "type": "ingredient_information",
    "category": "cosmetics",
    "language": "fr"
  },
  "content_length": 5403,
  "timestamp": 1765992207.121042
}