{
  "document_name": "polish.txt",
  "content": "Inf: ---\ningredient: Polish\nsource: https://pubchem.ncbi.nlm.nih.gov/compound/3049327\ntimestamp: 2025-12-17 14:12:37 UTC\ntype: ingredient_information\n---\n\ncompound Summary\nKarbafosem [Polish]\nPubChem CID\n3\nCAS:\n  - Not specified\n\nInChIKey:\n  - ---\ningredient: Polish\nsource: https://pubchem.ncbi.nlm.nih.gov/compound/3049327\ntimestamp: 2025-12-17 14:12:37 UTC\ntype: ingredient_information\n---\n\ncompound Summary\nKarbafosem [Polish]\nPubChem CID\n3049327\nStructure\nMolecular Formula\nC\n30\nH\n31\nCl\n9\nNO\n6\nP\nSynonyms\nKarbafosem [Polish]\norb1696795\nMolecular Weight\n851.6 g/mol\nComputed by PubChem 2.2 (PubChem release 2025.09.15)\nComponent Compounds\nCID 727 (Hexachlorocyclohexane)\nCID 10107 (Chlorfenvinphos)\nCID 6129 (Carbaryl)\nDates\nCreate:\n2005-08...\n\nChemical Forms:\n  - Not specified\n\nChemical Properties:\n  - ---\ningredient: Polish\nsource: https://pubchem.ncbi.nlm.nih.gov/compound/3049327\ntimestamp: 2025-12-17 14:12:37 UTC\ntype: ingredient_information\n---\n\ncompound Summary\nKarbafosem [Polish]\nPubChem CID\n3049327\nStructure\nMolecular Formula\nC\n30\nH\n31\nCl\n9\nNO\n6\nP\nSynonyms\nKarbafosem [Polish]\norb1696795\nMolecular Weight\n851.6 g/mol\nComputed by PubChem 2.2 (PubChem release 2025.09.15)\nComponent Compounds\nCID 727 (Hexachlorocyclohexane)\nCID 10107 (Chlorfenvinphos)\nCID 6129 (Carbaryl)\nDates\nCreate:\n2005-08...\n  - PubChem\n4.2 Component Compounds\nCID 727 (Hexachlorocyclohexane)\nCID 10107 (Chlorfenvinphos)\nCID 6129 (Carbaryl)\nPubChem\n4.3 Related Compounds\nSame Connectivity Count\n3\nMixtures, Components, and Neutralized Forms Count\n3\nSimilar Compounds (2D)\nView in PubChem Search\nSimilar Conformers (3D)\nView in PubChem Search\nPubChem\n4.4 Substances\n4.4.1 Related Substances\nSame Count\n2\nPubChem\n4.4.2 Substances by Category\nPubChem\n4.5 NCBI LinkOut\nNCBI\n5 Chemical Vendors\nPubChem\n6 Information Sources\nFilter by...\n\nBiological Interactions:\n  - Not specified\n\nToxicity & Safety:\n  - Not specified\n\n",
  "metadata": {
    "ingredient": "Polish",
    "CAS": "Not specified",
    "InChIKey": "Not specified",
    "source": "https://pubchem.ncbi.nlm.nih.gov/compound/3049327",
    "timestamp": "2025-12-17T14:12:37.755440+00:00",
    "type": "ingredient_information",
    "category": "cosmetics",
    "language": "fr"
  },
  "content_length": 1903,
  "timestamp": 1765992207.1260421
}