{
  "document_name": "red_22.txt",
  "content": "Inf: ---\ningredient: Red 22\nsource: https://pubchem.ncbi.nlm.nih.gov/compound/73759884\ntimestamp: 2025-12-17 14:10:43 UTC\ntype: ingredient_information\n---\n\ncompound Summary\nBasic Red 22\nPubChem CID\n7375988\nCAS:\n  - Molecular Weight\n356.40 g/mol\nComputed by PubChem 2.2 (PubChem release 2025.09.15)\nParent Compound\nCID 91569 (5-{[4-(Dimethylamino)phenyl]diazenyl}-1,4-dimethyl-1H-1,2,4-triazol-4-ium)\nComponent Compounds\nCID 6412 (Monomethyl sulfate)\nCID 91569 (5-{[4-(Dimethylamino)phenyl]diazenyl}-1,4-dimethyl-1H-1,2,4-triazol-4-ium)\nDates\nCreate:\n2014-05-24\nModify:\n2025-12-13\n1 Structures\n1.1 2D Structure\nStructure Search\nGet Image\nDownload Coordinates\nChemical Structure Depiction\nFull screen\nZoom in\nZoom out...\n\nInChIKey:\n  - Molecular Weight\n356.40 g/mol\nComputed by PubChem 2.2 (PubChem release 2025.09.15)\nParent Compound\nCID 91569 (5-{[4-(Dimethylamino)phenyl]diazenyl}-1,4-dimethyl-1H-1,2,4-triazol-4-ium)\nComponent Compounds\nCID 6412 (Monomethyl sulfate)\nCID 91569 (5-{[4-(Dimethylamino)phenyl]diazenyl}-1,4-dimethyl-1H-1,2,4-triazol-4-ium)\nDates\nCreate:\n2014-05-24\nModify:\n2025-12-13\n1 Structures\n1.1 2D Structure\nStructure Search\nGet Image\nDownload Coordinates\nChemical Structure Depiction\nFull screen\nZoom in\nZoom out...\n\nChemical Forms:\n  - Not specified\n\nChemical Properties:\n  - ---\ningredient: Red 22\nsource: https://pubchem.ncbi.nlm.nih.gov/compound/73759884\ntimestamp: 2025-12-17 14:10:43 UTC\ntype: ingredient_information\n---\n\ncompound Summary\nBasic Red 22\nPubChem CID\n73759884\nStructure\nMolecular Formula\nC\n13\nH\n20\nN\n6\nO\n4\nS\nSynonyms\nBasic red 22\nSynacril Red 3B\nC.I.\n  - Molecular Weight\n356.40 g/mol\nComputed by PubChem 2.2 (PubChem release 2025.09.15)\nParent Compound\nCID 91569 (5-{[4-(Dimethylamino)phenyl]diazenyl}-1,4-dimethyl-1H-1,2,4-triazol-4-ium)\nComponent Compounds\nCID 6412 (Monomethyl sulfate)\nCID 91569 (5-{[4-(Dimethylamino)phenyl]diazenyl}-1,4-dimethyl-1H-1,2,4-triazol-4-ium)\nDates\nCreate:\n2014-05-24\nModify:\n2025-12-13\n1 Structures\n1.1 2D Structure\nStructure Search\nGet Image\nDownload Coordinates\nChemical Structure Depiction\nFull screen\nZoom in\nZoom out...\n  - PubChem\n4.2 Parent Compound\nCID 91569 (5-{[4-(Dimethylamino)phenyl]diazenyl}-1,4-dimethyl-1H-1,2,4-triazol-4-ium)\nPubChem\n4.3 Component Compounds\nCID 6412 (Monomethyl sulfate)\nCID 91569 (5-{[4-(Dimethylamino)phenyl]diazenyl}-1,4-dimethyl-1H-1,2,4-triazol-4-ium)\nPubChem\n4.4 Related Compounds\nSame Parent, Exact Count\n9\nMixtures, Components, and Neutralized Forms Count\n2\nSimilar Compounds (2D)\nView in PubChem Search\nSimilar Conformers (3D)\nView in PubChem Search\nPubChem\n4.5 Substances\n4.5.1 PubChem...\n  - Basic Red 22\nhttps://www.epa.gov/chemicals-under-tsca\nEPA TSCA Classification\nhttps://www.epa.gov/tsca-inventory\nEPA DSSTox\nLICENSE\nhttps://www.epa.gov/privacy/privacy-act-laws-policies-and-resources\n4-[(2,4-Dimethyl-2,4-dihydro-3H-1,2,4-triazol-3-ylidene)hydrazinylidene]-N,N-dimethylcyclohexa-2,5-dien-1-iminium methyl sulfate\nhttps://comptox.epa.gov/dashboard/DTXSID10946021\nCompTox Chemicals Dashboard Chemical Lists\nhttps://comptox.epa.gov/dashboard/chemical-lists/\nEuropean Chemicals Agency (EC...\n\nBiological Interactions:\n  - Not specified\n\nToxicity & Safety:\n  - Molecular Weight\n356.40 g/mol\nComputed by PubChem 2.2 (PubChem release 2025.09.15)\nParent Compound\nCID 91569 (5-{[4-(Dimethylamino)phenyl]diazenyl}-1,4-dimethyl-1H-1,2,4-triazol-4-ium)\nComponent Compounds\nCID 6412 (Monomethyl sulfate)\nCID 91569 (5-{[4-(Dimethylamino)phenyl]diazenyl}-1,4-dimethyl-1H-1,2,4-triazol-4-ium)\nDates\nCreate:\n2014-05-24\nModify:\n2025-12-13\n1 Structures\n1.1 2D Structure\nStructure Search\nGet Image\nDownload Coordinates\nChemical Structure Depiction\nFull screen\nZoom in\nZoom out...\n  - PubChem\n4.2 Parent Compound\nCID 91569 (5-{[4-(Dimethylamino)phenyl]diazenyl}-1,4-dimethyl-1H-1,2,4-triazol-4-ium)\nPubChem\n4.3 Component Compounds\nCID 6412 (Monomethyl sulfate)\nCID 91569 (5-{[4-(Dimethylamino)phenyl]diazenyl}-1,4-dimethyl-1H-1,2,4-triazol-4-ium)\nPubChem\n4.4 Related Compounds\nSame Parent, Exact Count\n9\nMixtures, Components, and Neutralized Forms Count\n2\nSimilar Compounds (2D)\nView in PubChem Search\nSimilar Conformers (3D)\nView in PubChem Search\nPubChem\n4.5 Substances\n4.5.1 PubChem...\n  - Basic Red 22: ACTIVE\nEPA Chemicals under the TSCA\nEPA TSCA Commercial Activity Status\n4H-1,2,4-Triazolium, 5-[2-[4-(dimethylamino)phenyl]diazenyl]-1,4-dimethyl-,\nmethyl sulfate\n(1:1): INACTIVE\nEPA Chemicals under the TSCA\n7 Safety and Hazards\n7.1 Regulatory Information\nThe Australian Inventory of Industrial Chemicals\nChemical: C.I.\n  - Basic Red 22\nAustralian Industrial Chemicals Introduction Scheme (AICIS)\nNew Zealand EPA Inventory of Chemical Status\nC.I.\n  - New Zealand Environmental Protection Authority (EPA)\n7.2 Other Safety Information\nChemical Assessment\nIMAP assessments - C.I.\n\n",
  "metadata": {
    "ingredient": "Red 22",
    "CAS": "Not specified",
    "InChIKey": "Not specified",
    "source": "https://pubchem.ncbi.nlm.nih.gov/compound/73759884",
    "timestamp": "2025-12-17T14:10:43.597285+00:00",
    "type": "ingredient_information",
    "category": "cosmetics",
    "language": "fr"
  },
  "content_length": 4792,
  "timestamp": 1765992207.1280422
}