{
  "document_name": "pigments_colorants.txt",
  "content": "Inf: ---\ningredient: Pigments colorants\nsource: https://pubchem.ncbi.nlm.nih.gov/compound/8978\ntimestamp: 2025-12-17 13:28:47 UTC\ntype: ingredient_information\n---\n\ncompound Summary\nCopper, [29H,31H-phthalo\nCAS:\n  - https://commonchemistry.cas.org/detail?cas_rn=\n147-14-8\n(retrieved 2022-01-27) (CAS RN:\n147-14-8\n).\n  - https://commonchemistry.cas.org/detail?cas_rn=\n7790-94-5\n(retrieved 2022-01-27) (CAS RN:\n7790-94-5\n).\n\nInChIKey:\n  - Molecular Weight\n576.1 g/mol\nComputed by PubChem 2.2 (PubChem release 2025.09.15)\nParent Compound\nCID 433865 (29H, dilithium salt)\nComponent Compounds\nCID 433865 (29H, dilithium salt)\nCID 5282330 (31h-Phthalocyanine)\nCID 23978 (Copper)\nCID 86280045 (Phthalocyanine)\nDates\nCreate:\n2005-07-19\nModify:\n2025-12-13\n1 Structures\n1.1 2D Structure\nStructure Search\nGet Image\nDownload Coordinates\nChemical Structure Depiction\nFull screen\nZoom in\nZoom out\nPubChem\n1.2 3D Conformer\n3D Conformer of Parent\nPubChe...\n\nChemical Forms:\n  - Not specified\n\nChemical Properties:\n  - ---\ningredient: Pigments colorants\nsource: https://pubchem.ncbi.nlm.nih.gov/compound/8978\ntimestamp: 2025-12-17 13:28:47 UTC\ntype: ingredient_information\n---\n\ncompound Summary\nCopper, [29H,31H-phthalocyaninato(2-)-kappaN29,kappaN30,kappaN31,kappaN32]-, (SP-4-1)-\nPubChem CID\n8978\nStructure\nMolecular Formula\nC\n32\nH\n16\nCuN\n8\nSynonyms\nCopper(II) phthalocyanine, beta-form, Dye content 90 %\nCopper(II) phthalocyanine, sublimed grade, Dye content 99 %\nSCHEMBL24250\nSCHEMBL341797\nPhthalocyanine copper (al...\n  - Molecular Weight\n576.1 g/mol\nComputed by PubChem 2.2 (PubChem release 2025.09.15)\nParent Compound\nCID 433865 (29H, dilithium salt)\nComponent Compounds\nCID 433865 (29H, dilithium salt)\nCID 5282330 (31h-Phthalocyanine)\nCID 23978 (Copper)\nCID 86280045 (Phthalocyanine)\nDates\nCreate:\n2005-07-19\nModify:\n2025-12-13\n1 Structures\n1.1 2D Structure\nStructure Search\nGet Image\nDownload Coordinates\nChemical Structure Depiction\nFull screen\nZoom in\nZoom out\nPubChem\n1.2 3D Conformer\n3D Conformer of Parent\nPubChe...\n  - PubChem\n4.2 Parent Compound\nCID 433865 (29H, dilithium salt)\nPubChem\n4.3 Component Compounds\nCID 433865 (29H, dilithium salt)\nCID 5282330 (31h-Phthalocyanine)\nCID 23978 (Copper)\nCID 86280045 (Phthalocyanine)\nPubChem\n4.4 Related Compounds\nSame Parent, Exact Count\n35\nMixtures, Components, and Neutralized Forms Count\n4\nSimilar Compounds (2D)\nView in PubChem Search\nSimilar Conformers (3D)\nView in PubChem Search\nPubChem\n4.5 Substances\n4.5.1 Related Substances\nSame Count\n60\nPubChem\n4.5.2 Substances by...\n  - Reference Source\nUser Reported\nModified Date\n01/27/2022\nCreate Date\n01/27/2022\nPistoia Alliance Chemical Safety Library\n7 Literature\n7.1 Consolidated References\nPubChem\n7.2 Springer Nature References\nSpringer Nature\nSpringer Nature\n7.3 Wiley References\nWiley\n7.4 Chemical Co-Occurrences in Literature\nPubChem\n7.5 Chemical-Gene Co-Occurrences in Literature\nPubChem\n7.6 Chemical-Disease Co-Occurrences in Literature\nPubChem\n7.7 Chemical-Organism Co-Occurrences in Literature\nPubChem\n8 Patents\n8.1 Depos...\n\nBiological Interactions:\n  - Not specified\n\nToxicity & Safety:\n  - PubChem\n4.2 Parent Compound\nCID 433865 (29H, dilithium salt)\nPubChem\n4.3 Component Compounds\nCID 433865 (29H, dilithium salt)\nCID 5282330 (31h-Phthalocyanine)\nCID 23978 (Copper)\nCID 86280045 (Phthalocyanine)\nPubChem\n4.4 Related Compounds\nSame Parent, Exact Count\n35\nMixtures, Components, and Neutralized Forms Count\n4\nSimilar Compounds (2D)\nView in PubChem Search\nSimilar Conformers (3D)\nView in PubChem Search\nPubChem\n4.5 Substances\n4.5.1 Related Substances\nSame Count\n60\nPubChem\n4.5.2 Substances by...\n  - GHS Category\nExplosive\nReaction Scale\nNot Available\nAdditional Information\nSubstance identification sources:\nCopper phthalocyanine\n.\n  - Reference Source\nUser Reported\nModified Date\n01/27/2022\nCreate Date\n01/27/2022\nPistoia Alliance Chemical Safety Library\n7 Literature\n7.1 Consolidated References\nPubChem\n7.2 Springer Nature References\nSpringer Nature\nSpringer Nature\n7.3 Wiley References\nWiley\n7.4 Chemical Co-Occurrences in Literature\nPubChem\n7.5 Chemical-Gene Co-Occurrences in Literature\nPubChem\n7.6 Chemical-Disease Co-Occurrences in Literature\nPubChem\n7.7 Chemical-Organism Co-Occurrences in Literature\nPubChem\n8 Patents\n8.1 Depos...\n\n",
  "metadata": {
    "ingredient": "Pigments colorants",
    "CAS": "147-14-8",
    "InChIKey": "Not specified",
    "source": "https://pubchem.ncbi.nlm.nih.gov/compound/8978",
    "timestamp": "2025-12-17T13:28:47.362892+00:00",
    "type": "ingredient_information",
    "category": "cosmetics",
    "language": "fr"
  },
  "content_length": 4247,
  "timestamp": 1765992207.1260421
}