{
  "document_name": "glycérine.txt",
  "content": "Inf: ---\ningredient: glycérine\nsource: https://pubchem.ncbi.nlm.nih.gov/compound/129010977\ntimestamp: 2025-12-17 14:30:10 UTC\ntype: ingredient_information\n---\n\ncompound Summary\nDiethyltoluamide, ethanol, g\nCAS:\n  - Molecular Weight\n483.7 g/mol\nComputed by PubChem 2.2 (PubChem release 2025.09.15)\nComponent Compounds\nCID 4284 (N,N-diethyl-m-toluamide)\nCID 753 (Glycerol)\nCID 17100 (Alpha-Terpineol)\nCID 702 (Ethanol)\nDates\nCreate:\n2017-07-02\nModify:\n2025-12-13\nDescription\ninsect repellent lotion containing diethyltoluamide, ethanol, glycerin, terpineol & water\nMedical Subject Headings (MeSH)\n1 Structures\n1.1 2D Structure\nStructure Search\nGet Image\nDownload Coordinates\nChemical Structure Depiction\nFull screen\nZ...\n\nInChIKey:\n  - Molecular Weight\n483.7 g/mol\nComputed by PubChem 2.2 (PubChem release 2025.09.15)\nComponent Compounds\nCID 4284 (N,N-diethyl-m-toluamide)\nCID 753 (Glycerol)\nCID 17100 (Alpha-Terpineol)\nCID 702 (Ethanol)\nDates\nCreate:\n2017-07-02\nModify:\n2025-12-13\nDescription\ninsect repellent lotion containing diethyltoluamide, ethanol, glycerin, terpineol & water\nMedical Subject Headings (MeSH)\n1 Structures\n1.1 2D Structure\nStructure Search\nGet Image\nDownload Coordinates\nChemical Structure Depiction\nFull screen\nZ...\n\nChemical Forms:\n  - Not specified\n\nChemical Properties:\n  - ---\ningredient: glycérine\nsource: https://pubchem.ncbi.nlm.nih.gov/compound/129010977\ntimestamp: 2025-12-17 14:30:10 UTC\ntype: ingredient_information\n---\n\ncompound Summary\nDiethyltoluamide, ethanol, glycerin, terpineol, water drug combination\nPubChem CID\n129010977\nStructure\nMolecular Formula\nC\n27\nH\n49\nNO\n6\nSynonyms\nDiethyltoluamide, ethanol, glycerin, terpineol, water drug combination\nTerpineol, mixt.\n  - Molecular Weight\n483.7 g/mol\nComputed by PubChem 2.2 (PubChem release 2025.09.15)\nComponent Compounds\nCID 4284 (N,N-diethyl-m-toluamide)\nCID 753 (Glycerol)\nCID 17100 (Alpha-Terpineol)\nCID 702 (Ethanol)\nDates\nCreate:\n2017-07-02\nModify:\n2025-12-13\nDescription\ninsect repellent lotion containing diethyltoluamide, ethanol, glycerin, terpineol & water\nMedical Subject Headings (MeSH)\n1 Structures\n1.1 2D Structure\nStructure Search\nGet Image\nDownload Coordinates\nChemical Structure Depiction\nFull screen\nZ...\n  - PubChem\n4.2 Component Compounds\nCID 4284 (N,N-diethyl-m-toluamide)\nCID 753 (Glycerol)\nCID 17100 (Alpha-Terpineol)\nCID 702 (Ethanol)\nPubChem\n4.3 Related Compounds\nMixtures, Components, and Neutralized Forms Count\n4\nSimilar Compounds (2D)\nView in PubChem Search\nSimilar Conformers (3D)\nView in PubChem Search\nPubChem\n4.4 Substances\n4.4.1 PubChem Reference Collection SID\n516566076\nPubChem\n4.4.2 Related Substances\nSame Count\n3\nPubChem\n4.4.3 Substances by Category\nPubChem\n5 Literature\n5.1 Consolidated...\n\nBiological Interactions:\n  - Not specified\n\nToxicity & Safety:\n  - Not specified\n\n",
  "metadata": {
    "ingredient": "glycérine",
    "CAS": "Not specified",
    "InChIKey": "Not specified",
    "source": "https://pubchem.ncbi.nlm.nih.gov/compound/129010977",
    "timestamp": "2025-12-17T14:30:10.263528+00:00",
    "type": "ingredient_information",
    "category": "cosmetics",
    "language": "fr"
  },
  "content_length": 2802,
  "timestamp": 1765992207.1190422
}