{
  "document_name": "peptides.txt",
  "content": "Inf: ---\ningredient: Peptides\nsource: https://pubchem.ncbi.nlm.nih.gov/compound/Peptide\ntimestamp: 2025-12-17 14:46:50 UTC\ntype: ingredient_information\n---\n\nCompound Summary\nPeptide\nPubChem Reference Colle\nCAS:\n  - Not specified\n\nInChIKey:\n  - Not specified\n\nChemical Forms:\n  - Not specified\n\nChemical Properties:\n  - Medical Subject Headings (MeSH)\n1 Synonyms\nPeptide\nCHEBI:16670\nPeptides\nRefChem:928812\nPubChem\n2 MeSH Entry Terms\nPeptides\nPeptide\nMedical Subject Headings (MeSH)\n3 Structures\n3.1 Crystal Structures\n1 of 18 items\nView All\nCOD Number\n1511871\nAssociated Article\nRamesh, Veera V.\n  - DOI:\n10.1021/ol4002762\nCrystal Structure Depiction\nHermann-Mauguin space group symbol\nP 1 21 1\nHall space group symbol\nP 2yb\nSpace group number\n4\na\n8.677 Å\nb\n12.585 Å\nc\n11.434 Å\nα\n90.00 °\nβ\n98.801 °\nγ\n90.00 °\nZ\n2\nZ'\n1\nResidual factor\n0.0328\nCrystallography Open Database (COD)\n4 Names and Identifiers\n4.1 Other Identifiers\n4.1.1 AIDS Number\n002483\nNIAID ChemDB\nView More...\n  - 4.1.2 NCI Thesaurus Code\nC735\nNCI Thesaurus (NCIt)\n5 Related Records\n5.1 Substances\n5.1.1 PubChem Reference Collection SID\n516574720\nPubChem\n6 Literature\n6.1 NLM Curated PubMed Citations\nMedical Subject Headings (MeSH)\n7 Information Sources\nFilter by Source\nALL SOURCES\nCrystallography Open Database (COD)\nMedical Subject Headings (MeSH)\nNCI Thesaurus (NCIt)\nNIAID ChemDB\nPubChem\nPubChem\nhttps://pubchem.ncbi.nlm.nih.gov\nCrystallography Open Database (COD)\nLICENSE\nAll data in the COD and the databas...\n  - https://creativecommons.org/publicdomain/zero/1.0/\nhttps://www.crystallography.net/cod/1511871.html\nhttps://www.crystallography.net/cod/4108913.html\nhttps://www.crystallography.net/cod/4108914.html\nhttps://www.crystallography.net/cod/4108915.html\nhttps://www.crystallography.net/cod/7108371.html\nhttps://www.crystallography.net/cod/7108372.html\nhttps://www.crystallography.net/cod/7108373.html\nhttps://www.crystallography.net/cod/7108374.html\nhttps://www.crystallography.net/cod/7108375.html\nhttps://...\n  - https://www.nlm.nih.gov/copyright.html\nPeptides\nhttps://id.nlm.nih.gov/mesh/M0016238.html\nhttps://www.nlm.nih.gov/mesh/meshhome.html\nCite\nDownload\nCONTENTS\nTitle and Summary\n1 Synonyms\n2 MeSH Entry Terms\n3 Structures\nExpand this menu\n4 Names and Identifiers\nExpand this menu\n5 Related Records\nExpand this menu\n6 Literature\nExpand this menu\n7 Information Sources\n\nBiological Interactions:\n  - PROTEINS are considered to be larger versions of peptides that can form into complex structures such as ENZYMES and RECEPTORS.\n\nToxicity & Safety:\n  - Not specified\n\n",
  "metadata": {
    "ingredient": "Peptides",
    "CAS": "Not specified",
    "InChIKey": "Not specified",
    "source": "https://pubchem.ncbi.nlm.nih.gov/compound/Peptide",
    "timestamp": "2025-12-17T14:46:50.638111+00:00",
    "type": "ingredient_information",
    "category": "cosmetics",
    "language": "fr"
  },
  "content_length": 2552,
  "timestamp": 1765992207.1250422
}