{
  "document_name": "cinnamyl_salicylate.txt",
  "content": "Inf: ---\ningredient: Cinnamyl Salicylate\nsource: https://pubchem.ncbi.nlm.nih.gov/compound/6365695\ntimestamp: 2025-12-17 14:21:37 UTC\ntype: ingredient_information\n---\n\ncompound Summary\nCinnamyl salicylate\n\nCAS:\n  - Molecular Weight\n254.28 g/mol\nComputed by PubChem 2.2 (PubChem release 2021.10.14)\nDates\nCreate:\n2005-08-08\nModify:\n2025-12-13\n1 Structures\n1.1 2D Structure\nStructure Search\nGet Image\nDownload Coordinates\nChemical Structure Depiction\nFull screen\nZoom in\nZoom out\nPubChem\n1.2 3D Conformer\nPubChem\n2 Names and Identifiers\n2.1 Computed Descriptors\n2.1.1 IUPAC Name\n[(\nE\n)-3-phenylprop-2-enyl] 2-hydroxybenzoate\nComputed by Lexichem TK 2.7.0 (PubChem release 2021.10.14)\nPubChem\n2.1.2 InChI\nInChI=1S/C16H...\n\nInChIKey:\n  - Molecular Weight\n254.28 g/mol\nComputed by PubChem 2.2 (PubChem release 2021.10.14)\nDates\nCreate:\n2005-08-08\nModify:\n2025-12-13\n1 Structures\n1.1 2D Structure\nStructure Search\nGet Image\nDownload Coordinates\nChemical Structure Depiction\nFull screen\nZoom in\nZoom out\nPubChem\n1.2 3D Conformer\nPubChem\n2 Names and Identifiers\n2.1 Computed Descriptors\n2.1.1 IUPAC Name\n[(\nE\n)-3-phenylprop-2-enyl] 2-hydroxybenzoate\nComputed by Lexichem TK 2.7.0 (PubChem release 2021.10.14)\nPubChem\n2.1.2 InChI\nInChI=1S/C16H...\n\nChemical Forms:\n  - Not specified\n\nChemical Properties:\n  - ---\ningredient: Cinnamyl Salicylate\nsource: https://pubchem.ncbi.nlm.nih.gov/compound/6365695\ntimestamp: 2025-12-17 14:21:37 UTC\ntype: ingredient_information\n---\n\ncompound Summary\nCinnamyl salicylate\nPubChem CID\n6365695\nStructure\nMolecular Formula\nC\n16\nH\n14\nO\n3\nSynonyms\nCinnamyl salicylate\n71607-53-9\nEINECS 275-694-3\n[(E)-3-phenylprop-2-enyl] 2-hydroxybenzoate\nSCHEMBL28894463\nView More...\n  - Molecular Weight\n254.28 g/mol\nComputed by PubChem 2.2 (PubChem release 2021.10.14)\nDates\nCreate:\n2005-08-08\nModify:\n2025-12-13\n1 Structures\n1.1 2D Structure\nStructure Search\nGet Image\nDownload Coordinates\nChemical Structure Depiction\nFull screen\nZoom in\nZoom out\nPubChem\n1.2 3D Conformer\nPubChem\n2 Names and Identifiers\n2.1 Computed Descriptors\n2.1.1 IUPAC Name\n[(\nE\n)-3-phenylprop-2-enyl] 2-hydroxybenzoate\nComputed by Lexichem TK 2.7.0 (PubChem release 2021.10.14)\nPubChem\n2.1.2 InChI\nInChI=1S/C16H...\n  - PubChem\n4.2 Related Compounds\nSame Connectivity Count\n2\nSame Parent, Connectivity Count\n2\nSimilar Compounds (2D)\nView in PubChem Search\nSimilar Conformers (3D)\nView in PubChem Search\nPubChem\n4.3 Substances\n4.3.1 Related Substances\nSame Count\n21\nPubChem\n4.3.2 Substances by Category\nPubChem\n5 Chemical Vendors\nPubChem\n6 Patents\n6.1 Depositor-Supplied Patent Identifiers\nPubChem\nLink to all deposited patent identifiers\nPubChem\n7 Classification\n7.1 ChemIDplus\nChemIDplus\n7.2 NORMAN Suspect List Exchang...\n\nBiological Interactions:\n  - Not specified\n\nToxicity & Safety:\n  - Not specified\n\n",
  "metadata": {
    "ingredient": "Cinnamyl Salicylate",
    "CAS": "71607-53-9",
    "InChIKey": "Not specified",
    "source": "https://pubchem.ncbi.nlm.nih.gov/compound/6365695",
    "timestamp": "2025-12-17T14:21:37.549463+00:00",
    "type": "ingredient_information",
    "category": "cosmetics",
    "language": "fr"
  },
  "content_length": 2790,
  "timestamp": 1765992207.1120422
}