{
  "document_name": "fard.txt",
  "content": "Inf: ---\ningredient: Fard\nsource: https://pubchem.ncbi.nlm.nih.gov/compound/73415757\ntimestamp: 2025-12-17 13:27:53 UTC\ntype: ingredient_information\n---\n\ncompound Summary\nBismuth Subnitrate\nPubChem CID\n734\nCAS:\n  - DrugBank\nantacid containing bismuth, sodium & magnesium carbonates, rutin, Khellin & Rhamnus bark powder; do not confuse with colloidal bismuth subcitrate\nMedical Subject Headings (MeSH)\n1 Structures\n1.1 2D Structure\nStructure Search\nGet Image\nDownload Coordinates\nChemical Structure Depiction\nFull screen\nZoom in\nZoom out\nPubChem\n1.2 3D Status\nConformer generation is disallowed since MMFF94s unsupported element, mixture or salt\nPubChem\n2 Names and Identifiers\n2.1 Computed Descriptors\n2.1.1 IUPAC...\n\nInChIKey:\n  - DrugBank\nantacid containing bismuth, sodium & magnesium carbonates, rutin, Khellin & Rhamnus bark powder; do not confuse with colloidal bismuth subcitrate\nMedical Subject Headings (MeSH)\n1 Structures\n1.1 2D Structure\nStructure Search\nGet Image\nDownload Coordinates\nChemical Structure Depiction\nFull screen\nZoom in\nZoom out\nPubChem\n1.2 3D Status\nConformer generation is disallowed since MMFF94s unsupported element, mixture or salt\nPubChem\n2 Names and Identifiers\n2.1 Computed Descriptors\n2.1.1 IUPAC...\n\nChemical Forms:\n  - Not specified\n\nChemical Properties:\n  - ---\ningredient: Fard\nsource: https://pubchem.ncbi.nlm.nih.gov/compound/73415757\ntimestamp: 2025-12-17 13:27:53 UTC\ntype: ingredient_information\n---\n\ncompound Summary\nBismuth Subnitrate\nPubChem CID\n73415757\nStructure\nPrimary Hazards\nLaboratory Chemical Safety Summary (LCSS) Datasheet\nMolecular Formula\nBi\n5\nH\n9\nN\n4\nO\n22\nSynonyms\nBismuth nitrate, basic\nBismuth hydroxide nitrate oxide\nBasic bismuth nitrate\nNovismuth\nVicalin\nView More...\n  - DrugBank\nantacid containing bismuth, sodium & magnesium carbonates, rutin, Khellin & Rhamnus bark powder; do not confuse with colloidal bismuth subcitrate\nMedical Subject Headings (MeSH)\n1 Structures\n1.1 2D Structure\nStructure Search\nGet Image\nDownload Coordinates\nChemical Structure Depiction\nFull screen\nZoom in\nZoom out\nPubChem\n1.2 3D Status\nConformer generation is disallowed since MMFF94s unsupported element, mixture or salt\nPubChem\n2 Names and Identifiers\n2.1 Computed Descriptors\n2.1.1 IUPAC...\n  - 77169\nDTXSID40893872\nBismuth hydroxide nitrate oxide (Bi5O(OH)9(NO3)4)\nBismuth oxide (Bi2O3), compd with nitrogen oxide (N2O5) (6:5), octahydrate\nBismuth hydroxide nitrate oxide [Bi5O(OH)9(NO3)4]\nVikalin\nRefChem:57932\nBismuthum subnitricum 6C\nDTXCID601323910\n215-136-8\n611-133-4\n1304-85-4\nBismuth Subnitrate\nMammol\nBismuth(III) subnitrate\nUNII-H19J064BA5\nBismuth subnitrate [USP:JAN]\nBISMUTH SUBNITRATE [MI]\nBISMUTH SUBNITRATE [JAN]\nHSDB 1608\nBISMUTH SUBNITRATE [HSDB]\nQGWDKKHSDXWPET-UHFFFAOYSA-E\nBIS...\n  - 213\nHazardous Substances Data Bank (HSDB)\n3.2.5 Boiling Point\nDecomposes at 260\nMSDS\nDrugBank\nBOILING POINT: 260 °C -HNO3 /BIONO3.H2O/\nLide, D.R.\n  - 4-44\nHazardous Substances Data Bank (HSDB)\n3.2.6 Melting Point\nDecomposes at 260\nMSDS\nDrugBank\n260 °C DECOMP\nBudavari, S.\n\nBiological Interactions:\n  - LECHAT P; BULL ACAD NATL MED, PARIS 160 (3): 263 (1976)\nHazardous Substances Data Bank (HSDB)\n7.6 Protein Binding\nUpon accumulation in the kidneys,\nbismuth\nmay bind to a\nbismuth\n-metal binding protein in the kidney.\n\nToxicity & Safety:\n  - ---\ningredient: Fard\nsource: https://pubchem.ncbi.nlm.nih.gov/compound/73415757\ntimestamp: 2025-12-17 13:27:53 UTC\ntype: ingredient_information\n---\n\ncompound Summary\nBismuth Subnitrate\nPubChem CID\n73415757\nStructure\nPrimary Hazards\nLaboratory Chemical Safety Summary (LCSS) Datasheet\nMolecular Formula\nBi\n5\nH\n9\nN\n4\nO\n22\nSynonyms\nBismuth nitrate, basic\nBismuth hydroxide nitrate oxide\nBasic bismuth nitrate\nNovismuth\nVicalin\nView More...\n  - DrugBank\nantacid containing bismuth, sodium & magnesium carbonates, rutin, Khellin & Rhamnus bark powder; do not confuse with colloidal bismuth subcitrate\nMedical Subject Headings (MeSH)\n1 Structures\n1.1 2D Structure\nStructure Search\nGet Image\nDownload Coordinates\nChemical Structure Depiction\nFull screen\nZoom in\nZoom out\nPubChem\n1.2 3D Status\nConformer generation is disallowed since MMFF94s unsupported element, mixture or salt\nPubChem\n2 Names and Identifiers\n2.1 Computed Descriptors\n2.1.1 IUPAC...\n  - 77169\nDTXSID40893872\nBismuth hydroxide nitrate oxide (Bi5O(OH)9(NO3)4)\nBismuth oxide (Bi2O3), compd with nitrogen oxide (N2O5) (6:5), octahydrate\nBismuth hydroxide nitrate oxide [Bi5O(OH)9(NO3)4]\nVikalin\nRefChem:57932\nBismuthum subnitricum 6C\nDTXCID601323910\n215-136-8\n611-133-4\n1304-85-4\nBismuth Subnitrate\nMammol\nBismuth(III) subnitrate\nUNII-H19J064BA5\nBismuth subnitrate [USP:JAN]\nBISMUTH SUBNITRATE [MI]\nBISMUTH SUBNITRATE [JAN]\nHSDB 1608\nBISMUTH SUBNITRATE [HSDB]\nQGWDKKHSDXWPET-UHFFFAOYSA-E\nBIS...\n  - 213\nHazardous Substances Data Bank (HSDB)\nWHITE POWDER\nSax, N.I.\n  - 422\nHazardous Substances Data Bank (HSDB)\n3.2.3 Odor\nODORLESS\nBudavari, S.\n\n",
  "metadata": {
    "ingredient": "Fard",
    "CAS": "1304-85-4",
    "InChIKey": "QGWDKKHSDXWPET-UHFFFAOYSA-E",
    "source": "https://pubchem.ncbi.nlm.nih.gov/compound/73415757",
    "timestamp": "2025-12-17T13:27:54.087719+00:00",
    "type": "ingredient_information",
    "category": "cosmetics",
    "language": "fr"
  },
  "content_length": 4896,
  "timestamp": 1765992207.117042
}