{
  "document_name": "carbonate_de_potassium.txt",
  "content": "Inf: ---\ningredient: CARBONATE DE POTASSIUM\nsource: https://pubchem.ncbi.nlm.nih.gov/compound/23688698\ntimestamp: 2025-12-17 13:34:05 UTC\ntype: ingredient_information\n---\n\ncompound Summary\nmono-tert-butyl \nCAS:\n  - Molecular Weight\n156.22 g/mol\nComputed by PubChem 2.2 (PubChem release 2025.09.15)\nParent Compound\nCID 3015642 (Mono-tert-butyl carbonate)\nComponent Compounds\nCID 5462222 (Potassium)\nCID 3015642 (Mono-tert-butyl carbonate)\nDates\nCreate:\n2008-02-05\nModify:\n2025-12-13\n1 Structures\n1.1 2D Structure\nStructure Search\nGet Image\nDownload Coordinates\nChemical Structure Depiction\nFull screen\nZoom in\nZoom out\nPubChem\n1.2 3D Conformer\n3D Conformer of Parent\nPubChem\n2 Names and Identifiers\n2.1 Computed Desc...\n\nInChIKey:\n  - Molecular Weight\n156.22 g/mol\nComputed by PubChem 2.2 (PubChem release 2025.09.15)\nParent Compound\nCID 3015642 (Mono-tert-butyl carbonate)\nComponent Compounds\nCID 5462222 (Potassium)\nCID 3015642 (Mono-tert-butyl carbonate)\nDates\nCreate:\n2008-02-05\nModify:\n2025-12-13\n1 Structures\n1.1 2D Structure\nStructure Search\nGet Image\nDownload Coordinates\nChemical Structure Depiction\nFull screen\nZoom in\nZoom out\nPubChem\n1.2 3D Conformer\n3D Conformer of Parent\nPubChem\n2 Names and Identifiers\n2.1 Computed Desc...\n\nChemical Forms:\n  - Not specified\n\nChemical Properties:\n  - ---\ningredient: CARBONATE DE POTASSIUM\nsource: https://pubchem.ncbi.nlm.nih.gov/compound/23688698\ntimestamp: 2025-12-17 13:34:05 UTC\ntype: ingredient_information\n---\n\ncompound Summary\nmono-tert-butyl carbonate potassium salt\nPubChem CID\n23688698\nStructure\nMolecular Formula\nC\n5\nH\n9\nKO\n3\nSynonyms\n39982-09-7\nRefChem:819254\nCarbonic acid, mono(1,1-dimethylethyl) ester, potassium salt\nmono-tert-butyl carbonate potassium salt\npotassium t-butylcarbonate\nView More...\n  - Molecular Weight\n156.22 g/mol\nComputed by PubChem 2.2 (PubChem release 2025.09.15)\nParent Compound\nCID 3015642 (Mono-tert-butyl carbonate)\nComponent Compounds\nCID 5462222 (Potassium)\nCID 3015642 (Mono-tert-butyl carbonate)\nDates\nCreate:\n2008-02-05\nModify:\n2025-12-13\n1 Structures\n1.1 2D Structure\nStructure Search\nGet Image\nDownload Coordinates\nChemical Structure Depiction\nFull screen\nZoom in\nZoom out\nPubChem\n1.2 3D Conformer\n3D Conformer of Parent\nPubChem\n2 Names and Identifiers\n2.1 Computed Desc...\n  - PubChem\n4.2 Parent Compound\nCID 3015642 (Mono-tert-butyl carbonate)\nPubChem\n4.3 Component Compounds\nCID 5462222 (Potassium)\nCID 3015642 (Mono-tert-butyl carbonate)\nPubChem\n4.4 Related Compounds\nSame Parent, Exact Count\n29\nMixtures, Components, and Neutralized Forms Count\n2\nSimilar Compounds (2D)\nView in PubChem Search\nSimilar Conformers (3D)\nView in PubChem Search\nPubChem\n4.5 Substances\n4.5.1 PubChem Reference Collection SID\n505814983\nPubChem\n4.5.2 Related Substances\nSame Count\n15\nPubChem\n4.5.3...\n\nBiological Interactions:\n  - Not specified\n\nToxicity & Safety:\n  - Molecular Weight\n156.22 g/mol\nComputed by PubChem 2.2 (PubChem release 2025.09.15)\nParent Compound\nCID 3015642 (Mono-tert-butyl carbonate)\nComponent Compounds\nCID 5462222 (Potassium)\nCID 3015642 (Mono-tert-butyl carbonate)\nDates\nCreate:\n2008-02-05\nModify:\n2025-12-13\n1 Structures\n1.1 2D Structure\nStructure Search\nGet Image\nDownload Coordinates\nChemical Structure Depiction\nFull screen\nZoom in\nZoom out\nPubChem\n1.2 3D Conformer\n3D Conformer of Parent\nPubChem\n2 Names and Identifiers\n2.1 Computed Desc...\n  - PubChem\n4.2 Parent Compound\nCID 3015642 (Mono-tert-butyl carbonate)\nPubChem\n4.3 Component Compounds\nCID 5462222 (Potassium)\nCID 3015642 (Mono-tert-butyl carbonate)\nPubChem\n4.4 Related Compounds\nSame Parent, Exact Count\n29\nMixtures, Components, and Neutralized Forms Count\n2\nSimilar Compounds (2D)\nView in PubChem Search\nSimilar Conformers (3D)\nView in PubChem Search\nPubChem\n4.5 Substances\n4.5.1 PubChem Reference Collection SID\n505814983\nPubChem\n4.5.2 Related Substances\nSame Count\n15\nPubChem\n4.5.3...\n  - https://www.fda.gov/about-fda/about-website/website-policies#linking\nPotassium tert-butyl carbonate\nhttps://gsrs.ncats.nih.gov/ginas/app/beta/substances/2G934ZRE79\nNew Zealand Environmental Protection Authority (EPA)\nLICENSE\nThis work is licensed under the Creative Commons Attribution-ShareAlike 4.0 International licence.\n  - https://www.epa.govt.nz/about-this-site/general-copyright-statement/\nMono-tert-butyl carbonate potassium salt\nhttps://www.epa.govt.nz/industry-areas/hazardous-substances/guidance-for-importers-and-manufacturers/hazardous-substances-databases/\nJapan Chemical Substance Dictionary (Nikkaji)\nhttp://jglobal.jst.go.jp/en/redirect?Nikkaji_No=J24.004D\nSpringer Nature\nhttps://pubchem.ncbi.nlm.nih.gov/substance/341286025\nPubChem\nhttps://pubchem.ncbi.nlm.nih.gov\nChemicals in PubChem from Regulatory Sources...\n\n",
  "metadata": {
    "ingredient": "CARBONATE DE POTASSIUM",
    "CAS": "39982-09-7",
    "InChIKey": "Not specified",
    "source": "https://pubchem.ncbi.nlm.nih.gov/compound/23688698",
    "timestamp": "2025-12-17T13:34:05.599619+00:00",
    "type": "ingredient_information",
    "category": "cosmetics",
    "language": "fr"
  },
  "content_length": 4694,
  "timestamp": 1765992207.110042
}