{
  "document_name": "error_log.txt",
  "content": "\n\n=== Erreur 2025-12-17 12:57:57 UTC ===\nURL: https://pubchem.ncbi.nlm.nih.gov/#query=Nitrocellulose\nErreur: Page.goto: Timeout 30000ms exceeded.\nCall log:\n  - navigating to \"https://pubchem.ncbi.nlm.nih.gov/#query=Nitrocellulose\", waiting until \"load\"\n\nType: TimeoutError\n\n\n=== Erreur 2025-12-17 13:33:26 UTC ===\nURL: https://pubchem.ncbi.nlm.nih.gov/#query=paraffine\nErreur: Page.goto: Timeout 30000ms exceeded.\nCall log:\n  - navigating to \"https://pubchem.ncbi.nlm.nih.gov/#query=paraffine\", waiting until \"load\"\n\nType: TimeoutError\n\n\n=== Erreur 2025-12-17 13:35:16 UTC ===\nURL: https://pubchem.ncbi.nlm.nih.gov/#query=Grey\nErreur: Page.goto: Timeout 30000ms exceeded.\nCall log:\n  - navigating to \"https://pubchem.ncbi.nlm.nih.gov/#query=Grey\", waiting until \"load\"\n\nType: TimeoutError\n",
  "metadata": {},
  "content_length": 789,
  "timestamp": 1765992207.1160421
}