{
  "document_name": "minéral_de_kaolin.txt",
  "content": "Inf: ---\ningredient: Minéral de kaolin\nsource: https://pubchem.ncbi.nlm.nih.gov/compound/92024769\ntimestamp: 2025-12-17 13:05:30 UTC\ntype: ingredient_information\n---\n\ncompound Summary\nKaolin\nPubChem CID\n92\nCAS:\n  - 1 Structures\n1.1 2D Structure\nStructure Search\nGet Image\nDownload Coordinates\nChemical Structure Depiction\nFull screen\nZoom in\nZoom out\nPubChem\n1.2 3D Status\nConformer generation is disallowed since MMFF94s unsupported element, mixture or salt\nPubChem\n2 Names and Identifiers\n2.1 Computed Descriptors\n2.1.1 IUPAC Name\ndialuminum;trioxido(trioxidosilyloxy)silane;dihydrate\nComputed by Lexichem TK 2.9.3 (PubChem release 2025.09.15)\nPubChem\n2.1.2 InChI\nInChI=1S/2Al.O7Si2.2H2O/c;;1-8(2,3)7-9(4,5)6;;/h;...\n\nInChIKey:\n  - 1 Structures\n1.1 2D Structure\nStructure Search\nGet Image\nDownload Coordinates\nChemical Structure Depiction\nFull screen\nZoom in\nZoom out\nPubChem\n1.2 3D Status\nConformer generation is disallowed since MMFF94s unsupported element, mixture or salt\nPubChem\n2 Names and Identifiers\n2.1 Computed Descriptors\n2.1.1 IUPAC Name\ndialuminum;trioxido(trioxidosilyloxy)silane;dihydrate\nComputed by Lexichem TK 2.9.3 (PubChem release 2025.09.15)\nPubChem\n2.1.2 InChI\nInChI=1S/2Al.O7Si2.2H2O/c;;1-8(2,3)7-9(4,5)6;;/h;...\n\nChemical Forms:\n  - Not specified\n\nChemical Properties:\n  - ---\ningredient: Minéral de kaolin\nsource: https://pubchem.ncbi.nlm.nih.gov/compound/92024769\ntimestamp: 2025-12-17 13:05:30 UTC\ntype: ingredient_information\n---\n\ncompound Summary\nKaolin\nPubChem CID\n92024769\nStructure\nPrimary Hazards\nNot Classified\nLaboratory Chemical Safety Summary (LCSS) Datasheet\nMolecular Formula\nH\n2\nAl\n2\nSi\n2\nO\n8\nH\n2\nO\nAl\n2\nH\n4\nO\n9\nSi\n2\nSynonyms\nKaolin, light\nWeisserton\nChishizhi\nNatural kaolin\nRed halloysite\nView More...\n  - Kaolinite has mp 740-1785 °C and density 2.65 g/cm3.\n  - 1 Structures\n1.1 2D Structure\nStructure Search\nGet Image\nDownload Coordinates\nChemical Structure Depiction\nFull screen\nZoom in\nZoom out\nPubChem\n1.2 3D Status\nConformer generation is disallowed since MMFF94s unsupported element, mixture or salt\nPubChem\n2 Names and Identifiers\n2.1 Computed Descriptors\n2.1.1 IUPAC Name\ndialuminum;trioxido(trioxidosilyloxy)silane;dihydrate\nComputed by Lexichem TK 2.9.3 (PubChem release 2025.09.15)\nPubChem\n2.1.2 InChI\nInChI=1S/2Al.O7Si2.2H2O/c;;1-8(2,3)7-9(4,5)6;;/h;...\n  - Kaolinite has mp 740-1785 °C and density 2.65 g/cm3.\n  - V3: 2185\nHazardous Substances Data Bank (HSDB)\n3.2.5 Solubility\nInsoluble (NIOSH, 2024)\nCAMEO Chemicals\nInsoluble in water\nLewis, R.J.\n\nBiological Interactions:\n  - Nonsignificant LDH, protein or phospholipid leakage to the supernatant fraction observed in bronchioalveolar fluid 15-60 days after intratracheal instillation of kaolin in rats.\n  - 1879\nHazardous Substances Data Bank (HSDB)\n13.2 Ecological Information\n13.2.1 Ecotoxicity Values\nLC50; Species: Daphnia pulex (\nWater\nflea); Concentration: >1.1 g/L for 24 and 48 hr /Conditions of bioassay not specified in source examined/\nIPCS INCHEM; Environmental Health Criteria (EHC) Monographs.\n\nToxicity & Safety:\n  - ---\ningredient: Minéral de kaolin\nsource: https://pubchem.ncbi.nlm.nih.gov/compound/92024769\ntimestamp: 2025-12-17 13:05:30 UTC\ntype: ingredient_information\n---\n\ncompound Summary\nKaolin\nPubChem CID\n92024769\nStructure\nPrimary Hazards\nNot Classified\nLaboratory Chemical Safety Summary (LCSS) Datasheet\nMolecular Formula\nH\n2\nAl\n2\nSi\n2\nO\n8\nH\n2\nO\nAl\n2\nH\n4\nO\n9\nSi\n2\nSynonyms\nKaolin, light\nWeisserton\nChishizhi\nNatural kaolin\nRed halloysite\nView More...\n  - It is prepared for pharmaceutical and medicinal purposes by levigating with water to remove sand, etc.\n  - 1 Structures\n1.1 2D Structure\nStructure Search\nGet Image\nDownload Coordinates\nChemical Structure Depiction\nFull screen\nZoom in\nZoom out\nPubChem\n1.2 3D Status\nConformer generation is disallowed since MMFF94s unsupported element, mixture or salt\nPubChem\n2 Names and Identifiers\n2.1 Computed Descriptors\n2.1.1 IUPAC Name\ndialuminum;trioxido(trioxidosilyloxy)silane;dihydrate\nComputed by Lexichem TK 2.9.3 (PubChem release 2025.09.15)\nPubChem\n2.1.2 InChI\nInChI=1S/2Al.O7Si2.2H2O/c;;1-8(2,3)7-9(4,5)6;;/h;...\n  - CAMEO Chemicals\nWater\nor Solvent Wet Solid; Dry Powder; Liquid; Liquid, Other Solid; Dry Powder,\nWater\nor Solvent Wet Solid; Other Solid; Dry Powder, Other Solid; NKRA; Pellets or Large Crystals; Dry Powder, Liquid\nEPA Chemical Data Reporting (CDR)\nWhite, yellow, or grayish powder; Darkens & develops clay-like odor when moistened; [NIOSH]\nHaz-Map, Information on Hazardous Chemicals and Occupational Diseases\nWHITE POWDER.\n  - ILO-WHO International Chemical Safety Cards (ICSCs)\nWhite to yellowish or grayish powder.\n\n",
  "metadata": {
    "ingredient": "Minéral de kaolin",
    "CAS": "Not specified",
    "InChIKey": "Not specified",
    "source": "https://pubchem.ncbi.nlm.nih.gov/compound/92024769",
    "timestamp": "2025-12-17T13:05:30.811516+00:00",
    "type": "ingredient_information",
    "category": "cosmetics",
    "language": "fr"
  },
  "content_length": 4630,
  "timestamp": 1765992207.123042
}