{
  "document_name": "base.txt",
  "content": "Inf: ---\ningredient: Base\nsource: https://pubchem.ncbi.nlm.nih.gov/compound/102106\ntimestamp: 2025-12-17 14:27:00 UTC\ntype: ingredient_information\n---\n\ncompound Summary\nBarium selenide (BaSe)\nPubChem CID\n1\nCAS:\n  - Molecular Weight\n216.30 g/mol\nComputed by PubChem 2.2 (PubChem release 2025.09.15)\nDates\nCreate:\n2005-08-08\nModify:\n2025-12-13\n1 Structures\n1.1 2D Structure\nStructure Search\nGet Image\nDownload Coordinates\nChemical Structure Depiction\nFull screen\nZoom in\nZoom out\nPubChem\n1.2 3D Status\nConformer generation is disallowed since MMFF94s unsupported element\nPubChem\n2 Names and Identifiers\n2.1 Computed Descriptors\n2.1.1 IUPAC Name\nselanylidenebarium\nComputed by Lexichem TK 2.9.3 (PubChem release 2025.0...\n\nInChIKey:\n  - Molecular Weight\n216.30 g/mol\nComputed by PubChem 2.2 (PubChem release 2025.09.15)\nDates\nCreate:\n2005-08-08\nModify:\n2025-12-13\n1 Structures\n1.1 2D Structure\nStructure Search\nGet Image\nDownload Coordinates\nChemical Structure Depiction\nFull screen\nZoom in\nZoom out\nPubChem\n1.2 3D Status\nConformer generation is disallowed since MMFF94s unsupported element\nPubChem\n2 Names and Identifiers\n2.1 Computed Descriptors\n2.1.1 IUPAC Name\nselanylidenebarium\nComputed by Lexichem TK 2.9.3 (PubChem release 2025.0...\n\nChemical Forms:\n  - Not specified\n\nChemical Properties:\n  - ---\ningredient: Base\nsource: https://pubchem.ncbi.nlm.nih.gov/compound/102106\ntimestamp: 2025-12-17 14:27:00 UTC\ntype: ingredient_information\n---\n\ncompound Summary\nBarium selenide (BaSe)\nPubChem CID\n102106\nStructure\nMolecular Formula\nBaSe\nSynonyms\nBarium selenide (BaSe)\n1304-39-8\n42Z7S6FJNV\nDTXSID7061649\nRefChem:199707\nView More...\n  - Molecular Weight\n216.30 g/mol\nComputed by PubChem 2.2 (PubChem release 2025.09.15)\nDates\nCreate:\n2005-08-08\nModify:\n2025-12-13\n1 Structures\n1.1 2D Structure\nStructure Search\nGet Image\nDownload Coordinates\nChemical Structure Depiction\nFull screen\nZoom in\nZoom out\nPubChem\n1.2 3D Status\nConformer generation is disallowed since MMFF94s unsupported element\nPubChem\n2 Names and Identifiers\n2.1 Computed Descriptors\n2.1.1 IUPAC Name\nselanylidenebarium\nComputed by Lexichem TK 2.9.3 (PubChem release 2025.0...\n  - https://creativecommons.org/licenses/by-nc/4.0/\nBarium selenide (BaSe)\nhttps://commonchemistry.cas.org/detail?cas_rn=1304-39-8\nChemIDplus\nLICENSE\nhttps://www.nlm.nih.gov/copyright.html\nBarium selenide\nhttps://pubchem.ncbi.nlm.nih.gov/substance/?source=chemidplus&sourceid=0001304398\nChemIDplus Chemical Information Classification\nhttps://pubchem.ncbi.nlm.nih.gov/source/chemidplus\nEPA Chemicals under the TSCA\nLICENSE\nhttps://www.epa.gov/privacy/privacy-act-laws-policies-and-resources\nBarium selenid...\n\nBiological Interactions:\n  - Not specified\n\nToxicity & Safety:\n  - Molecular Weight\n216.30 g/mol\nComputed by PubChem 2.2 (PubChem release 2025.09.15)\nDates\nCreate:\n2005-08-08\nModify:\n2025-12-13\n1 Structures\n1.1 2D Structure\nStructure Search\nGet Image\nDownload Coordinates\nChemical Structure Depiction\nFull screen\nZoom in\nZoom out\nPubChem\n1.2 3D Status\nConformer generation is disallowed since MMFF94s unsupported element\nPubChem\n2 Names and Identifiers\n2.1 Computed Descriptors\n2.1.1 IUPAC Name\nselanylidenebarium\nComputed by Lexichem TK 2.9.3 (PubChem release 2025.0...\n  - PubChem\n4.2 Related Compounds\nSimilar Compounds (2D)\nView in PubChem Search\nSimilar Conformers (3D)\nView in PubChem Search\nPubChem\n4.3 Substances\n4.3.1 PubChem Reference Collection SID\n504498148\nPubChem\n4.3.2 Related Substances\nSame Count\n27\nPubChem\n4.3.3 Substances by Category\nPubChem\n5 Chemical Vendors\nPubChem\n6 Use and Manufacturing\n6.1 General Manufacturing Information\nEPA TSCA Commercial Activity Status\nBarium selenide (BaSe): ACTIVE\nEPA Chemicals under the TSCA\n7 Literature\n7.1 Consolidate...\n  - https://creativecommons.org/licenses/by-nc/4.0/\nBarium selenide (BaSe)\nhttps://commonchemistry.cas.org/detail?cas_rn=1304-39-8\nChemIDplus\nLICENSE\nhttps://www.nlm.nih.gov/copyright.html\nBarium selenide\nhttps://pubchem.ncbi.nlm.nih.gov/substance/?source=chemidplus&sourceid=0001304398\nChemIDplus Chemical Information Classification\nhttps://pubchem.ncbi.nlm.nih.gov/source/chemidplus\nEPA Chemicals under the TSCA\nLICENSE\nhttps://www.epa.gov/privacy/privacy-act-laws-policies-and-resources\nBarium selenid...\n  - https://echa.europa.eu/web/guest/legal-notice\nBarium selenide\nhttps://chem.echa.europa.eu/100.013.755\nJapan Chemical Substance Dictionary (Nikkaji)\nhttp://jglobal.jst.go.jp/en/redirect?Nikkaji_No=J95.864F\nSpringer Nature\nhttps://pubchem.ncbi.nlm.nih.gov/substance/341176394\nSpringerMaterials\nbarium selenide\nhttps://materials.springer.com/substance/109978/barium_selenide\nWikipedia\nbarium selenide\nhttps://en.wikipedia.org/wiki/Barium_selenide\nPubChem\nhttps://pubchem.ncbi.nlm.nih.gov\nChemicals in Pu...\n\n",
  "metadata": {
    "ingredient": "Base",
    "CAS": "1304-39-8",
    "InChIKey": "Not specified",
    "source": "https://pubchem.ncbi.nlm.nih.gov/compound/102106",
    "timestamp": "2025-12-17T14:27:00.486099+00:00",
    "type": "ingredient_information",
    "category": "cosmetics",
    "language": "fr"
  },
  "content_length": 4746,
  "timestamp": 1765992207.108042
}