{
  "document_name": "red_34.txt",
  "content": "Inf: ---\ningredient: Red 34\nsource: https://pubchem.ncbi.nlm.nih.gov/compound/135487685\ntimestamp: 2025-12-17 14:11:00 UTC\ntype: ingredient_information\n---\n\ncompound Summary\nD&C Red No. 34\nPubChem CID\n1354\nCAS:\n  - Molecular Weight\n460.5 g/mol\nComputed by PubChem 2.2 (PubChem release 2025.09.15)\nParent Compound\nCID 80877 (Pigment Red 63)\nComponent Compounds\nCID 80877 (Pigment Red 63)\nCID 5460341 (Calcium)\nDates\nCreate:\n2019-01-15\nModify:\n2025-12-13\n1 Structures\n1.1 2D Structure\nStructure Search\nGet Image\nDownload Coordinates\nChemical Structure Depiction\nFull screen\nZoom in\nZoom out\nPubChem\n1.2 3D Conformer\n3D Conformer of Parent\nPubChem\n2 Names and Identifiers\n2.1 Computed Descriptors\n2.1.1 IUPAC Name\ncalc...\n\nInChIKey:\n  - Molecular Weight\n460.5 g/mol\nComputed by PubChem 2.2 (PubChem release 2025.09.15)\nParent Compound\nCID 80877 (Pigment Red 63)\nComponent Compounds\nCID 80877 (Pigment Red 63)\nCID 5460341 (Calcium)\nDates\nCreate:\n2019-01-15\nModify:\n2025-12-13\n1 Structures\n1.1 2D Structure\nStructure Search\nGet Image\nDownload Coordinates\nChemical Structure Depiction\nFull screen\nZoom in\nZoom out\nPubChem\n1.2 3D Conformer\n3D Conformer of Parent\nPubChem\n2 Names and Identifiers\n2.1 Computed Descriptors\n2.1.1 IUPAC Name\ncalc...\n\nChemical Forms:\n  - Not specified\n\nChemical Properties:\n  - 34\nPubChem CID\n135487685\nStructure\nPrimary Hazards\nNot Classified\nLaboratory Chemical Safety Summary (LCSS) Datasheet\nMolecular Formula\nC\n21\nH\n12\nCaN\n2\nO\n6\nS\nSynonyms\n6417-83-0\nD&C Red No.\n  - Molecular Weight\n460.5 g/mol\nComputed by PubChem 2.2 (PubChem release 2025.09.15)\nParent Compound\nCID 80877 (Pigment Red 63)\nComponent Compounds\nCID 80877 (Pigment Red 63)\nCID 5460341 (Calcium)\nDates\nCreate:\n2019-01-15\nModify:\n2025-12-13\n1 Structures\n1.1 2D Structure\nStructure Search\nGet Image\nDownload Coordinates\nChemical Structure Depiction\nFull screen\nZoom in\nZoom out\nPubChem\n1.2 3D Conformer\n3D Conformer of Parent\nPubChem\n2 Names and Identifiers\n2.1 Computed Descriptors\n2.1.1 IUPAC Name\ncalc...\n  - PubChem\n5.2 Parent Compound\nCID 80877 (Pigment Red 63)\nPubChem\n5.3 Component Compounds\nCID 80877 (Pigment Red 63)\nCID 5460341 (Calcium)\nPubChem\n5.4 Related Compounds\nSame Parent, Exact Count\n19\nMixtures, Components, and Neutralized Forms Count\n2\nSimilar Compounds (2D)\nView in PubChem Search\nSimilar Conformers (3D)\nView in PubChem Search\nPubChem\n5.5 Substances\n5.5.1 Related Substances\nSame Count\n71\nPubChem\n5.5.2 Substances by Category\nPubChem\n6 Chemical Vendors\nPubChem\n7 Use and Manufacturing\n7.1...\n  - Pigment Red 63, calcium salt (1:1)\nhttps://comptox.epa.gov/dashboard/DTXSID4064347\nCompTox Chemicals Dashboard Chemical Lists\nhttps://comptox.epa.gov/dashboard/chemical-lists/\nEuropean Chemicals Agency (ECHA)\nLICENSE\nUse of the information, documents and data from the ECHA website is subject to the terms and conditions of this Legal Notice, and subject to other binding limitations provided for under applicable law, the information, documents and data made available on the ECHA website may be rep...\n\nBiological Interactions:\n  - New Zealand Environmental Protection Authority (EPA)\n8.3 Other Safety Information\nChemical Assessment\nIMAP assessments -\n2-Naphthalenecarboxylic acid\n, 3-hydroxy-4-[(1-sulfo-2-naphthalenyl)azo]-,\ncalcium\nsalt (1:1): Human health tier I assessment\nAustralian Industrial Chemicals Introduction Scheme (AICIS)\n9 Literature\n9.1 Consolidated References\nPubChem\n9.2 Chemical Co-Occurrences in Literature\nPubChem\n10 Patents\n10.1 Depositor-Supplied Patent Identifiers\nPubChem\nLink to all deposited patent ide...\n\nToxicity & Safety:\n  - 34\nPubChem CID\n135487685\nStructure\nPrimary Hazards\nNot Classified\nLaboratory Chemical Safety Summary (LCSS) Datasheet\nMolecular Formula\nC\n21\nH\n12\nCaN\n2\nO\n6\nS\nSynonyms\n6417-83-0\nD&C Red No.\n  - Molecular Weight\n460.5 g/mol\nComputed by PubChem 2.2 (PubChem release 2025.09.15)\nParent Compound\nCID 80877 (Pigment Red 63)\nComponent Compounds\nCID 80877 (Pigment Red 63)\nCID 5460341 (Calcium)\nDates\nCreate:\n2019-01-15\nModify:\n2025-12-13\n1 Structures\n1.1 2D Structure\nStructure Search\nGet Image\nDownload Coordinates\nChemical Structure Depiction\nFull screen\nZoom in\nZoom out\nPubChem\n1.2 3D Conformer\n3D Conformer of Parent\nPubChem\n2 Names and Identifiers\n2.1 Computed Descriptors\n2.1.1 IUPAC Name\ncalc...\n  - PubChem\n5.2 Parent Compound\nCID 80877 (Pigment Red 63)\nPubChem\n5.3 Component Compounds\nCID 80877 (Pigment Red 63)\nCID 5460341 (Calcium)\nPubChem\n5.4 Related Compounds\nSame Parent, Exact Count\n19\nMixtures, Components, and Neutralized Forms Count\n2\nSimilar Compounds (2D)\nView in PubChem Search\nSimilar Conformers (3D)\nView in PubChem Search\nPubChem\n5.5 Substances\n5.5.1 Related Substances\nSame Count\n71\nPubChem\n5.5.2 Substances by Category\nPubChem\n6 Chemical Vendors\nPubChem\n7 Use and Manufacturing\n7.1...\n  - Production\nAggregated Product Volume\n2019: <1,000,000 lb\n2018: <1,000,000 lb\n2017: <1,000,000 lb\n2016: <1,000,000 lb\nhttps://www.epa.gov/chemical-data-reporting\nEPA Chemical Data Reporting (CDR)\n7.3 General Manufacturing Information\nIndustry Processing Sectors\nOther (requires additional information)\nEPA Chemical Data Reporting (CDR)\nEPA TSCA Commercial Activity Status\n2-Naphthalenecarboxylic acid\n, 3-hydroxy-4-[2-(1-sulfo-2-naphthalenyl)diazenyl]-,\ncalcium\nsalt (1:1): ACTIVE\nEPA Chemicals under...\n  - GHS Hazard Statements\nNot Classified\nReported as not meeting GHS hazard criteria by 295 of 296 companies (only 0.3% companies provided GHS information).\n\n",
  "metadata": {
    "ingredient": "Red 34",
    "CAS": "6417-83-0",
    "InChIKey": "Not specified",
    "source": "https://pubchem.ncbi.nlm.nih.gov/compound/135487685",
    "timestamp": "2025-12-17T14:11:00.808519+00:00",
    "type": "ingredient_information",
    "category": "cosmetics",
    "language": "fr"
  },
  "content_length": 5440,
  "timestamp": 1765992207.1280422
}