{
  "document_name": "café.txt",
  "content": "Inf: ---\ningredient: Café\nsource: https://pubchem.ncbi.nlm.nih.gov/compound/71388558\ntimestamp: 2025-12-17 14:35:55 UTC\ntype: ingredient_information\n---\n\ncompound Summary\nCalcium--sulfanylideneiron (1/1)\nP\nCAS:\n  - ---\ningredient: Café\nsource: https://pubchem.ncbi.nlm.nih.gov/compound/71388558\ntimestamp: 2025-12-17 14:35:55 UTC\ntype: ingredient_information\n---\n\ncompound Summary\nCalcium--sulfanylideneiron (1/1)\nPubChem CID\n71388558\nStructure\nMolecular Formula\nCaFeS\nSynonyms\nCalcium--sulfanylideneiron (1/1)\n62229-07-6\nSCHEMBL31563028\nDTXSID30810619\nMolecular Weight\n127.99 g/mol\nComputed by PubChem 2.1 (PubChem release 2021.05.07)\nComponent Compounds\nCID 14828 (Ferrous sulfide)\nCID 5460341 (Calcium)\nDates\nCre...\n\nInChIKey:\n  - ---\ningredient: Café\nsource: https://pubchem.ncbi.nlm.nih.gov/compound/71388558\ntimestamp: 2025-12-17 14:35:55 UTC\ntype: ingredient_information\n---\n\ncompound Summary\nCalcium--sulfanylideneiron (1/1)\nPubChem CID\n71388558\nStructure\nMolecular Formula\nCaFeS\nSynonyms\nCalcium--sulfanylideneiron (1/1)\n62229-07-6\nSCHEMBL31563028\nDTXSID30810619\nMolecular Weight\n127.99 g/mol\nComputed by PubChem 2.1 (PubChem release 2021.05.07)\nComponent Compounds\nCID 14828 (Ferrous sulfide)\nCID 5460341 (Calcium)\nDates\nCre...\n\nChemical Forms:\n  - Not specified\n\nChemical Properties:\n  - ---\ningredient: Café\nsource: https://pubchem.ncbi.nlm.nih.gov/compound/71388558\ntimestamp: 2025-12-17 14:35:55 UTC\ntype: ingredient_information\n---\n\ncompound Summary\nCalcium--sulfanylideneiron (1/1)\nPubChem CID\n71388558\nStructure\nMolecular Formula\nCaFeS\nSynonyms\nCalcium--sulfanylideneiron (1/1)\n62229-07-6\nSCHEMBL31563028\nDTXSID30810619\nMolecular Weight\n127.99 g/mol\nComputed by PubChem 2.1 (PubChem release 2021.05.07)\nComponent Compounds\nCID 14828 (Ferrous sulfide)\nCID 5460341 (Calcium)\nDates\nCre...\n  - PubChem\n4.2 Component Compounds\nCID 14828 (Ferrous sulfide)\nCID 5460341 (Calcium)\nPubChem\n4.3 Related Compounds\nMixtures, Components, and Neutralized Forms Count\n2\nSimilar Compounds (2D)\nView in PubChem Search\nSimilar Conformers (3D)\nView in PubChem Search\nPubChem\n4.4 Substances\n4.4.1 Related Substances\nSame Count\n6\nPubChem\n4.4.2 Substances by Category\nPubChem\n5 Chemical Vendors\nPubChem\n6 Patents\n6.1 Depositor-Supplied Patent Identifiers\nPubChem\nLink to all deposited patent identifiers\nPubChem\n6...\n\nBiological Interactions:\n  - Not specified\n\nToxicity & Safety:\n  - ---\ningredient: Café\nsource: https://pubchem.ncbi.nlm.nih.gov/compound/71388558\ntimestamp: 2025-12-17 14:35:55 UTC\ntype: ingredient_information\n---\n\ncompound Summary\nCalcium--sulfanylideneiron (1/1)\nPubChem CID\n71388558\nStructure\nMolecular Formula\nCaFeS\nSynonyms\nCalcium--sulfanylideneiron (1/1)\n62229-07-6\nSCHEMBL31563028\nDTXSID30810619\nMolecular Weight\n127.99 g/mol\nComputed by PubChem 2.1 (PubChem release 2021.05.07)\nComponent Compounds\nCID 14828 (Ferrous sulfide)\nCID 5460341 (Calcium)\nDates\nCre...\n  - PubChem\n4.2 Component Compounds\nCID 14828 (Ferrous sulfide)\nCID 5460341 (Calcium)\nPubChem\n4.3 Related Compounds\nMixtures, Components, and Neutralized Forms Count\n2\nSimilar Compounds (2D)\nView in PubChem Search\nSimilar Conformers (3D)\nView in PubChem Search\nPubChem\n4.4 Substances\n4.4.1 Related Substances\nSame Count\n6\nPubChem\n4.4.2 Substances by Category\nPubChem\n5 Chemical Vendors\nPubChem\n6 Patents\n6.1 Depositor-Supplied Patent Identifiers\nPubChem\nLink to all deposited patent identifiers\nPubChem\n6...\n\n",
  "metadata": {
    "ingredient": "Café",
    "CAS": "62229-07-6",
    "InChIKey": "Not specified",
    "source": "https://pubchem.ncbi.nlm.nih.gov/compound/71388558",
    "timestamp": "2025-12-17T14:35:56.003574+00:00",
    "type": "ingredient_information",
    "category": "cosmetics",
    "language": "fr"
  },
  "content_length": 3392,
  "timestamp": 1765992207.110042
}