{
  "document_name": "silk.txt",
  "content": "Inf: ---\ningredient: Silk\nsource: https://pubchem.ncbi.nlm.nih.gov/compound/Bombyx-mori-fiber\ntimestamp: 2025-12-17 13:59:07 UTC\ntype: ingredient_information\n---\n\nCompound Summary\nBombyx mori fiber\nPubChem\nCAS:\n  - Not specified\n\nInChIKey:\n  - Not specified\n\nChemical Forms:\n  - Not specified\n\nChemical Properties:\n  - 1 Synonyms\nBombyx mori fiber\n6LK42KUV6W\nRefChem:30604\nSilk\nSilk Extract\nSilk Worm\nSilkworm Cocoon Extract\nStylus Sericeus\nsilk allergenic extract\nPubChem\n2 MeSH Entry Terms\nSilk\nMedical Subject Headings (MeSH)\n3 Names and Identifiers\n3.1 Other Identifiers\n3.1.1 UNII\n6LK42KUV6W\nFDA Global Substance Registration System (GSRS)\n3.1.2 DrugBank ID\nDB10609\nDrugBank\n3.1.3 RXCUI\n314455\nNLM RxNorm Terminology\n4 Chemical and Physical Properties\n4.1 Chemical Classes\n4.1.1 Cosmetics\nCosmetic ingredients (\nSi...\n  - International Journal of Toxicology 39(S3):127-144,2020\nCosmetic Ingredient Review (CIR)\nCosmetic Ingredient Review Finding(s)\nIngredients for which the data are insufficient and their use in cosmetics is not supported\nInternational Journal of Toxicology 39(S3):127-144,2020\nCosmetic Ingredient Review (CIR)\n10 Literature\n10.1 NLM Curated PubMed Citations\nMedical Subject Headings (MeSH)\n11 Information Sources\nFilter by Source\nALL SOURCES\nCosmetic Ingredient Review (CIR)\nDailyMed\nDrugBank\nFDA Globa...\n  - https://www.nlm.nih.gov/research/umls/rxnorm/docs/termsofservice.html\nsilk allergenic extract\nhttps://rxnav.nlm.nih.gov/id/rxnorm/314455\nMedical Subject Headings (MeSH)\nLICENSE\nWorks produced by the U.S.\n  - https://www.nlm.nih.gov/copyright.html\nSilk\nhttps://id.nlm.nih.gov/mesh/M0053814.html\nhttps://www.nlm.nih.gov/mesh/meshhome.html\nCite\nDownload\nCONTENTS\nTitle and Summary\n1 Synonyms\n2 MeSH Entry Terms\n3 Names and Identifiers\nExpand this menu\n4 Chemical and Physical Properties\nExpand this menu\n5 Related Records\nExpand this menu\n6 Drug and Medication Information\nExpand this menu\n7 Pharmacology and Biochemistry\nExpand this menu\n8 Use and Manufacturing\nExpand this menu\n9 Toxicity\nExpand this menu\n10...\n\nBiological Interactions:\n  - Description\nThe Panel also concluded that the available data are insufficient for determining the safety of two silk protein ingredients in cosmetic products...\n  - 7 Pharmacology and Biochemistry\n7.1 FDA Pharmacological Classification\nFDA UNII\n6LK42KUV6W\nActive Moiety\nBOMBYX MORI FIBER\nPharmacological Classes\nEstablished Pharmacologic Class [EPC] - Non-Standardized Insect Allergenic Extract\nPharmacological Classes\nPhysiologic Effects [PE] - Increased Histamine Release\nPharmacological Classes\nPhysiologic Effects [PE] - Cell-mediated Immunity\nPharmacological Classes\nPhysiologic Effects [PE] - Increased IgG Production\nPharmacological Classes\nChemical Structur...\n  - Ingredient, concentration, and use information are available in documents discoverable at\nhttps://cir-reports.cir-safety.org\nInternational Journal of Toxicology 39(S3):127-144,2020\nCosmetic Ingredient Review (CIR)\nCosmetic Ingredient Review Conclusion\nThe Panel also concluded that the available data are insufficient for determining the safety of two silk protein ingredients in cosmetic products...\n\nToxicity & Safety:\n  - Description\nThe Panel also concluded that the available data are insufficient for determining the safety of two silk protein ingredients in cosmetic products...\n  - International Journal of Toxicology 39(S3):127-144,2020\nCosmetic Ingredient Review (CIR)\nBombyx mori fiber is used in allergenic testing.\n  - 1 Synonyms\nBombyx mori fiber\n6LK42KUV6W\nRefChem:30604\nSilk\nSilk Extract\nSilk Worm\nSilkworm Cocoon Extract\nStylus Sericeus\nsilk allergenic extract\nPubChem\n2 MeSH Entry Terms\nSilk\nMedical Subject Headings (MeSH)\n3 Names and Identifiers\n3.1 Other Identifiers\n3.1.1 UNII\n6LK42KUV6W\nFDA Global Substance Registration System (GSRS)\n3.1.2 DrugBank ID\nDB10609\nDrugBank\n3.1.3 RXCUI\n314455\nNLM RxNorm Terminology\n4 Chemical and Physical Properties\n4.1 Chemical Classes\n4.1.1 Cosmetics\nCosmetic ingredients (\nSi...\n  - FDA Pharm Classes\n8 Use and Manufacturing\n8.1 Uses\nCosmetic Ingredient Review Link\nCIR ingredient: Silk Extract\nInternational Journal of Toxicology 39(S3):127-144,2020\nCosmetic Ingredient Review (CIR)\nCosmetic Ingredient Review Link\nCIR ingredient: Silkworm Cocoon Extract\nInternational Journal of Toxicology 39(S3):127-144,2020\nCosmetic Ingredient Review (CIR)\n9 Toxicity\n9.1 Toxicological Information\n9.1.1 Toxicity Summary\nCosmetic Ingredient Review Finding(s)\nSafe in the present practices of use...\n  - Ingredient, concentration, and use information are available in documents discoverable at\nhttps://cir-reports.cir-safety.org\nInternational Journal of Toxicology 39(S3):127-144,2020\nCosmetic Ingredient Review (CIR)\nCosmetic Ingredient Review Conclusion\nThe Panel also concluded that the available data are insufficient for determining the safety of two silk protein ingredients in cosmetic products...\n\n",
  "metadata": {
    "ingredient": "Silk",
    "CAS": "Not specified",
    "InChIKey": "Not specified",
    "source": "https://pubchem.ncbi.nlm.nih.gov/compound/Bombyx-mori-fiber",
    "timestamp": "2025-12-17T13:59:07.662659+00:00",
    "type": "ingredient_information",
    "category": "cosmetics",
    "language": "fr"
  },
  "content_length": 4899,
  "timestamp": 1765992207.1290421
}