{
  "document_name": "polyurethane-11.txt",
  "content": "Inf: ---\ningredient: Polyurethane-11\nsource: https://pubchem.ncbi.nlm.nih.gov/compound/Polyurethane-11\ntimestamp: 2025-12-17 14:45:01 UTC\ntype: ingredient_information\n---\n\nCompound Summary\nPolyurethane-11\n\nCAS:\n  - Not specified\n\nInChIKey:\n  - Not specified\n\nChemical Forms:\n  - Not specified\n\nChemical Properties:\n  - 1 Synonyms\nPolyurethane-11\nRefChem:867153\nPubChem\n2 Chemical and Physical Properties\n2.1 Chemical Classes\n2.1.1 Cosmetics\nCosmetic ingredients (\nPolyurethane-11\n) -> CIR (Cosmetic Ingredient Review)\nFinal Report 9/2017 Available from CIR\nCosmetic Ingredient Review (CIR)\n3 Related Records\n3.1 Substances\n3.1.1 PubChem Reference Collection SID\n505863078\nPubChem\n4 Use and Manufacturing\n4.1 Uses\nCosmetic Ingredient Review Link\nCIR ingredient: Polyurethane-11\nFinal Report 9/2017 Available from CIR\nCos...\n  - Ingredient, concentration, and use information are available in documents discoverable at\nhttps://cir-reports.cir-safety.org\nFinal Report 9/2017 Available from CIR\nCosmetic Ingredient Review (CIR)\n6 Information Sources\nFilter by Source\nALL SOURCES\nCosmetic Ingredient Review (CIR)\nPubChem\nPubChem\nhttps://pubchem.ncbi.nlm.nih.gov\nCosmetic Ingredient Review (CIR)\nLICENSE\nhttps://cir-safety.org/terms-use\nPolyurethane-11\nhttps://cir-reports.cir-safety.org/cir-ingredient-status-report/?id=a476d196-b6f...\n\nBiological Interactions:\n  - Not specified\n\nToxicity & Safety:\n  - 1 Synonyms\nPolyurethane-11\nRefChem:867153\nPubChem\n2 Chemical and Physical Properties\n2.1 Chemical Classes\n2.1.1 Cosmetics\nCosmetic ingredients (\nPolyurethane-11\n) -> CIR (Cosmetic Ingredient Review)\nFinal Report 9/2017 Available from CIR\nCosmetic Ingredient Review (CIR)\n3 Related Records\n3.1 Substances\n3.1.1 PubChem Reference Collection SID\n505863078\nPubChem\n4 Use and Manufacturing\n4.1 Uses\nCosmetic Ingredient Review Link\nCIR ingredient: Polyurethane-11\nFinal Report 9/2017 Available from CIR\nCos...\n  - Ingredient, concentration, and use information are available in documents discoverable at\nhttps://cir-reports.cir-safety.org\nFinal Report 9/2017 Available from CIR\nCosmetic Ingredient Review (CIR)\n6 Information Sources\nFilter by Source\nALL SOURCES\nCosmetic Ingredient Review (CIR)\nPubChem\nPubChem\nhttps://pubchem.ncbi.nlm.nih.gov\nCosmetic Ingredient Review (CIR)\nLICENSE\nhttps://cir-safety.org/terms-use\nPolyurethane-11\nhttps://cir-reports.cir-safety.org/cir-ingredient-status-report/?id=a476d196-b6f...\n\n",
  "metadata": {
    "ingredient": "Polyurethane-11",
    "CAS": "Not specified",
    "InChIKey": "Not specified",
    "source": "https://pubchem.ncbi.nlm.nih.gov/compound/Polyurethane-11",
    "timestamp": "2025-12-17T14:45:01.886338+00:00",
    "type": "ingredient_information",
    "category": "cosmetics",
    "language": "fr"
  },
  "content_length": 2412,
  "timestamp": 1765992207.1260421
}