{
  "document_name": "blue_2_lake.txt",
  "content": "Inf: ---\ningredient: Blue 2 lake\nsource: https://pubchem.ncbi.nlm.nih.gov/compound/61842\ntimestamp: 2025-12-17 14:20:53 UTC\ntype: ingredient_information\n---\n\ncompound Summary\nC.I. Pigment Blue 63\nPubChem C\nCAS:\n  - ChEBI\n1 Structures\n1.1 2D Structure\nStructure Search\nGet Image\nDownload Coordinates\nChemical Structure Depiction\nFull screen\nZoom in\nZoom out\nPubChem\n1.2 3D Conformer\n3D Conformer of Parent\nPubChem\n2 Names and Identifiers\n2.1 Computed Descriptors\n2.1.1 IUPAC Name\naluminum 2-(3-hydroxy-5-sulfo-1\nH\n-indol-2-yl)-3-oxoindole-5-sulfonic acid\nComputed by Lexichem TK 2.9.3 (PubChem release 2025.09.15)\nPubChem\n2.1.2 InChI\nInChI=1S/C16H10N2O8S2.Al/c19-15-9-5-7(27(21,22)23)1-3-11(9)17-13(15)14-16(20)10-6-...\n\nInChIKey:\n  - ChEBI\n1 Structures\n1.1 2D Structure\nStructure Search\nGet Image\nDownload Coordinates\nChemical Structure Depiction\nFull screen\nZoom in\nZoom out\nPubChem\n1.2 3D Conformer\n3D Conformer of Parent\nPubChem\n2 Names and Identifiers\n2.1 Computed Descriptors\n2.1.1 IUPAC Name\naluminum 2-(3-hydroxy-5-sulfo-1\nH\n-indol-2-yl)-3-oxoindole-5-sulfonic acid\nComputed by Lexichem TK 2.9.3 (PubChem release 2025.09.15)\nPubChem\n2.1.2 InChI\nInChI=1S/C16H10N2O8S2.Al/c19-15-9-5-7(27(21,22)23)1-3-11(9)17-13(15)14-16(20)10-6-...\n\nChemical Forms:\n  - Not specified\n\nChemical Properties:\n  - Pigment Blue 63\nPubChem CID\n61842\nStructure\nPrimary Hazards\nNot Classified\nLaboratory Chemical Safety Summary (LCSS) Datasheet\nMolecular Formula\nC\n16\nH\n10\nAlN\n2\nO\n8\nS\n2\n+3\nSynonyms\n16521-38-3\nRefChem:572495\nDTXSID6044224\nC.I.\n  - ChEBI\n1 Structures\n1.1 2D Structure\nStructure Search\nGet Image\nDownload Coordinates\nChemical Structure Depiction\nFull screen\nZoom in\nZoom out\nPubChem\n1.2 3D Conformer\n3D Conformer of Parent\nPubChem\n2 Names and Identifiers\n2.1 Computed Descriptors\n2.1.1 IUPAC Name\naluminum 2-(3-hydroxy-5-sulfo-1\nH\n-indol-2-yl)-3-oxoindole-5-sulfonic acid\nComputed by Lexichem TK 2.9.3 (PubChem release 2025.09.15)\nPubChem\n2.1.2 InChI\nInChI=1S/C16H10N2O8S2.Al/c19-15-9-5-7(27(21,22)23)1-3-11(9)17-13(15)14-16(20)10-6-...\n  - PubChem\n4.2 Parent Compound\nCID 3705 (Indigotindisulfonic acid)\nPubChem\n4.3 Component Compounds\nCID 3705 (Indigotindisulfonic acid)\nCID 5359268 (Aluminum)\nPubChem\n4.4 Related Compounds\nSame Parent, Exact Count\n27\nMixtures, Components, and Neutralized Forms Count\n2\nSimilar Compounds (2D)\nView in PubChem Search\nSimilar Conformers (3D)\nView in PubChem Search\nPubChem\n4.5 Substances\n4.5.1 PubChem Reference Collection SID\n505568224\nPubChem\n4.5.2 Related Substances\nSame Count\n38\nPubChem\n4.5.3 Substance...\n  - Pigment Blue 63\nhttps://www.epa.gov/chemicals-under-tsca\nEPA TSCA Classification\nhttps://www.epa.gov/tsca-inventory\nEuropean Chemicals Agency (ECHA)\nLICENSE\nUse of the information, documents and data from the ECHA website is subject to the terms and conditions of this Legal Notice, and subject to other binding limitations provided for under applicable law, the information, documents and data made available on the ECHA website may be reproduced, distributed and/or used, totally or in part, for no...\n\nBiological Interactions:\n  - Not specified\n\nToxicity & Safety:\n  - Pigment Blue 63\nPubChem CID\n61842\nStructure\nPrimary Hazards\nNot Classified\nLaboratory Chemical Safety Summary (LCSS) Datasheet\nMolecular Formula\nC\n16\nH\n10\nAlN\n2\nO\n8\nS\n2\n+3\nSynonyms\n16521-38-3\nRefChem:572495\nDTXSID6044224\nC.I.\n  - ChEBI\n1 Structures\n1.1 2D Structure\nStructure Search\nGet Image\nDownload Coordinates\nChemical Structure Depiction\nFull screen\nZoom in\nZoom out\nPubChem\n1.2 3D Conformer\n3D Conformer of Parent\nPubChem\n2 Names and Identifiers\n2.1 Computed Descriptors\n2.1.1 IUPAC Name\naluminum 2-(3-hydroxy-5-sulfo-1\nH\n-indol-2-yl)-3-oxoindole-5-sulfonic acid\nComputed by Lexichem TK 2.9.3 (PubChem release 2025.09.15)\nPubChem\n2.1.2 InChI\nInChI=1S/C16H10N2O8S2.Al/c19-15-9-5-7(27(21,22)23)1-3-11(9)17-13(15)14-16(20)10-6-...\n  - Color additive regulations in 21 eCFR\n74.3102\nFDA Regulatory Status of Color Additives\n7 Use and Manufacturing\n7.1 General Manufacturing Information\nEPA TSCA Commercial Activity Status\nC.I.\n  - Pigment Blue 63: ACTIVE\nEPA Chemicals under the TSCA\n8 Safety and Hazards\n8.1 Hazards Identification\n8.1.1 GHS Classification\nNote\nThis chemical does not meet GHS hazard criteria for 100% (159 of 159) of all reports.\n  - GHS Hazard Statements\nNot Classified\nReported as not meeting GHS hazard criteria by 159 of 159 companies.\n\n",
  "metadata": {
    "ingredient": "Blue 2 lake",
    "CAS": "16521-38-3",
    "InChIKey": "Not specified",
    "source": "https://pubchem.ncbi.nlm.nih.gov/compound/61842",
    "timestamp": "2025-12-17T14:20:53.875288+00:00",
    "type": "ingredient_information",
    "category": "cosmetics",
    "language": "fr"
  },
  "content_length": 4377,
  "timestamp": 1765992207.1090422
}