{
  "document_name": "shea_butter.txt",
  "content": "Inf: ---\ningredient: Shea Butter\nsource: https://pubchem.ncbi.nlm.nih.gov/compound/Shea-Butter\ntimestamp: 2025-12-17 13:28:20 UTC\ntype: ingredient_information\n---\n\nCompound Summary\nShea Butter\nPubChem Refe\nCAS:\n  - paradoxa nut fat\nBASSIA PARKII NUT FAT\nBUTYROSPERMUM MANGIFOLIUM NUT FAT\nBUTYROSPERMUM PARKII (SHEA) BUTTER\nBUTYROSPERMUM PARKII (SHEA) BUTTER EXTRACT\nCellpium blossom hand\nDTXSID10893021\nEM Shea Butter Cream\nMINI PEACH LIP BALM\nSHEA BUTTER (MART.)\nShea Nut Butter\nULTRA REPAIR\nUNII-K49155WL9Y\nUNII-O88E196QRF\nUNIQUE NATURAL PREMIUM SHEA BUTTER\nUNIQUE NATURAL PREMIUM SHEA BUTTERFragrance-Free\nPubChem\n2 Names and Identifiers\n2.1 Other Identifiers\n2.1.1 CAS\n194043-92-0\nCAS Common Chemistry; ChemIDpl...\n\nInChIKey:\n  - Not specified\n\nChemical Forms:\n  - Not specified\n\nChemical Properties:\n  - Description\nThe CIR Expert Panel concluded that the following 13 ingredients are safe in cosmetics in the present practices of use and concentration described in this safety assessment when formulated to be non-sensitizing...Butyrospermum Parkii (Shea) Butter Extract...\n  - 1 Synonyms\nShea Butter\nRefChem:49803\nK49155WL9Y\nButyrospermum Parkii nut fat\nButyrospermum Poissonii nut fat\nMimusops Capitata nut fat\nMimusops Pachyclada nut fat\nVitellaria Paradoxa subsp.\n  - 3):51-129, 2017\nCosmetic Ingredient Review (CIR)\nCosmetic Ingredient Review Conclusion\nThe CIR Expert Panel concluded that the following 13 ingredients are safe in cosmetics in the present practices of use and concentration described in this safety assessment when formulated to be non-sensitizing...Butyrospermum Parkii (Shea) Butter Extract...\n  - https://creativecommons.org/licenses/by-nc/4.0/\nShea butter\nhttps://commonchemistry.cas.org/detail?cas_rn=194043-92-0\nChemIDplus\nLICENSE\nhttps://www.nlm.nih.gov/copyright.html\nShea butter\nhttps://pubchem.ncbi.nlm.nih.gov/substance/?source=chemidplus&sourceid=0194043920\nDrugBank\nLICENSE\nCreative Common's Attribution-NonCommercial 4.0 International License (\nhttp://creativecommons.org/licenses/by-nc/4.0/legalcode\n)\nhttps://www.drugbank.ca/legal/terms_of_use\nShea butter\nhttps://www.drugbank.ca/drug...\n  - https://www.nlm.nih.gov/research/umls/rxnorm/docs/termsofservice.html\nshea butter\nhttps://rxnav.nlm.nih.gov/id/rxnorm/1310571\nCite\nDownload\nCONTENTS\nTitle and Summary\n1 Synonyms\n2 Names and Identifiers\nExpand this menu\n3 Chemical and Physical Properties\nExpand this menu\n4 Related Records\nExpand this menu\n5 Drug and Medication Information\nExpand this menu\n6 Use and Manufacturing\nExpand this menu\n7 Safety and Hazards\nExpand this menu\n8 Toxicity\nExpand this menu\n9 Information Sources\n\nBiological Interactions:\n  - Not specified\n\nToxicity & Safety:\n  - Description\nThe CIR Expert Panel concluded that the following 13 ingredients are safe in cosmetics in the present practices of use and concentration described in this safety assessment when formulated to be non-sensitizing...Butyrospermum Parkii (Shea) Butter Extract...\n  - International Journal of Toxicology 43(Suppl.\n  - paradoxa nut fat\nBASSIA PARKII NUT FAT\nBUTYROSPERMUM MANGIFOLIUM NUT FAT\nBUTYROSPERMUM PARKII (SHEA) BUTTER\nBUTYROSPERMUM PARKII (SHEA) BUTTER EXTRACT\nCellpium blossom hand\nDTXSID10893021\nEM Shea Butter Cream\nMINI PEACH LIP BALM\nSHEA BUTTER (MART.)\nShea Nut Butter\nULTRA REPAIR\nUNII-K49155WL9Y\nUNII-O88E196QRF\nUNIQUE NATURAL PREMIUM SHEA BUTTER\nUNIQUE NATURAL PREMIUM SHEA BUTTERFragrance-Free\nPubChem\n2 Names and Identifiers\n2.1 Other Identifiers\n2.1.1 CAS\n194043-92-0\nCAS Common Chemistry; ChemIDpl...\n  - 1):82S-95S, 2024\nInternational Journal of Toxicology 36(Suppl.\n  - 3):51-129, 2017\nCosmetic Ingredient Review (CIR)\nCosmetic ingredients (\nButyrospermum Parkii (Shea) Butter Extract\n) -> CIR (Cosmetic Ingredient Review)\nInternational Journal of Toxicology 43(Suppl.\n\n",
  "metadata": {
    "ingredient": "Shea Butter",
    "CAS": "194043-92-0",
    "InChIKey": "Not specified",
    "source": "https://pubchem.ncbi.nlm.nih.gov/compound/Shea-Butter",
    "timestamp": "2025-12-17T13:28:20.811838+00:00",
    "type": "ingredient_information",
    "category": "cosmetics",
    "language": "fr"
  },
  "content_length": 3790,
  "timestamp": 1765992207.1290421
}