{
  "document_name": "diacétate_de_sodium.txt",
  "content": "Inf: ---\ningredient: Diacétate de sodium\nsource: https://pubchem.ncbi.nlm.nih.gov/compound/129675746\ntimestamp: 2025-12-17 14:33:49 UTC\ntype: ingredient_information\n---\n\ncompound Summary\nSodium diacetate s\nCAS:\n  - Not specified\n\nInChIKey:\n  - ---\ningredient: Diacétate de sodium\nsource: https://pubchem.ncbi.nlm.nih.gov/compound/129675746\ntimestamp: 2025-12-17 14:33:49 UTC\ntype: ingredient_information\n---\n\ncompound Summary\nSodium diacetate sodium propionate sodium\nPubChem CID\n129675746\nStructure\nMolecular Formula\nC\n7\nH\n11\nNa\n3\nO\n6\nSynonyms\nsodium diacetate sodium propionate sodium\nMolecular Weight\n260.13 g/mol\nComputed by PubChem 2.1 (PubChem release 2021.05.07)\nComponent Compounds\nCID 176 (Acetic Acid)\nCID 5360545 (Sodium)\nCID 1032 (P...\n\nChemical Forms:\n  - Not specified\n\nChemical Properties:\n  - ---\ningredient: Diacétate de sodium\nsource: https://pubchem.ncbi.nlm.nih.gov/compound/129675746\ntimestamp: 2025-12-17 14:33:49 UTC\ntype: ingredient_information\n---\n\ncompound Summary\nSodium diacetate sodium propionate sodium\nPubChem CID\n129675746\nStructure\nMolecular Formula\nC\n7\nH\n11\nNa\n3\nO\n6\nSynonyms\nsodium diacetate sodium propionate sodium\nMolecular Weight\n260.13 g/mol\nComputed by PubChem 2.1 (PubChem release 2021.05.07)\nComponent Compounds\nCID 176 (Acetic Acid)\nCID 5360545 (Sodium)\nCID 1032 (P...\n  - PubChem\n4.2 Component Compounds\nCID 176 (Acetic Acid)\nCID 5360545 (Sodium)\nCID 1032 (Propionic Acid)\nPubChem\n4.3 Related Compounds\nMixtures, Components, and Neutralized Forms Count\n3\nSimilar Compounds (2D)\nView in PubChem Search\nSimilar Conformers (3D)\nView in PubChem Search\nPubChem\n4.4 Substances\n4.4.1 Related Substances\nSame Count\n1\nPubChem\n4.4.2 Substances by Category\nPubChem\n5 Literature\n5.1 Consolidated References\nPubChem\n5.2 Springer Nature References\nSpringer Nature\n5.3 Chemical Co-Occurr...\n\nBiological Interactions:\n  - Not specified\n\nToxicity & Safety:\n  - Not specified\n\n",
  "metadata": {
    "ingredient": "Diacétate de sodium",
    "CAS": "Not specified",
    "InChIKey": "Not specified",
    "source": "https://pubchem.ncbi.nlm.nih.gov/compound/129675746",
    "timestamp": "2025-12-17T14:33:49.592562+00:00",
    "type": "ingredient_information",
    "category": "cosmetics",
    "language": "fr"
  },
  "content_length": 1904,
  "timestamp": 1765992207.1150422
}