{
  "document_name": "waxes.txt",
  "content": "Inf: ---\ningredient: Waxes\nsource: https://pubchem.ncbi.nlm.nih.gov/compound/Waxes\ntimestamp: 2025-12-17 13:39:32 UTC\ntype: ingredient_information\n---\n\nCompound Summary\nWaxes\nPubChem Reference Collection S\nCAS:\n  - (Dorland, 27th ed)\nMedical Subject Headings (MeSH)\n1 Synonyms\nWaxes\n8063-08-9\nInsect waxes\nRefChem:902148\nWax esers\nWaxy materials\nWaxy substances\nPubChem\n2 MeSH Entry Terms\nWaxes\nMedical Subject Headings (MeSH)\n3 Names and Identifiers\n3.1 Other Identifiers\n3.1.1 CAS\n8063-08-9\nChemIDplus\n4 Chemical and Physical Properties\n4.1 Chemical Classes\n4.1.1 Food Contact Substances\nFCS -> FDA Inventory of Food Contact Substances Listed in 21 CFR\nFDA Packaging & Food Contact Substances (FCS)\n5 Related Reco...\n\nInChIKey:\n  - Not specified\n\nChemical Forms:\n  - Not specified\n\nChemical Properties:\n  - (Dorland, 27th ed)\nMedical Subject Headings (MeSH)\n1 Synonyms\nWaxes\n8063-08-9\nInsect waxes\nRefChem:902148\nWax esers\nWaxy materials\nWaxy substances\nPubChem\n2 MeSH Entry Terms\nWaxes\nMedical Subject Headings (MeSH)\n3 Names and Identifiers\n3.1 Other Identifiers\n3.1.1 CAS\n8063-08-9\nChemIDplus\n4 Chemical and Physical Properties\n4.1 Chemical Classes\n4.1.1 Food Contact Substances\nFCS -> FDA Inventory of Food Contact Substances Listed in 21 CFR\nFDA Packaging & Food Contact Substances (FCS)\n5 Related Reco...\n  - https://www.nlm.nih.gov/copyright.html\nWaxes\nhttps://id.nlm.nih.gov/mesh/M0022903.html\nhttps://www.nlm.nih.gov/mesh/meshhome.html\nCite\nDownload\nCONTENTS\nTitle and Summary\n1 Synonyms\n2 MeSH Entry Terms\n3 Names and Identifiers\nExpand this menu\n4 Chemical and Physical Properties\nExpand this menu\n5 Related Records\nExpand this menu\n6 Food Additives and Ingredients\nExpand this menu\n7 Literature\nExpand this menu\n8 Information Sources\n\nBiological Interactions:\n  - Not specified\n\nToxicity & Safety:\n  - Not specified\n\n",
  "metadata": {
    "ingredient": "Waxes",
    "CAS": "8063-08-9",
    "InChIKey": "Not specified",
    "source": "https://pubchem.ncbi.nlm.nih.gov/compound/Waxes",
    "timestamp": "2025-12-17T13:39:32.376902+00:00",
    "type": "ingredient_information",
    "category": "cosmetics",
    "language": "fr"
  },
  "content_length": 1831,
  "timestamp": 1765992207.134042
}