{
  "document_name": "grapefruit.txt",
  "content": "Inf: ---\ningredient: Grapefruit\nsource: https://pubchem.ncbi.nlm.nih.gov/compound/Grapefruit\ntimestamp: 2025-12-17 14:15:02 UTC\ntype: ingredient_information\n---\n\nCompound Summary\nGrapefruit\nPubChem Referen\nCAS:\n  - Not specified\n\nInChIKey:\n  - Not specified\n\nChemical Forms:\n  - Not specified\n\nChemical Properties:\n  - 1 Synonyms\nGrapefruit\nRefChem:37942\nO82C39RR8C\nB1507\nPubChem\n2 Names and Identifiers\n2.1 Other Identifiers\n2.1.1 UNII\nO82C39RR8C\nFDA Global Substance Registration System (GSRS)\n2.1.2 AIDS Number\n088311\nNIAID ChemDB\n2.1.3 DrugBank ID\nDB10534\nDrugBank\n2.1.4 NCI Thesaurus Code\nC71974\nNCI Thesaurus (NCIt)\n2.1.5 RXCUI\n124323\nNLM RxNorm Terminology\n899424\nNLM RxNorm Terminology\n1358897\nNLM RxNorm Terminology\n3 Chemical and Physical Properties\n3.1 Chemical Classes\nNatural Products, Plant\nNIAID ChemDB\n4...\n  - FDA Pharm Classes\n7 Interactions and Pathways\n7.1 Drug-Drug Interactions\nDrugBank\n8 Information Sources\nFilter by Source\nALL SOURCES\nDailyMed\nDrugBank\nFDA Global Substance Registration System (GSRS)\nFDA Pharm Classes\nNCI Thesaurus (NCIt)\nNIAID ChemDB\nNLM RxNorm Terminology\nNational Drug Code (NDC) Directory\nPubChem\nPubChem\nhttps://pubchem.ncbi.nlm.nih.gov\nDailyMed\nLICENSE\nhttps://www.nlm.nih.gov/copyright.html\nGRAPEFRUIT\nhttps://dailymed.nlm.nih.gov/dailymed/search.cfm?labeltype=all&query=GRAPEF...\n  - https://www.nlm.nih.gov/research/umls/rxnorm/docs/termsofservice.html\ngrapefruit extract\nhttps://rxnav.nlm.nih.gov/id/rxnorm/124323\ngrapefruit allergenic extract\nhttps://rxnav.nlm.nih.gov/id/rxnorm/899424\ngrapefruit peel extract\nhttps://rxnav.nlm.nih.gov/id/rxnorm/1358897\nCite\nDownload\nCONTENTS\nTitle and Summary\n1 Synonyms\n2 Names and Identifiers\nExpand this menu\n3 Chemical and Physical Properties\nExpand this menu\n4 Related Records\nExpand this menu\n5 Drug and Medication Information\nExpand this m...\n\nBiological Interactions:\n  - 6 Pharmacology and Biochemistry\n6.1 FDA Pharmacological Classification\nFDA UNII\nO82C39RR8C\nActive Moiety\nGRAPEFRUIT\nPharmacological Classes\nEstablished Pharmacologic Class [EPC] - Non-Standardized Food Allergenic Extract\nPharmacological Classes\nPhysiologic Effects [PE] - Increased Histamine Release\nPharmacological Classes\nPhysiologic Effects [PE] - Cell-mediated Immunity\nPharmacological Classes\nChemical Structure [CS] - Allergens\nPharmacological Classes\nChemical Structure [CS] - Dietary Proteins...\n\nToxicity & Safety:\n  - Not specified\n\n",
  "metadata": {
    "ingredient": "Grapefruit",
    "CAS": "Not specified",
    "InChIKey": "Not specified",
    "source": "https://pubchem.ncbi.nlm.nih.gov/compound/Grapefruit",
    "timestamp": "2025-12-17T14:15:02.930250+00:00",
    "type": "ingredient_information",
    "category": "cosmetics",
    "language": "fr"
  },
  "content_length": 2412,
  "timestamp": 1765992207.120042
}