{
  "document_name": "uv.txt",
  "content": "Inf: ---\ningredient: UV\nsource: https://pubchem.ncbi.nlm.nih.gov/compound/18346411\ntimestamp: 2025-12-17 14:12:29 UTC\ntype: ingredient_information\n---\n\ncompound Summary\nUranium;vanadium\nPubChem CID\n1834641\nCAS:\n  - Not specified\n\nInChIKey:\n  - ---\ningredient: UV\nsource: https://pubchem.ncbi.nlm.nih.gov/compound/18346411\ntimestamp: 2025-12-17 14:12:29 UTC\ntype: ingredient_information\n---\n\ncompound Summary\nUranium;vanadium\nPubChem CID\n18346411\nStructure\nMolecular Formula\nUV\nSynonyms\nSCHEMBL825448\nMolecular Weight\n288.9704 g/mol\nComputed by PubChem 2.1 (PubChem release 2021.08.13)\nComponent Compounds\nCID 23989 (Uranium)\nCID 23990 (Vanadium)\nDates\nCreate:\n2007-12-04\nModify:\n2025-12-13\n1 Structures\n1.1 2D Structure\nStructure Search\nGet Ima...\n\nChemical Forms:\n  - Not specified\n\nChemical Properties:\n  - ---\ningredient: UV\nsource: https://pubchem.ncbi.nlm.nih.gov/compound/18346411\ntimestamp: 2025-12-17 14:12:29 UTC\ntype: ingredient_information\n---\n\ncompound Summary\nUranium;vanadium\nPubChem CID\n18346411\nStructure\nMolecular Formula\nUV\nSynonyms\nSCHEMBL825448\nMolecular Weight\n288.9704 g/mol\nComputed by PubChem 2.1 (PubChem release 2021.08.13)\nComponent Compounds\nCID 23989 (Uranium)\nCID 23990 (Vanadium)\nDates\nCreate:\n2007-12-04\nModify:\n2025-12-13\n1 Structures\n1.1 2D Structure\nStructure Search\nGet Ima...\n  - PubChem\n4.2 Component Compounds\nCID 23989 (Uranium)\nCID 23990 (Vanadium)\nPubChem\n4.3 Related Compounds\nMixtures, Components, and Neutralized Forms Count\n2\nSimilar Compounds (2D)\nView in PubChem Search\nSimilar Conformers (3D)\nView in PubChem Search\nPubChem\n4.4 Substances\n4.4.1 Related Substances\nSame Count\n3\nPubChem\n4.4.2 Substances by Category\nPubChem\n5 Patents\n5.1 Depositor-Supplied Patent Identifiers\nPubChem\nLink to all deposited patent identifiers\nPubChem\n5.2 WIPO PATENTSCOPE\nPatents are avai...\n\nBiological Interactions:\n  - Not specified\n\nToxicity & Safety:\n  - Not specified\n\n",
  "metadata": {
    "ingredient": "UV",
    "CAS": "Not specified",
    "InChIKey": "Not specified",
    "source": "https://pubchem.ncbi.nlm.nih.gov/compound/18346411",
    "timestamp": "2025-12-17T14:12:29.296002+00:00",
    "type": "ingredient_information",
    "category": "cosmetics",
    "language": "fr"
  },
  "content_length": 1904,
  "timestamp": 1765992207.133042
}