{
  "document_name": "magnesium_stearate.txt",
  "content": "Inf: ---\ningredient: Magnesium Stearate\nsource: https://pubchem.ncbi.nlm.nih.gov/compound/11177\ntimestamp: 2025-12-17 14:20:42 UTC\ntype: ingredient_information\n---\n\ncompound Summary\nMagnesium Stearate\nPubC\nCAS:\n  - 1 Structures\n1.1 2D Structure\nStructure Search\nGet Image\nDownload Coordinates\nChemical Structure Depiction\nFull screen\nZoom in\nZoom out\nPubChem\n1.2 3D Status\nConformer generation is disallowed since MMFF94s unsupported element, too flexible, mixture or salt\nPubChem\n2 Names and Identifiers\n2.1 Computed Descriptors\n2.1.1 IUPAC Name\nmagnesium bis(octadecanoate)\nComputed by Lexichem TK 2.9.3 (PubChem release 2025.09.15)\nPubChem\n2.1.2 InChI\nInChI=1S/2C18H36O2.Mg/c2*1-2-3-4-5-6-7-8-9-10-11-12-13-14-15...\n\nInChIKey:\n  - 1 Structures\n1.1 2D Structure\nStructure Search\nGet Image\nDownload Coordinates\nChemical Structure Depiction\nFull screen\nZoom in\nZoom out\nPubChem\n1.2 3D Status\nConformer generation is disallowed since MMFF94s unsupported element, too flexible, mixture or salt\nPubChem\n2 Names and Identifiers\n2.1 Computed Descriptors\n2.1.1 IUPAC Name\nmagnesium bis(octadecanoate)\nComputed by Lexichem TK 2.9.3 (PubChem release 2025.09.15)\nPubChem\n2.1.2 InChI\nInChI=1S/2C18H36O2.Mg/c2*1-2-3-4-5-6-7-8-9-10-11-12-13-14-15...\n\nChemical Forms:\n  - 953\nHazardous Substances Data Bank (HSDB)\nMicrospheres containing the mucoadhesive polymer\nchitosan hydrochloride\n, with matrix polymer\nEudragit RS\n,\npipemidic acid\nas a model drug and agglomeration preventing agent magnesium stearate were prepared by the solvent evaporation method.\n\nChemical Properties:\n  - ---\ningredient: Magnesium Stearate\nsource: https://pubchem.ncbi.nlm.nih.gov/compound/11177\ntimestamp: 2025-12-17 14:20:42 UTC\ntype: ingredient_information\n---\n\ncompound Summary\nMagnesium Stearate\nPubChem CID\n11177\nStructure\nPrimary Hazards\nLaboratory Chemical Safety Summary (LCSS) Datasheet\nMolecular Formula\nC\n36\nH\n70\nMgO\n4\nMg(C\n18\nH\n35\nO\n2\n)\n2\nSynonyms\nMAGNESIUM STEARATE\n557-04-0\nMagnesium octadecanoate\nMagnesium distearate\nDibasic magnesium stearate\nView More...\n  - ChEBI\nThe CIR Expert Panel concluded that the following ingredients are safe in the present practices of use and concentration described in the safety assessment when formulated to be non-irritating and non-sensitizing, which may be based on a QRA...Magnesium Stearate\nInternational Journal of Toxicology 22(Suppl.\n  - 1 Structures\n1.1 2D Structure\nStructure Search\nGet Image\nDownload Coordinates\nChemical Structure Depiction\nFull screen\nZoom in\nZoom out\nPubChem\n1.2 3D Status\nConformer generation is disallowed since MMFF94s unsupported element, too flexible, mixture or salt\nPubChem\n2 Names and Identifiers\n2.1 Computed Descriptors\n2.1.1 IUPAC Name\nmagnesium bis(octadecanoate)\nComputed by Lexichem TK 2.9.3 (PubChem release 2025.09.15)\nPubChem\n2.1.2 InChI\nInChI=1S/2C18H36O2.Mg/c2*1-2-3-4-5-6-7-8-9-10-11-12-13-14-15...\n  - 693\nHazardous Substances Data Bank (HSDB)\n3.2.5 Melting Point\n88.5 °C (pure)\nLewis, R.J., Sr (Ed.).\n  - 693\nHazardous Substances Data Bank (HSDB)\n88Â °C\nILO-WHO International Chemical Safety Cards (ICSCs)\n3.2.6 Solubility\nIN 100 CC\nWATER\n: 0.003 G @ 15 °C; 0.004 G @ 25 °C; 0.008 G @ 50 °C\nWeast, R.C.\n\nBiological Interactions:\n  - Not specified\n\nToxicity & Safety:\n  - ---\ningredient: Magnesium Stearate\nsource: https://pubchem.ncbi.nlm.nih.gov/compound/11177\ntimestamp: 2025-12-17 14:20:42 UTC\ntype: ingredient_information\n---\n\ncompound Summary\nMagnesium Stearate\nPubChem CID\n11177\nStructure\nPrimary Hazards\nLaboratory Chemical Safety Summary (LCSS) Datasheet\nMolecular Formula\nC\n36\nH\n70\nMgO\n4\nMg(C\n18\nH\n35\nO\n2\n)\n2\nSynonyms\nMAGNESIUM STEARATE\n557-04-0\nMagnesium octadecanoate\nMagnesium distearate\nDibasic magnesium stearate\nView More...\n  - ChEBI\nThe CIR Expert Panel concluded that the following ingredients are safe in the present practices of use and concentration described in the safety assessment when formulated to be non-irritating and non-sensitizing, which may be based on a QRA...Magnesium Stearate\nInternational Journal of Toxicology 22(Suppl.\n  - 1):1-35, 2003\nJournal of the American College of Toxicology 1(2):143-177, 1982\nFinal Report 04/2019 Available from CIR\nCosmetic Ingredient Review (CIR)\nMAGNESIUM STEARATE is a small molecule drug with a maximum clinical trial phase of I (across all indications) and has 2 investigational indications.\n  - 1 Structures\n1.1 2D Structure\nStructure Search\nGet Image\nDownload Coordinates\nChemical Structure Depiction\nFull screen\nZoom in\nZoom out\nPubChem\n1.2 3D Status\nConformer generation is disallowed since MMFF94s unsupported element, too flexible, mixture or salt\nPubChem\n2 Names and Identifiers\n2.1 Computed Descriptors\n2.1.1 IUPAC Name\nmagnesium bis(octadecanoate)\nComputed by Lexichem TK 2.9.3 (PubChem release 2025.09.15)\nPubChem\n2.1.2 InChI\nInChI=1S/2C18H36O2.Mg/c2*1-2-3-4-5-6-7-8-9-10-11-12-13-14-15...\n  - ILO-WHO International Chemical Safety Cards (ICSCs)\n3.2.2 Color / Form\nLUMPS\nWeast, R.C.\n\n",
  "metadata": {
    "ingredient": "Magnesium Stearate",
    "CAS": "557-04-0",
    "InChIKey": "Not specified",
    "source": "https://pubchem.ncbi.nlm.nih.gov/compound/11177",
    "timestamp": "2025-12-17T14:20:42.605586+00:00",
    "type": "ingredient_information",
    "category": "cosmetics",
    "language": "fr"
  },
  "content_length": 4934,
  "timestamp": 1765992207.1220422
}