{
  "document_name": "glycol_de_propylène.txt",
  "content": "Inf: ---\ningredient: Glycol de propylène\nsource: https://pubchem.ncbi.nlm.nih.gov/compound/168371\ntimestamp: 2025-12-17 14:07:01 UTC\ntype: ingredient_information\n---\n\ncompound Summary\nPhthalic anhydride, m\nCAS:\n  - ---\ningredient: Glycol de propylène\nsource: https://pubchem.ncbi.nlm.nih.gov/compound/168371\ntimestamp: 2025-12-17 14:07:01 UTC\ntype: ingredient_information\n---\n\ncompound Summary\nPhthalic anhydride, maleic anhydride, adipic acid, diethylene glycol, propylene glycol resin\nPubChem CID\n168371\nStructure\nMolecular Formula\nC\n25\nH\n34\nO\n15\nSynonyms\nICWWBSUHEUCUDI-UHFFFAOYSA-N\nPhthalic anhydride, maleic anhydride, adipic acid, diethylene glycol, propylene glycol resin\nMolecular Weight\n574.5 g/mol\nCompute...\n\nInChIKey:\n  - ---\ningredient: Glycol de propylène\nsource: https://pubchem.ncbi.nlm.nih.gov/compound/168371\ntimestamp: 2025-12-17 14:07:01 UTC\ntype: ingredient_information\n---\n\ncompound Summary\nPhthalic anhydride, maleic anhydride, adipic acid, diethylene glycol, propylene glycol resin\nPubChem CID\n168371\nStructure\nMolecular Formula\nC\n25\nH\n34\nO\n15\nSynonyms\nICWWBSUHEUCUDI-UHFFFAOYSA-N\nPhthalic anhydride, maleic anhydride, adipic acid, diethylene glycol, propylene glycol resin\nMolecular Weight\n574.5 g/mol\nCompute...\n\nChemical Forms:\n  - ---\ningredient: Glycol de propylène\nsource: https://pubchem.ncbi.nlm.nih.gov/compound/168371\ntimestamp: 2025-12-17 14:07:01 UTC\ntype: ingredient_information\n---\n\ncompound Summary\nPhthalic anhydride, maleic anhydride, adipic acid, diethylene glycol, propylene glycol resin\nPubChem CID\n168371\nStructure\nMolecular Formula\nC\n25\nH\n34\nO\n15\nSynonyms\nICWWBSUHEUCUDI-UHFFFAOYSA-N\nPhthalic anhydride, maleic anhydride, adipic acid, diethylene glycol, propylene glycol resin\nMolecular Weight\n574.5 g/mol\nCompute...\n  - https://creativecommons.org/licenses/by-nc/4.0/\nHexanedioic acid, polymer with 2,5-furandione, 1,3-isobenzofurandione, 2,2′-oxybis[ethanol] and 1,2-propanediol\nhttps://commonchemistry.cas.org/detail?cas_rn=25464-21-5\nChemIDplus\nLICENSE\nhttps://www.nlm.nih.gov/copyright.html\nHexanedioic acid, polymer with 2,5-furandione, 1,3-isobenzofurandione, 2,2'-oxybis(ethanol) and 1,2-propanediol\nhttps://pubchem.ncbi.nlm.nih.gov/substance/?source=chemidplus&sourceid=0025464215\nChemIDplus Chemical Information...\n\nChemical Properties:\n  - ---\ningredient: Glycol de propylène\nsource: https://pubchem.ncbi.nlm.nih.gov/compound/168371\ntimestamp: 2025-12-17 14:07:01 UTC\ntype: ingredient_information\n---\n\ncompound Summary\nPhthalic anhydride, maleic anhydride, adipic acid, diethylene glycol, propylene glycol resin\nPubChem CID\n168371\nStructure\nMolecular Formula\nC\n25\nH\n34\nO\n15\nSynonyms\nICWWBSUHEUCUDI-UHFFFAOYSA-N\nPhthalic anhydride, maleic anhydride, adipic acid, diethylene glycol, propylene glycol resin\nMolecular Weight\n574.5 g/mol\nCompute...\n  - PubChem\n4.2 Component Compounds\nCID 196 (Adipic Acid)\nCID 8117 (Diethylene Glycol)\nCID 1030 (Propylene Glycol)\nCID 7923 (Maleic Anhydride)\nCID 6811 (Phthalic Anhydride)\nPubChem\n4.3 Related Compounds\nMixtures, Components, and Neutralized Forms Count\n5\nSimilar Compounds (2D)\nView in PubChem Search\nSimilar Conformers (3D)\nView in PubChem Search\nPubChem\n4.4 Substances\n4.4.1 Related Substances\nSame Count\n13\nPubChem\n4.4.2 Substances by Category\nPubChem\n5 Literature\n5.1 Consolidated References\nPubChem...\n\nBiological Interactions:\n  - Not specified\n\nToxicity & Safety:\n  - PubChem\n4.2 Component Compounds\nCID 196 (Adipic Acid)\nCID 8117 (Diethylene Glycol)\nCID 1030 (Propylene Glycol)\nCID 7923 (Maleic Anhydride)\nCID 6811 (Phthalic Anhydride)\nPubChem\n4.3 Related Compounds\nMixtures, Components, and Neutralized Forms Count\n5\nSimilar Compounds (2D)\nView in PubChem Search\nSimilar Conformers (3D)\nView in PubChem Search\nPubChem\n4.4 Substances\n4.4.1 Related Substances\nSame Count\n13\nPubChem\n4.4.2 Substances by Category\nPubChem\n5 Literature\n5.1 Consolidated References\nPubChem...\n  - https://creativecommons.org/licenses/by-nc/4.0/\nHexanedioic acid, polymer with 2,5-furandione, 1,3-isobenzofurandione, 2,2′-oxybis[ethanol] and 1,2-propanediol\nhttps://commonchemistry.cas.org/detail?cas_rn=25464-21-5\nChemIDplus\nLICENSE\nhttps://www.nlm.nih.gov/copyright.html\nHexanedioic acid, polymer with 2,5-furandione, 1,3-isobenzofurandione, 2,2'-oxybis(ethanol) and 1,2-propanediol\nhttps://pubchem.ncbi.nlm.nih.gov/substance/?source=chemidplus&sourceid=0025464215\nChemIDplus Chemical Information...\n\n",
  "metadata": {
    "ingredient": "Glycol de propylène",
    "CAS": "25464-21-5",
    "InChIKey": "ICWWBSUHEUCUDI-UHFFFAOYSA-N",
    "source": "https://pubchem.ncbi.nlm.nih.gov/compound/168371",
    "timestamp": "2025-12-17T14:07:01.588390+00:00",
    "type": "ingredient_information",
    "category": "cosmetics",
    "language": "fr"
  },
  "content_length": 4388,
  "timestamp": 1765992207.1190422
}