{
  "document_name": "minéral.txt",
  "content": "Inf: ---\ningredient: Minéral\nsource: https://pubchem.ncbi.nlm.nih.gov/compound/131842327\ntimestamp: 2025-12-17 14:11:56 UTC\ntype: ingredient_information\n---\n\ncompound Summary\nMica-group minerals\nPubChem CI\nCAS:\n  - CAMEO Chemicals\n1 Structures\n1.1 2D Structure\nStructure Search\nGet Image\nDownload Coordinates\nChemical Structure Depiction\nFull screen\nZoom in\nZoom out\nPubChem\n1.2 3D Status\nConformer generation is disallowed since MMFF94s unsupported element, MMFF94s unsupported atom valence, mixture or salt\nPubChem\n2 Names and Identifiers\n2.1 Computed Descriptors\n2.1.1 IUPAC Name\nhexaaluminum;dipotassium;hexakis(dioxosilane);nonakis(oxygen(2-));difluoride;hydrate\nComputed by Lexichem TK 2.9.3 (PubChem release...\n\nInChIKey:\n  - CAMEO Chemicals\n1 Structures\n1.1 2D Structure\nStructure Search\nGet Image\nDownload Coordinates\nChemical Structure Depiction\nFull screen\nZoom in\nZoom out\nPubChem\n1.2 3D Status\nConformer generation is disallowed since MMFF94s unsupported element, MMFF94s unsupported atom valence, mixture or salt\nPubChem\n2 Names and Identifiers\n2.1 Computed Descriptors\n2.1.1 IUPAC Name\nhexaaluminum;dipotassium;hexakis(dioxosilane);nonakis(oxygen(2-));difluoride;hydrate\nComputed by Lexichem TK 2.9.3 (PubChem release...\n\nChemical Forms:\n  - 6.3 Therapeutic Uses\n/Experimental Therapy/ Intervention therapy was given to the experimental atrophic gastritis (CAG) rats at three different doses of mica monomer powder preparation to evaluate the changes of chief and parietal cells as well as G and D cells in the gastric mucosa and the histopathological changes of gastric mucosa.\n  - RESULTS: Mica monomer powder preparation at three different doses could increase the amount of chief and parietal cells as well as G and D cells in gastric mucosa of the experimental CAG rats and alleviate and control the inflammation of gastric mucosa and the atrophy of gastric mucosa glands.\n  - Breathing: Fresh air\nThe National Institute for Occupational Safety and Health (NIOSH)\n11.4 Accidental Release Measures\n11.4.1 Cleanup Methods\nWASTEWATER FROM MICA MINING WAS MIXED WITH FLY ASH &\nACRYLAMIDE\nPOLYMER IN A TANK UNDER AGITATION PROVIDED BY TANGENTIAL FLOW OF MIXED WASTE.\n  - Hazardous Substances Data Bank (HSDB)\n/LABORATORY ANIMALS: Acute Exposure/ Intervention therapy was given to the experimental atrophic gastritis (CAG) rats at three different doses of mica monomer powder preparation to evaluate the changes of chief and parietal cells as well as G and D cells in the gastric mucosa and the histopathological changes of gastric mucosa.\n  - RESULTS: Mica monomer powder preparation at three different doses could increase the amount of chief and parietal cells as well as G and D cells in gastric mucosa of the experimental CAG rats and alleviate and control the inflammation of gastric mucosa and the atrophy of gastric mucosa glands.\n\nChemical Properties:\n  - ---\ningredient: Minéral\nsource: https://pubchem.ncbi.nlm.nih.gov/compound/131842327\ntimestamp: 2025-12-17 14:11:56 UTC\ntype: ingredient_information\n---\n\ncompound Summary\nMica-group minerals\nPubChem CID\n131842327\nStructure\nPrimary Hazards\nLaboratory Chemical Safety Summary (LCSS) Datasheet\nMolecular Formula\nAl\n6\nF\n2\nH\n2\nK\n2\nO\n22\nSi\n6\nSynonyms\nMuscovite mica\nV8A1AW0880\nZimmwaldite\nSuzorite\nAbhrak\nView More...\n  - CAMEO Chemicals\n1 Structures\n1.1 2D Structure\nStructure Search\nGet Image\nDownload Coordinates\nChemical Structure Depiction\nFull screen\nZoom in\nZoom out\nPubChem\n1.2 3D Status\nConformer generation is disallowed since MMFF94s unsupported element, MMFF94s unsupported atom valence, mixture or salt\nPubChem\n2 Names and Identifiers\n2.1 Computed Descriptors\n2.1.1 IUPAC Name\nhexaaluminum;dipotassium;hexakis(dioxosilane);nonakis(oxygen(2-));difluoride;hydrate\nComputed by Lexichem TK 2.9.3 (PubChem release...\n  - 2005-151 (2005)\nHazardous Substances Data Bank (HSDB)\n3.2.4 Melting Point\n1500 °C\nInternational Labour Office.\n  - 1358\nHazardous Substances Data Bank (HSDB)\nMelting point = 1387 °C /Synthetic fluorophlogopite/\nKirk-Othmer Encyclopedia of Chemical Technology.\n  - V15: 417\nHazardous Substances Data Bank (HSDB)\n3.2.5 Solubility\nInsoluble (NIOSH, 2024)\nCAMEO Chemicals\nInsoluble in water\nNIOSH.\n\nBiological Interactions:\n  - Not specified\n\nToxicity & Safety:\n  - ---\ningredient: Minéral\nsource: https://pubchem.ncbi.nlm.nih.gov/compound/131842327\ntimestamp: 2025-12-17 14:11:56 UTC\ntype: ingredient_information\n---\n\ncompound Summary\nMica-group minerals\nPubChem CID\n131842327\nStructure\nPrimary Hazards\nLaboratory Chemical Safety Summary (LCSS) Datasheet\nMolecular Formula\nAl\n6\nF\n2\nH\n2\nK\n2\nO\n22\nSi\n6\nSynonyms\nMuscovite mica\nV8A1AW0880\nZimmwaldite\nSuzorite\nAbhrak\nView More...\n  - Inhalation of mica dust presents an occupational hazard.\n  - CAMEO Chemicals\n1 Structures\n1.1 2D Structure\nStructure Search\nGet Image\nDownload Coordinates\nChemical Structure Depiction\nFull screen\nZoom in\nZoom out\nPubChem\n1.2 3D Status\nConformer generation is disallowed since MMFF94s unsupported element, MMFF94s unsupported atom valence, mixture or salt\nPubChem\n2 Names and Identifiers\n2.1 Computed Descriptors\n2.1.1 IUPAC Name\nhexaaluminum;dipotassium;hexakis(dioxosilane);nonakis(oxygen(2-));difluoride;hydrate\nComputed by Lexichem TK 2.9.3 (PubChem release...\n  - Inhalation of mica dust presents an occupational hazard.\n  - CAMEO Chemicals\nDry Powder; Pellets or Large Crystals\nEPA Chemical Data Reporting (CDR)\nColorless, odorless flakes or sheets of hydrous silicates; [NIOSH] Crystalline silica not bound to other minerals is \"free\" silica.\n\n",
  "metadata": {
    "ingredient": "Minéral",
    "CAS": "Not specified",
    "InChIKey": "Not specified",
    "source": "https://pubchem.ncbi.nlm.nih.gov/compound/131842327",
    "timestamp": "2025-12-17T14:11:56.406074+00:00",
    "type": "ingredient_information",
    "category": "cosmetics",
    "language": "fr"
  },
  "content_length": 5528,
  "timestamp": 1765992207.123042
}