{
  "document_name": "hydratant.txt",
  "content": "Inf: ---\ningredient: Hydratant\nsource: https://pubchem.ncbi.nlm.nih.gov/compound/57350723\ntimestamp: 2025-12-17 14:03:39 UTC\ntype: ingredient_information\n---\n\ncompound Summary\nPalladium dichloride (2,6-dia\nCAS:\n  - Molecular Weight\n304.47 g/mol\nComputed by PubChem 2.2 (PubChem release 2025.04.14)\nComponent Compounds\nCID 24290 (Palladium Chloride)\nCID 962 (Water)\nCID 8861 (2,6-Diaminopyridine)\nDates\nCreate:\n2012-07-12\nModify:\n2025-12-13\nDescription\ninhibits DNA synthesis; is effective against vaccinia; a mitogen antagonist\nMedical Subject Headings (MeSH)\n1 Structures\n1.1 2D Structure\nStructure Search\nGet Image\nDownload Coordinates\nChemical Structure Depiction\nFull screen\nZoom in\nZoom out\nPubChem\n1.2 3D Stat...\n\nInChIKey:\n  - Molecular Weight\n304.47 g/mol\nComputed by PubChem 2.2 (PubChem release 2025.04.14)\nComponent Compounds\nCID 24290 (Palladium Chloride)\nCID 962 (Water)\nCID 8861 (2,6-Diaminopyridine)\nDates\nCreate:\n2012-07-12\nModify:\n2025-12-13\nDescription\ninhibits DNA synthesis; is effective against vaccinia; a mitogen antagonist\nMedical Subject Headings (MeSH)\n1 Structures\n1.1 2D Structure\nStructure Search\nGet Image\nDownload Coordinates\nChemical Structure Depiction\nFull screen\nZoom in\nZoom out\nPubChem\n1.2 3D Stat...\n\nChemical Forms:\n  - Not specified\n\nChemical Properties:\n  - ---\ningredient: Hydratant\nsource: https://pubchem.ncbi.nlm.nih.gov/compound/57350723\ntimestamp: 2025-12-17 14:03:39 UTC\ntype: ingredient_information\n---\n\ncompound Summary\nPalladium dichloride (2,6-diaminopyridine) hydrate\nPubChem CID\n57350723\nStructure\nMolecular Formula\nC\n5\nH\n9\nCl\n2\nN\n3\nOPd\nSynonyms\nAquadichloro(2,6-diaminopyridine)palladium(II)\n54017-56-0\nDichloro(2,6-diaminopyridine)palladium(II).H(2)O\nPalladium dichloride (2,6-diaminopyridine) hydrate\nAquadichloro(2,6-pyridinediamine)palladiu...\n  - Molecular Weight\n304.47 g/mol\nComputed by PubChem 2.2 (PubChem release 2025.04.14)\nComponent Compounds\nCID 24290 (Palladium Chloride)\nCID 962 (Water)\nCID 8861 (2,6-Diaminopyridine)\nDates\nCreate:\n2012-07-12\nModify:\n2025-12-13\nDescription\ninhibits DNA synthesis; is effective against vaccinia; a mitogen antagonist\nMedical Subject Headings (MeSH)\n1 Structures\n1.1 2D Structure\nStructure Search\nGet Image\nDownload Coordinates\nChemical Structure Depiction\nFull screen\nZoom in\nZoom out\nPubChem\n1.2 3D Stat...\n  - PubChem\n4.2 Component Compounds\nCID 24290 (Palladium Chloride)\nCID 962 (Water)\nCID 8861 (2,6-Diaminopyridine)\nPubChem\n4.3 Related Compounds\nMixtures, Components, and Neutralized Forms Count\n3\nSimilar Compounds (2D)\nView in PubChem Search\nSimilar Conformers (3D)\nView in PubChem Search\nPubChem\n4.4 Substances\n4.4.1 PubChem Reference Collection SID\n500813039\nPubChem\n4.4.2 Related Substances\nSame Count\n6\nPubChem\n4.4.3 Substances by Category\nPubChem\n5 Chemical Vendors\nPubChem\n6 Classification\n6.1 MeSH...\n\nBiological Interactions:\n  - Not specified\n\nToxicity & Safety:\n  - Not specified\n\n",
  "metadata": {
    "ingredient": "Hydratant",
    "CAS": "54017-56-0",
    "InChIKey": "Not specified",
    "source": "https://pubchem.ncbi.nlm.nih.gov/compound/57350723",
    "timestamp": "2025-12-17T14:03:39.743617+00:00",
    "type": "ingredient_information",
    "category": "cosmetics",
    "language": "fr"
  },
  "content_length": 2902,
  "timestamp": 1765992207.121042
}