{
  "document_name": "jojoba_oil.txt",
  "content": "Inf: ---\ningredient: Jojoba oil\nsource: https://pubchem.ncbi.nlm.nih.gov/compound/Jojoba-Oil\ntimestamp: 2025-12-17 13:05:19 UTC\ntype: ingredient_information\n---\n\nCompound Summary\nJojoba Oil\nPubChem Referen\nCAS:\n  - 1 Synonyms\nJojoba Oil\nRefChem:39971\n724GKU717M\nBuxus Chinensis Oil\nSimmondsia Chinensis (Jojoba) Seed Oil\nJojoba Seed Oil\nSimmondsia Californica Oil\nSimmondsia Chinensis Oil\nSorafine Cremogel\nPubChem\n2 Names and Identifiers\n2.1 Other Identifiers\n2.1.1 CAS\n61789-91-1\nAustralian Industrial Chemicals Introduction Scheme (AICIS); CAS Common Chemistry; ChemIDplus; DrugBank; FDA Global Substance Registration System (GSRS); New Zealand Environmental Protection Authority (EPA)\n2.1.2 Deprecated CAS\n15951...\n\nInChIKey:\n  - Not specified\n\nChemical Forms:\n  - Not specified\n\nChemical Properties:\n  - 1 Synonyms\nJojoba Oil\nRefChem:39971\n724GKU717M\nBuxus Chinensis Oil\nSimmondsia Chinensis (Jojoba) Seed Oil\nJojoba Seed Oil\nSimmondsia Californica Oil\nSimmondsia Chinensis Oil\nSorafine Cremogel\nPubChem\n2 Names and Identifiers\n2.1 Other Identifiers\n2.1.1 CAS\n61789-91-1\nAustralian Industrial Chemicals Introduction Scheme (AICIS); CAS Common Chemistry; ChemIDplus; DrugBank; FDA Global Substance Registration System (GSRS); New Zealand Environmental Protection Authority (EPA)\n2.1.2 Deprecated CAS\n15951...\n  - https://creativecommons.org/licenses/by-nc/4.0/\nJojoba oil\nhttps://commonchemistry.cas.org/detail?cas_rn=61789-91-1\nChemIDplus\nLICENSE\nhttps://www.nlm.nih.gov/copyright.html\nHydrogenated jojoba oil\nhttps://pubchem.ncbi.nlm.nih.gov/substance/?source=chemidplus&sourceid=0061789911\nDrugBank\nLICENSE\nCreative Common's Attribution-NonCommercial 4.0 International License (\nhttp://creativecommons.org/licenses/by-nc/4.0/legalcode\n)\nhttps://www.drugbank.ca/legal/terms_of_use\nJojoba oil\nhttps://www.drugban...\n  - https://www.epa.govt.nz/about-this-site/general-copyright-statement/\nJojoba oil\nhttps://www.epa.govt.nz/industry-areas/hazardous-substances/guidance-for-importers-and-manufacturers/hazardous-substances-databases/\nCosmetic Ingredient Review (CIR)\nLICENSE\nhttps://cir-safety.org/terms-use\nJojoba Oil\nhttps://cir-reports.cir-safety.org/cir-ingredient-status-report/?id=27cf9e2c-4663-41e4-bb09-ec789d202b28\nSimmondsia Chinensis (Jojoba) Seed Oil\nhttps://cir-reports.cir-safety.org/cir-ingredient-status-r...\n  - https://www.nlm.nih.gov/research/umls/rxnorm/docs/termsofservice.html\njojoba wax\nhttps://rxnav.nlm.nih.gov/id/rxnorm/1309258\nCite\nDownload\nCONTENTS\nTitle and Summary\n1 Synonyms\n2 Names and Identifiers\nExpand this menu\n3 Chemical and Physical Properties\nExpand this menu\n4 Related Records\nExpand this menu\n5 Drug and Medication Information\nExpand this menu\n6 Use and Manufacturing\nExpand this menu\n7 Safety and Hazards\nExpand this menu\n8 Toxicity\nExpand this menu\n9 Information Sources\n\nBiological Interactions:\n  - Not specified\n\nToxicity & Safety:\n  - 1 Synonyms\nJojoba Oil\nRefChem:39971\n724GKU717M\nBuxus Chinensis Oil\nSimmondsia Chinensis (Jojoba) Seed Oil\nJojoba Seed Oil\nSimmondsia Californica Oil\nSimmondsia Chinensis Oil\nSorafine Cremogel\nPubChem\n2 Names and Identifiers\n2.1 Other Identifiers\n2.1.1 CAS\n61789-91-1\nAustralian Industrial Chemicals Introduction Scheme (AICIS); CAS Common Chemistry; ChemIDplus; DrugBank; FDA Global Substance Registration System (GSRS); New Zealand Environmental Protection Authority (EPA)\n2.1.2 Deprecated CAS\n15951...\n  - 6 Use and Manufacturing\n6.1 Uses\nCosmetic Ingredient Review Link\nCIR ingredient: Jojoba Oil\nJournal of the American College of Toxicology 11(1):57-74, 1992\nFinal Report 9/2008 Available from CIR\nCosmetic Ingredient Review (CIR)\nCosmetic Ingredient Review Link\nCIR ingredient: Simmondsia Chinensis (Jojoba) Seed Oil\nJournal of the American College of Toxicology 11(1):57-74, 1992\nFinal Report 9/2008 Available from CIR\nCosmetic Ingredient Review (CIR)\n7 Safety and Hazards\n7.1 Regulatory Information\nT...\n  - Ingredient, concentration, and use information are available in documents discoverable at\nhttps://cir-reports.cir-safety.org\nJournal of the American College of Toxicology 11(1):57-74, 1992\nFinal Report 9/2008 Available from CIR\nJournal of the American College of Toxicology 11(1):57-74, 1992\nFinal Report 9/2008 Available from CIR\nCosmetic Ingredient Review (CIR)\n8.1.2 Acute Effects\nChemIDplus\n9 Information Sources\nFilter by Source\nALL SOURCES\nTOXNET (ChemIDplus)\nAustralian Industrial Chemicals In...\n  - https://www.fda.gov/about-fda/about-website/website-policies#linking\nJOJOBA OIL\nhttps://gsrs.ncats.nih.gov/ginas/app/beta/substances/724GKU717M\nNew Zealand Environmental Protection Authority (EPA)\nLICENSE\nThis work is licensed under the Creative Commons Attribution-ShareAlike 4.0 International licence.\n  - https://www.epa.govt.nz/about-this-site/general-copyright-statement/\nJojoba oil\nhttps://www.epa.govt.nz/industry-areas/hazardous-substances/guidance-for-importers-and-manufacturers/hazardous-substances-databases/\nCosmetic Ingredient Review (CIR)\nLICENSE\nhttps://cir-safety.org/terms-use\nJojoba Oil\nhttps://cir-reports.cir-safety.org/cir-ingredient-status-report/?id=27cf9e2c-4663-41e4-bb09-ec789d202b28\nSimmondsia Chinensis (Jojoba) Seed Oil\nhttps://cir-reports.cir-safety.org/cir-ingredient-status-r...\n\n",
  "metadata": {
    "ingredient": "Jojoba oil",
    "CAS": "61789-91-1",
    "InChIKey": "Not specified",
    "source": "https://pubchem.ncbi.nlm.nih.gov/compound/Jojoba-Oil",
    "timestamp": "2025-12-17T13:05:19.816904+00:00",
    "type": "ingredient_information",
    "category": "cosmetics",
    "language": "fr"
  },
  "content_length": 5223,
  "timestamp": 1765992207.1220422
}