{
  "document_name": "aloe_vera.txt",
  "content": "Inf: ---\ningredient: Aloe vera\nsource: https://pubchem.ncbi.nlm.nih.gov/compound/5712222\ntimestamp: 2025-12-17 14:40:27 UTC\ntype: ingredient_information\n---\n\ncompound Summary\nAloe barbadensis extract\nPubCh\nCAS:\n  - LiverTox\n1 Structures\n1.1 2D Structure\nStructure Search\nGet Image\nDownload Coordinates\nChemical Structure Depiction\nFull screen\nZoom in\nZoom out\nPubChem\n1.2 3D Conformer\nPubChem\n2 Names and Identifiers\n2.1 Computed Descriptors\n2.1.1 IUPAC Name\n(\nE\n)-1-(4-methylphenyl)-3-(3-nitrophenyl)prop-2-en-1-one\nComputed by Lexichem TK 2.9.3 (PubChem release 2025.09.15)\nPubChem\n2.1.2 InChI\nInChI=1S/C16H13NO3/c1-12-5-8-14(9-6-12)16(18)10-7-13-3-2-4-15(11-13)17(19)20/h2-11H,1H3/b10-7+\nComputed by InChI 1.07.4...\n\nInChIKey:\n  - LiverTox\n1 Structures\n1.1 2D Structure\nStructure Search\nGet Image\nDownload Coordinates\nChemical Structure Depiction\nFull screen\nZoom in\nZoom out\nPubChem\n1.2 3D Conformer\nPubChem\n2 Names and Identifiers\n2.1 Computed Descriptors\n2.1.1 IUPAC Name\n(\nE\n)-1-(4-methylphenyl)-3-(3-nitrophenyl)prop-2-en-1-one\nComputed by Lexichem TK 2.9.3 (PubChem release 2025.09.15)\nPubChem\n2.1.2 InChI\nInChI=1S/C16H13NO3/c1-12-5-8-14(9-6-12)16(18)10-7-13-3-2-4-15(11-13)17(19)20/h2-11H,1H3/b10-7+\nComputed by InChI 1.07.4...\n\nChemical Forms:\n  - Not specified\n\nChemical Properties:\n  - ---\ningredient: Aloe vera\nsource: https://pubchem.ncbi.nlm.nih.gov/compound/5712222\ntimestamp: 2025-12-17 14:40:27 UTC\ntype: ingredient_information\n---\n\ncompound Summary\nAloe barbadensis extract\nPubChem CID\n5712222\nStructure\nPrimary Hazards\nNot Classified\nLaboratory Chemical Safety Summary (LCSS) Datasheet\nMolecular Formula\nC\n16\nH\n13\nNO\n3\nSynonyms\n85507-69-3\nExtract of aloe\nAloe vera, ext.\n  - Oral forms of aloe vera have been linked to rare instances of clinically apparent liver injury.\n  - LiverTox\n1 Structures\n1.1 2D Structure\nStructure Search\nGet Image\nDownload Coordinates\nChemical Structure Depiction\nFull screen\nZoom in\nZoom out\nPubChem\n1.2 3D Conformer\nPubChem\n2 Names and Identifiers\n2.1 Computed Descriptors\n2.1.1 IUPAC Name\n(\nE\n)-1-(4-methylphenyl)-3-(3-nitrophenyl)prop-2-en-1-one\nComputed by Lexichem TK 2.9.3 (PubChem release 2025.09.15)\nPubChem\n2.1.2 InChI\nInChI=1S/C16H13NO3/c1-12-5-8-14(9-6-12)16(18)10-7-13-3-2-4-15(11-13)17(19)20/h2-11H,1H3/b10-7+\nComputed by InChI 1.07.4...\n  - PubChem\n4.2 Related Compounds\nSame Connectivity Count\n3\nSame Parent, Connectivity Count\n3\nMixtures, Components, and Neutralized Forms Count\n7\nSimilar Compounds (2D)\nView in PubChem Search\nSimilar Conformers (3D)\nView in PubChem Search\nPubChem\n4.3 Substances\n4.3.1 PubChem Reference Collection SID\n505550691\nPubChem\n4.3.2 Related Substances\nAll Count\n71\nSame Count\n64\nMixture Count\n7\nPubChem\n4.3.3 Substances by Category\nPubChem\n5 Chemical Vendors\nPubChem\n6 Drug and Medication Information\n6.1 LiverTo...\n  - Oral forms of aloe vera have been linked to rare instances of clinically apparent liver injury.\n\nBiological Interactions:\n  - LiverTox\n10 Literature\n10.1 Consolidated References\nPubChem\n11 Patents\n11.1 Depositor-Supplied Patent Identifiers\nPubChem\nLink to all deposited patent identifiers\nPubChem\n11.2 WIPO PATENTSCOPE\nPatents are available for this chemical structure:\nhttps://patentscope.wipo.int/search/en/result.jsf?inchikey=SGCDUQWVNMXCOR-JXMROGBWSA-N\nPATENTSCOPE (WIPO)\n12 Biological Test Results\n12.1 BioAssay Results\nPubChem\n13 Classification\n13.1 EPA Safer Choice\nEPA Safer Choice\n13.2 Household Products Database Tre...\n\nToxicity & Safety:\n  - ---\ningredient: Aloe vera\nsource: https://pubchem.ncbi.nlm.nih.gov/compound/5712222\ntimestamp: 2025-12-17 14:40:27 UTC\ntype: ingredient_information\n---\n\ncompound Summary\nAloe barbadensis extract\nPubChem CID\n5712222\nStructure\nPrimary Hazards\nNot Classified\nLaboratory Chemical Safety Summary (LCSS) Datasheet\nMolecular Formula\nC\n16\nH\n13\nNO\n3\nSynonyms\n85507-69-3\nExtract of aloe\nAloe vera, ext.\n  - LiverTox\n1 Structures\n1.1 2D Structure\nStructure Search\nGet Image\nDownload Coordinates\nChemical Structure Depiction\nFull screen\nZoom in\nZoom out\nPubChem\n1.2 3D Conformer\nPubChem\n2 Names and Identifiers\n2.1 Computed Descriptors\n2.1.1 IUPAC Name\n(\nE\n)-1-(4-methylphenyl)-3-(3-nitrophenyl)prop-2-en-1-one\nComputed by Lexichem TK 2.9.3 (PubChem release 2025.09.15)\nPubChem\n2.1.2 InChI\nInChI=1S/C16H13NO3/c1-12-5-8-14(9-6-12)16(18)10-7-13-3-2-4-15(11-13)17(19)20/h2-11H,1H3/b10-7+\nComputed by InChI 1.07.4...\n  - LiverTox\n6.2 Drug Classes\nHerbal and Dietary Supplements\nLiverTox\n6.3 Clinical Trials\n6.3.1 ClinicalTrials.gov\nClinicalTrials.gov\n7 Use and Manufacturing\n7.1 Uses\n7.1.1 Use Classification\nEPA Safer Chemical Functional Use Classes -> Uncategorized\nEPA Safer Choice\nSafer Chemical Classes ->\nGreen circle - The chemical has been verified to be of low concern\nEPA Safer Choice\nCosmetics -> Emollient\nS13 | EUCOSMETICS | Combined Inventory of Ingredients Employed in Cosmetic Products (2000) and Revised...\n  - GHS Hazard Statements\nNot Classified\nReported as not meeting GHS hazard criteria by 371 of 412 companies (only 10% companies provided GHS information).\n  - ECHA C&L Notifications Summary\nAggregated GHS information provided per 412 reports by companies from 3 notifications to the ECHA C&L Inventory.\n\n",
  "metadata": {
    "ingredient": "Aloe vera",
    "CAS": "7-13-3",
    "InChIKey": "SGCDUQWVNMXCOR-JXMROGBWSA-N",
    "source": "https://pubchem.ncbi.nlm.nih.gov/compound/5712222",
    "timestamp": "2025-12-17T14:40:27.361735+00:00",
    "type": "ingredient_information",
    "category": "cosmetics",
    "language": "fr"
  },
  "content_length": 5179,
  "timestamp": 1765992207.107042
}