{
  "document_name": "ultramarines.txt",
  "content": "Inf: ---\ningredient: Ultramarines\nsource: https://pubchem.ncbi.nlm.nih.gov/compound/91667813\ntimestamp: 2025-12-17 14:54:10 UTC\ntype: ingredient_information\n---\n\ncompound Summary\nCI 77007\nPubChem CID\n91667\nCAS:\n  - (S4))\nCID 14942 (Orthosilicic acid)\nCID 5359268 (Aluminum)\nCID 5360545 (Sodium)\nDates\nCreate:\n2015-04-16\nModify:\n2025-12-13\n1 Structures\n1.1 2D Structure\nStructure Search\nGet Image\nDownload Coordinates\nChemical Structure Depiction\nFull screen\nZoom in\nZoom out\nPubChem\n1.2 3D Status\nConformer generation is disallowed since MMFF94s unsupported element, mixture or salt\nPubChem\n2 Names and Identifiers\n2.1 Computed Descriptors\n2.1.1 IUPAC Name\nhexaaluminum;hexasodium;bis(tetrathietane);hexasilicate\nCo...\n\nInChIKey:\n  - (S4))\nCID 14942 (Orthosilicic acid)\nCID 5359268 (Aluminum)\nCID 5360545 (Sodium)\nDates\nCreate:\n2015-04-16\nModify:\n2025-12-13\n1 Structures\n1.1 2D Structure\nStructure Search\nGet Image\nDownload Coordinates\nChemical Structure Depiction\nFull screen\nZoom in\nZoom out\nPubChem\n1.2 3D Status\nConformer generation is disallowed since MMFF94s unsupported element, mixture or salt\nPubChem\n2 Names and Identifiers\n2.1 Computed Descriptors\n2.1.1 IUPAC Name\nhexaaluminum;hexasodium;bis(tetrathietane);hexasilicate\nCo...\n\nChemical Forms:\n  - Not specified\n\nChemical Properties:\n  - ---\ningredient: Ultramarines\nsource: https://pubchem.ncbi.nlm.nih.gov/compound/91667813\ntimestamp: 2025-12-17 14:54:10 UTC\ntype: ingredient_information\n---\n\ncompound Summary\nCI 77007\nPubChem CID\n91667813\nStructure\nPrimary Hazards\nNot Classified\nLaboratory Chemical Safety Summary (LCSS) Datasheet\nMolecular Formula\nAl\n6\nNa\n6\nO\n24\nS\n8\nSi\n6\nSynonyms\nUltramarine violet\nSodium aluminosilicate Violet\nUltramarine pink\n12769-96-9\nUltramarine red\nView More...\n  - (S4))\nCID 14942 (Orthosilicic acid)\nCID 5359268 (Aluminum)\nCID 5360545 (Sodium)\nDates\nCreate:\n2015-04-16\nModify:\n2025-12-13\n1 Structures\n1.1 2D Structure\nStructure Search\nGet Image\nDownload Coordinates\nChemical Structure Depiction\nFull screen\nZoom in\nZoom out\nPubChem\n1.2 3D Status\nConformer generation is disallowed since MMFF94s unsupported element, mixture or salt\nPubChem\n2 Names and Identifiers\n2.1 Computed Descriptors\n2.1.1 IUPAC Name\nhexaaluminum;hexasodium;bis(tetrathietane);hexasilicate\nCo...\n  - (S4))\nCID 14942 (Orthosilicic acid)\nCID 5359268 (Aluminum)\nCID 5360545 (Sodium)\nPubChem\n4.3 Related Compounds\nMixtures, Components, and Neutralized Forms Count\n4\nSimilar Compounds (2D)\nView in PubChem Search\nSimilar Conformers (3D)\nView in PubChem Search\nPubChem\n4.4 Substances\n4.4.1 PubChem Reference Collection SID\n505572818\nPubChem\n4.4.2 Related Substances\nSame Count\n23\nPubChem\n4.4.3 Substances by Category\nPubChem\n5 Chemical Vendors\nPubChem\n6 Food Additives and Ingredients\n6.1 FDA Food Contact...\n  - Color additive regulations in 21 eCFR\n73.2725\nFDA Regulatory Status of Color Additives\n2 of 3 items\nColor Additive\nUltramarine Red\nUse\nCosmetics\nRestrictions\nExternally applied cosmetics including eye area use.\n  - Color additive regulations in 21 eCFR\n73.2725\nFDA Regulatory Status of Color Additives\n3 of 3 items\nColor Additive\nUltramarine Violet\nUse\nCosmetics\nRestrictions\nExternally applied cosmetics including eye area use.\n\nBiological Interactions:\n  - Not specified\n\nToxicity & Safety:\n  - ---\ningredient: Ultramarines\nsource: https://pubchem.ncbi.nlm.nih.gov/compound/91667813\ntimestamp: 2025-12-17 14:54:10 UTC\ntype: ingredient_information\n---\n\ncompound Summary\nCI 77007\nPubChem CID\n91667813\nStructure\nPrimary Hazards\nNot Classified\nLaboratory Chemical Safety Summary (LCSS) Datasheet\nMolecular Formula\nAl\n6\nNa\n6\nO\n24\nS\n8\nSi\n6\nSynonyms\nUltramarine violet\nSodium aluminosilicate Violet\nUltramarine pink\n12769-96-9\nUltramarine red\nView More...\n  - (S4))\nCID 14942 (Orthosilicic acid)\nCID 5359268 (Aluminum)\nCID 5360545 (Sodium)\nDates\nCreate:\n2015-04-16\nModify:\n2025-12-13\n1 Structures\n1.1 2D Structure\nStructure Search\nGet Image\nDownload Coordinates\nChemical Structure Depiction\nFull screen\nZoom in\nZoom out\nPubChem\n1.2 3D Status\nConformer generation is disallowed since MMFF94s unsupported element, mixture or salt\nPubChem\n2 Names and Identifiers\n2.1 Computed Descriptors\n2.1.1 IUPAC Name\nhexaaluminum;hexasodium;bis(tetrathietane);hexasilicate\nCo...\n  - Color additive regulations in 21 eCFR\n73.2725\nFDA Regulatory Status of Color Additives\n7 Use and Manufacturing\n7.1 Uses\n7.1.1 Use Classification\nCosmetics -> Cosmetic colorant; Hair dyeing\nS13 | EUCOSMETICS | Combined Inventory of Ingredients Employed in Cosmetic Products (2000) and Revised Inventory (2006) |\nDOI:10.5281/zenodo.2624118\nNORMAN Suspect List Exchange\n7.1.2 Industry Uses\nPigment\nhttps://www.epa.gov/chemical-data-reporting\nEPA Chemical Data Reporting (CDR)\n7.1.3 Household Products\nHo...\n  - Production\nAggregated Product Volume\n2019: 432,628 lb\n2018: 443,830 lb\n2017: 388,590 lb\n2016: 202,053 lb\nhttps://www.epa.gov/chemical-data-reporting\nEPA Chemical Data Reporting (CDR)\n7.3 General Manufacturing Information\nIndustry Processing Sectors\nSynthetic Dye and Pigment Manufacturing\nRubber Product Manufacturing\nEPA Chemical Data Reporting (CDR)\nEPA TSCA Commercial Activity Status\nC.I.\n  - Pigment Violet 15: ACTIVE\nEPA Chemicals under the TSCA\n8 Safety and Hazards\n8.1 Hazards Identification\n8.1.1 GHS Classification\nNote\nThis chemical does not meet GHS hazard criteria for 100% (265 of 265) of all reports.\n\n",
  "metadata": {
    "ingredient": "Ultramarines",
    "CAS": "12769-96-9",
    "InChIKey": "Not specified",
    "source": "https://pubchem.ncbi.nlm.nih.gov/compound/91667813",
    "timestamp": "2025-12-17T14:54:10.631714+00:00",
    "type": "ingredient_information",
    "category": "cosmetics",
    "language": "fr"
  },
  "content_length": 5360,
  "timestamp": 1765992207.1320422
}