{
  "document_name": "polyvinyl_pyrrolidone.txt",
  "content": "Inf: ---\ningredient: Polyvinyl pyrrolidone\nsource: https://pubchem.ncbi.nlm.nih.gov/compound/Polyvinyl-pyrrolidone\ntimestamp: 2025-12-17 14:35:27 UTC\ntype: ingredient_information\n---\n\nCompound Summary\nPoly\nCAS:\n  - 1 Synonyms\nPolyvinyl pyrrolidone\nRefChem:867224\nPubChem\n2 Names and Identifiers\n2.1 Other Identifiers\n2.1.1 CAS\n977043-97-2\nChemIDplus\n3 Related Records\n3.1 Substances\n3.1.1 PubChem Reference Collection SID\n505863149\nPubChem\n4 Toxicity\n4.1 Toxicological Information\n4.1.1 Carcinogen Classification\nIARC Carcinogenic Agent\nPolyvinyl pyrrolidone\nIARC Carcinogenic Classes\nGroup 3: Not classifiable as to its carcinogenicity to humans\nIARC Monographs\nVolume 19\n: (1979) Some Monomers, Plastics and Synth...\n\nInChIKey:\n  - Not specified\n\nChemical Forms:\n  - 1 Synonyms\nPolyvinyl pyrrolidone\nRefChem:867224\nPubChem\n2 Names and Identifiers\n2.1 Other Identifiers\n2.1.1 CAS\n977043-97-2\nChemIDplus\n3 Related Records\n3.1 Substances\n3.1.1 PubChem Reference Collection SID\n505863149\nPubChem\n4 Toxicity\n4.1 Toxicological Information\n4.1.1 Carcinogen Classification\nIARC Carcinogenic Agent\nPolyvinyl pyrrolidone\nIARC Carcinogenic Classes\nGroup 3: Not classifiable as to its carcinogenicity to humans\nIARC Monographs\nVolume 19\n: (1979) Some Monomers, Plastics and Synth...\n\nChemical Properties:\n  - 1 Synonyms\nPolyvinyl pyrrolidone\nRefChem:867224\nPubChem\n2 Names and Identifiers\n2.1 Other Identifiers\n2.1.1 CAS\n977043-97-2\nChemIDplus\n3 Related Records\n3.1 Substances\n3.1.1 PubChem Reference Collection SID\n505863149\nPubChem\n4 Toxicity\n4.1 Toxicological Information\n4.1.1 Carcinogen Classification\nIARC Carcinogenic Agent\nPolyvinyl pyrrolidone\nIARC Carcinogenic Classes\nGroup 3: Not classifiable as to its carcinogenicity to humans\nIARC Monographs\nVolume 19\n: (1979) Some Monomers, Plastics and Synth...\n  - https://publications.iarc.fr/Terms-Of-Use\nPolyvinyl pyrrolidone\nhttps://monographs.iarc.who.int/list-of-classifications\nCite\nDownload\nCONTENTS\nTitle and Summary\n1 Synonyms\n2 Names and Identifiers\nExpand this menu\n3 Related Records\nExpand this menu\n4 Toxicity\nExpand this menu\n5 Information Sources\n\nBiological Interactions:\n  - Not specified\n\nToxicity & Safety:\n  - 1 Synonyms\nPolyvinyl pyrrolidone\nRefChem:867224\nPubChem\n2 Names and Identifiers\n2.1 Other Identifiers\n2.1.1 CAS\n977043-97-2\nChemIDplus\n3 Related Records\n3.1 Substances\n3.1.1 PubChem Reference Collection SID\n505863149\nPubChem\n4 Toxicity\n4.1 Toxicological Information\n4.1.1 Carcinogen Classification\nIARC Carcinogenic Agent\nPolyvinyl pyrrolidone\nIARC Carcinogenic Classes\nGroup 3: Not classifiable as to its carcinogenicity to humans\nIARC Monographs\nVolume 19\n: (1979) Some Monomers, Plastics and Synth...\n  - https://publications.iarc.fr/Terms-Of-Use\nPolyvinyl pyrrolidone\nhttps://monographs.iarc.who.int/list-of-classifications\nCite\nDownload\nCONTENTS\nTitle and Summary\n1 Synonyms\n2 Names and Identifiers\nExpand this menu\n3 Related Records\nExpand this menu\n4 Toxicity\nExpand this menu\n5 Information Sources\n\n",
  "metadata": {
    "ingredient": "Polyvinyl pyrrolidone",
    "CAS": "977043-97-2",
    "InChIKey": "Not specified",
    "source": "https://pubchem.ncbi.nlm.nih.gov/compound/Polyvinyl-pyrrolidone",
    "timestamp": "2025-12-17T14:35:27.328822+00:00",
    "type": "ingredient_information",
    "category": "cosmetics",
    "language": "fr"
  },
  "content_length": 2980,
  "timestamp": 1765992207.1260421
}