{
  "document_name": "bha.txt",
  "content": "Inf: ---\ningredient: BHA\nsource: https://pubchem.ncbi.nlm.nih.gov/compound/Baumhauerite\ntimestamp: 2025-12-17 14:48:27 UTC\ntype: ingredient_information\n---\n\nCompound Summary\nBaumhauerite\nPubChem Reference \nCAS:\n  - Not specified\n\nInChIKey:\n  - Not specified\n\nChemical Forms:\n  - Not specified\n\nChemical Properties:\n  - Description\nBaumhauerite is a mineral with formula of Pb\n2+\n12\nAs\n3+\n16\nS\n2-\n36\nor Pb\n12\nAs\n16\nS\n36\n.\n  - RRUFF Project\n1 Synonyms\nBaumhauerite\nBha\nRefChem:946\nPubChem\n2 Names and Identifiers\n2.1 Other Identifiers\n2.1.1 Wikipedia\nBaumhauerite\nWikipedia\n3 Spectral Information\n3.1 Raman Spectra\n1 of 2 items\nType\nRaman Spectrum\nMineral\nBaumhauerite\nRRUFF ID\nR050429\nSample\nOriented\nRaman Data\nProcessed\nWave Length\n780 nm\nThumbnail\nRRUFF Project\n2 of 2 items\nType\nBroad Scan with Spectral Artifacts\nMineral\nBaumhauerite\nRRUFF ID\nR050429\nSample\nUnoriented\nRaman Data\nProcessed\nWave Length\n532 nm\nThumbnail\nRR...\n  - Structure de la baumhauerite,Acta Crystallographica,1961,14,1210-1211.\n  - To view a copy of this license, visit\nhttp://creativecommons.org/licenses/by-sa/3.0/\nhttp://cnmnc.units.it/\nBaumhauerite\nhttps://cnmnc.units.it/\nHandbook of Mineralogy\nbaumhauerite\nhttp://www.handbookofmineralogy.org/pdfs/baumhauerite.pdf\nRRUFF Project\nBaumhauerite\nhttps://www.rruff.net/Baumhauerite\nBaumhauerite\nhttps://www.rruff.net/R050429\nWikipedia\nBaumhauerite\nhttps://en.wikipedia.org/wiki/Baumhauerite\nCite\nDownload\nCONTENTS\nTitle and Summary\n1 Synonyms\n2 Names and Identifiers\nExpand this me...\n\nBiological Interactions:\n  - Not specified\n\nToxicity & Safety:\n  - Not specified\n\n",
  "metadata": {
    "ingredient": "BHA",
    "CAS": "Not specified",
    "InChIKey": "Not specified",
    "source": "https://pubchem.ncbi.nlm.nih.gov/compound/Baumhauerite",
    "timestamp": "2025-12-17T14:48:27.183533+00:00",
    "type": "ingredient_information",
    "category": "cosmetics",
    "language": "fr"
  },
  "content_length": 1595,
  "timestamp": 1765992207.1090422
}