{
  "document_name": "cocoa_butter.txt",
  "content": "Inf: ---\ningredient: Cocoa Butter\nsource: https://pubchem.ncbi.nlm.nih.gov/compound/Cocoa-Butter\ntimestamp: 2025-12-17 14:51:14 UTC\ntype: ingredient_information\n---\n\nCompound Summary\nCocoa Butter\nPubChem R\nCAS:\n  - DrugBank\npredominantly saturated fat; RN given refers to parent cpd\nMedical Subject Headings (MeSH)\n1 Synonyms\nCocoa Butter\n512OYT1CRR\n616-793-7\nCacao Butter\nCacao seed oil, fermented\nDTXSID40891979\nDermatitica\nDermatitica Synergy\nDermatitica Synergy for treatment of Dermatitis\nOil, cocoa butter\nOil,cocoa butter\nRefChem:14112\nSKIN TIGHTEN Cream\nStretch Marks Remover\nStretch Marks Remover Stretch Marks Remover\nTerrasil Fissures Formula\nTheobroma Cacao (Cocoa) Seed Butter\nTheobroma cacao oil\nTheob...\n\nInChIKey:\n  - Not specified\n\nChemical Forms:\n  - Not specified\n\nChemical Properties:\n  - Cocoa butter is included in chocolate and other food products, and can also be found in over-the-counter skin products such as lotions, creams, and bars intended to maintain skin softness.\n  - Dyslipidemia is characterized by elevated levels of plasma triglyceride and very-low-density lipoprotein (VLDL) cholesterol due to overproduction of large triglyceride-enriched VLDL cholesterol particles.\n  - DrugBank\npredominantly saturated fat; RN given refers to parent cpd\nMedical Subject Headings (MeSH)\n1 Synonyms\nCocoa Butter\n512OYT1CRR\n616-793-7\nCacao Butter\nCacao seed oil, fermented\nDTXSID40891979\nDermatitica\nDermatitica Synergy\nDermatitica Synergy for treatment of Dermatitis\nOil, cocoa butter\nOil,cocoa butter\nRefChem:14112\nSKIN TIGHTEN Cream\nStretch Marks Remover\nStretch Marks Remover Stretch Marks Remover\nTerrasil Fissures Formula\nTheobroma Cacao (Cocoa) Seed Butter\nTheobroma cacao oil\nTheob...\n  - DrugBank\n11 Literature\n11.1 Consolidated References\nPubChem\n11.2 NLM Curated PubMed Citations\nMedical Subject Headings (MeSH)\n12 Information Sources\nFilter by Source\nALL SOURCES\nTOXNET (ChemIDplus)\nAustralian Industrial Chemicals Introduction Scheme (AICIS)\nCAS Common Chemistry\nChemIDplus\nConsumer Product Information Database (CPID)\nCosmetic Ingredient Review (CIR)\nDailyMed\nDrugBank\nEPA Chemicals under the TSCA\nEPA DSSTox\nEPA Safer Choice\nEuropean Chemicals Agency (ECHA)\nFDA Global Substance Reg...\n  - https://creativecommons.org/licenses/by-nc/4.0/\nCocoa butter\nhttps://commonchemistry.cas.org/detail?cas_rn=8002-31-1\nChemIDplus\nLICENSE\nhttps://www.nlm.nih.gov/copyright.html\nCocoa butter [NF]\nhttps://pubchem.ncbi.nlm.nih.gov/substance/?source=chemidplus&sourceid=0008002311\nDrugBank\nLICENSE\nCreative Common's Attribution-NonCommercial 4.0 International License (\nhttp://creativecommons.org/licenses/by-nc/4.0/legalcode\n)\nhttps://www.drugbank.ca/legal/terms_of_use\nCocoa butter\nhttps://www.drugbank.c...\n\nBiological Interactions:\n  - Dyslipidemia is characterized by elevated levels of plasma triglyceride and very-low-density lipoprotein (VLDL) cholesterol due to overproduction of large triglyceride-enriched VLDL cholesterol particles.\n  - Although it is a saturated fatty acid known to elevate plasma lipids and lipoproteins, stearic acid from plant sources differs from animal-derived sources of stearic acid.\n  - 3):51-129, 2017\nCosmetic Ingredient Review (CIR)\n10.1.2 Protein Binding\nNo pharmacokinetic data available.\n\nToxicity & Safety:\n  - Primary Hazards\nPrimary Hazards\nLaboratory Chemical Safety Summary (LCSS) Datasheet\nDescription\nCocoa butter is an edible natural fat obtained from the\nTheobroma cocoa\nseeds that is predominantly found in dark chocolate.\n  - DrugBank\npredominantly saturated fat; RN given refers to parent cpd\nMedical Subject Headings (MeSH)\n1 Synonyms\nCocoa Butter\n512OYT1CRR\n616-793-7\nCacao Butter\nCacao seed oil, fermented\nDTXSID40891979\nDermatitica\nDermatitica Synergy\nDermatitica Synergy for treatment of Dermatitis\nOil, cocoa butter\nOil,cocoa butter\nRefChem:14112\nSKIN TIGHTEN Cream\nStretch Marks Remover\nStretch Marks Remover Stretch Marks Remover\nTerrasil Fissures Formula\nTheobroma Cacao (Cocoa) Seed Butter\nTheobroma cacao oil\nTheob...\n  - 3):51-129, 2017\nCosmetic Ingredient Review (CIR)\n4.1.2 Fragrances\nFragrance Ingredient (Cacao absolute) -> IFRA transparency List\nInternational Fragrance Association (IFRA)\nFragrance Ingredient (Cacao distillate) -> IFRA transparency List\nInternational Fragrance Association (IFRA)\nFragrance Ingredient (Cacao infusion and tincture) -> IFRA transparency List\nInternational Fragrance Association (IFRA)\nFragrance Ingredient (Cacao oil, fixed) -> IFRA transparency List\nInternational Fragrance Associat...\n  - Possible explanations for this unique property may include chain length, inefficient absorption, metabolism kinetics, and hepatic desaturation of stearic into oleic acid.\n  - DrugBank\n8 Use and Manufacturing\n8.1 Uses\nCosmetic Ingredient Review Link\nCIR ingredient: Theobroma Cacao (Cocoa) Seed Butter\nInternational Journal of Toxicology 36(Suppl.\n\n",
  "metadata": {
    "ingredient": "Cocoa Butter",
    "CAS": "8002-31-1",
    "InChIKey": "Not specified",
    "source": "https://pubchem.ncbi.nlm.nih.gov/compound/Cocoa-Butter",
    "timestamp": "2025-12-17T14:51:14.510974+00:00",
    "type": "ingredient_information",
    "category": "cosmetics",
    "language": "fr"
  },
  "content_length": 4866,
  "timestamp": 1765992207.113042
}