{
  "document_name": "polymer.txt",
  "content": "Inf: ---\ningredient: Polymer\nsource: https://pubchem.ncbi.nlm.nih.gov/compound/Polymers\ntimestamp: 2025-12-17 14:30:24 UTC\ntype: ingredient_information\n---\n\nCompound Summary\nPolymers\nPubChem Reference Coll\nCAS:\n  - Medical Subject Headings (MeSH)\n1 Synonyms\nPolymers\n629-892-5\nCHEBI:60027\nKunststoff\nPOLYMER SUBSTANCE\nPolymer\nPolymeric\nPolymeric Macromolecules\nRefChem:389232\nPubChem\n2 MeSH Entry Terms\nPolymers\nMedical Subject Headings (MeSH)\n3 Names and Identifiers\n3.1 Other Identifiers\n3.1.1 CAS\n1226999-07-0\nEuropean Chemicals Agency (ECHA)\n3.1.2 European Community (EC) Number\n629-892-5\nEuropean Chemicals Agency (ECHA)\n3.1.3 NCI Thesaurus Code\nC48803\nNCI Thesaurus (NCIt)\n4 Related Records\n4.1 Substances\n4.1...\n\nInChIKey:\n  - Not specified\n\nChemical Forms:\n  - ---\ningredient: Polymer\nsource: https://pubchem.ncbi.nlm.nih.gov/compound/Polymers\ntimestamp: 2025-12-17 14:30:24 UTC\ntype: ingredient_information\n---\n\nCompound Summary\nPolymers\nPubChem Reference Collection SID\n504687673\nPubChem CID\nNot available and might not be a discrete structure.\n  - Primary Hazards\nLaboratory Chemical Safety Summary (LCSS) Datasheet\nDescription\nPolymer is a substance made up of variable numbers of repeating structural units linked through covalent bonds.\n  - These compounds often form large macromolecules (e.g., BIOPOLYMERS; PLASTICS).\n  - Medical Subject Headings (MeSH)\n1 Synonyms\nPolymers\n629-892-5\nCHEBI:60027\nKunststoff\nPOLYMER SUBSTANCE\nPolymer\nPolymeric\nPolymeric Macromolecules\nRefChem:389232\nPubChem\n2 MeSH Entry Terms\nPolymers\nMedical Subject Headings (MeSH)\n3 Names and Identifiers\n3.1 Other Identifiers\n3.1.1 CAS\n1226999-07-0\nEuropean Chemicals Agency (ECHA)\n3.1.2 European Community (EC) Number\n629-892-5\nEuropean Chemicals Agency (ECHA)\n3.1.3 NCI Thesaurus Code\nC48803\nNCI Thesaurus (NCIt)\n4 Related Records\n4.1 Substances\n4.1...\n  - https://echa.europa.eu/web/guest/legal-notice\npolymer (EC: 629-892-5)\nhttps://echa.europa.eu/information-on-chemicals/cl-inventory-database/-/discli/details/162896\nPolymer\nhttps://echa.europa.eu/information-on-chemicals/cl-inventory-database/-/discli/details/254628\nPolymer\nhttps://echa.europa.eu/information-on-chemicals/cl-inventory-database/-/discli/details/256734\nPolymer\nhttps://echa.europa.eu/information-on-chemicals/cl-inventory-database/-/discli/details/303910\nPolymer\nhttps://echa.europa.eu...\n\nChemical Properties:\n  - Medical Subject Headings (MeSH)\n1 Synonyms\nPolymers\n629-892-5\nCHEBI:60027\nKunststoff\nPOLYMER SUBSTANCE\nPolymer\nPolymeric\nPolymeric Macromolecules\nRefChem:389232\nPubChem\n2 MeSH Entry Terms\nPolymers\nMedical Subject Headings (MeSH)\n3 Names and Identifiers\n3.1 Other Identifiers\n3.1.1 CAS\n1226999-07-0\nEuropean Chemicals Agency (ECHA)\n3.1.2 European Community (EC) Number\n629-892-5\nEuropean Chemicals Agency (ECHA)\n3.1.3 NCI Thesaurus Code\nC48803\nNCI Thesaurus (NCIt)\n4 Related Records\n4.1 Substances\n4.1...\n  - 6 Literature\n6.1 NLM Curated PubMed Citations\nMedical Subject Headings (MeSH)\n7 Information Sources\nFilter by Source\nALL SOURCES\nEuropean Chemicals Agency (ECHA)\nMedical Subject Headings (MeSH)\nNCI Thesaurus (NCIt)\nPubChem\nPubChem\nhttps://pubchem.ncbi.nlm.nih.gov\nEuropean Chemicals Agency (ECHA)\nLICENSE\nUse of the information, documents and data from the ECHA website is subject to the terms and conditions of this Legal Notice, and subject to other binding limitations provided for under applicabl...\n  - https://www.nlm.nih.gov/copyright.html\nPolymers\nhttps://id.nlm.nih.gov/mesh/M0017208.html\nhttps://www.nlm.nih.gov/mesh/meshhome.html\nCite\nDownload\nCONTENTS\nTitle and Summary\n1 Synonyms\n2 MeSH Entry Terms\n3 Names and Identifiers\nExpand this menu\n4 Related Records\nExpand this menu\n5 Safety and Hazards\nExpand this menu\n6 Literature\nExpand this menu\n7 Information Sources\n\nBiological Interactions:\n  - Not specified\n\nToxicity & Safety:\n  - Primary Hazards\nLaboratory Chemical Safety Summary (LCSS) Datasheet\nDescription\nPolymer is a substance made up of variable numbers of repeating structural units linked through covalent bonds.\n  - Medical Subject Headings (MeSH)\n1 Synonyms\nPolymers\n629-892-5\nCHEBI:60027\nKunststoff\nPOLYMER SUBSTANCE\nPolymer\nPolymeric\nPolymeric Macromolecules\nRefChem:389232\nPubChem\n2 MeSH Entry Terms\nPolymers\nMedical Subject Headings (MeSH)\n3 Names and Identifiers\n3.1 Other Identifiers\n3.1.1 CAS\n1226999-07-0\nEuropean Chemicals Agency (ECHA)\n3.1.2 European Community (EC) Number\n629-892-5\nEuropean Chemicals Agency (ECHA)\n3.1.3 NCI Thesaurus Code\nC48803\nNCI Thesaurus (NCIt)\n4 Related Records\n4.1 Substances\n4.1...\n  - European Chemicals Agency (ECHA)\n5.1.2 Hazard Classes and Categories\nAcute Tox.\n  - https://www.nlm.nih.gov/copyright.html\nPolymers\nhttps://id.nlm.nih.gov/mesh/M0017208.html\nhttps://www.nlm.nih.gov/mesh/meshhome.html\nCite\nDownload\nCONTENTS\nTitle and Summary\n1 Synonyms\n2 MeSH Entry Terms\n3 Names and Identifiers\nExpand this menu\n4 Related Records\nExpand this menu\n5 Safety and Hazards\nExpand this menu\n6 Literature\nExpand this menu\n7 Information Sources\n\n",
  "metadata": {
    "ingredient": "Polymer",
    "CAS": "1226999-07-0",
    "InChIKey": "Not specified",
    "source": "https://pubchem.ncbi.nlm.nih.gov/compound/Polymers",
    "timestamp": "2025-12-17T14:30:24.723257+00:00",
    "type": "ingredient_information",
    "category": "cosmetics",
    "language": "fr"
  },
  "content_length": 4989,
  "timestamp": 1765992207.1260421
}