{
  "document_name": "carmine_red_7.txt",
  "content": "Inf: ---\ningredient: Carmine Red 7\nsource: https://pubchem.ncbi.nlm.nih.gov/compound/102004931\ntimestamp: 2025-12-17 13:21:37 UTC\ntype: ingredient_information\n---\n\ncompound Summary\nB Rose Liquid; CC 1000WS\nCAS:\n  - Not specified\n\nInChIKey:\n  - 75470) (Technical Grade)\nCalcium-aluminium lacquer of carminic acid\nFS-6914\nMolecular Weight\n554.4 g/mol\nComputed by PubChem 2.1 (PubChem release 2021.05.07)\nParent Compound\nCID 10255083 (Carminic Acid)\nComponent Compounds\nCID 10255083 (Carminic Acid)\nCID 5359268 (Aluminum)\nCID 5460341 (Calcium)\nDates\nCreate:\n2015-12-22\nModify:\n2025-12-13\n1 Structures\n1.1 2D Structure\nStructure Search\nGet Image\nDownload Coordinates\nChemical Structure Depiction\nFull screen\nZoom in\nZoom out\nPubChem\n1.2 3D Conforme...\n\nChemical Forms:\n  - Not specified\n\nChemical Properties:\n  - ---\ningredient: Carmine Red 7\nsource: https://pubchem.ncbi.nlm.nih.gov/compound/102004931\ntimestamp: 2025-12-17 13:21:37 UTC\ntype: ingredient_information\n---\n\ncompound Summary\nB Rose Liquid; CC 1000WS; Carmine red\nPubChem CID\n102004931\nStructure\nMolecular Formula\nC\n22\nH\n15\nAlCaO\n13\nSynonyms\nB Rose Liquid; CC 1000WS; Carmine red\nCarmine (C.I.\n  - 75470) (Technical Grade)\nCalcium-aluminium lacquer of carminic acid\nFS-6914\nMolecular Weight\n554.4 g/mol\nComputed by PubChem 2.1 (PubChem release 2021.05.07)\nParent Compound\nCID 10255083 (Carminic Acid)\nComponent Compounds\nCID 10255083 (Carminic Acid)\nCID 5359268 (Aluminum)\nCID 5460341 (Calcium)\nDates\nCreate:\n2015-12-22\nModify:\n2025-12-13\n1 Structures\n1.1 2D Structure\nStructure Search\nGet Image\nDownload Coordinates\nChemical Structure Depiction\nFull screen\nZoom in\nZoom out\nPubChem\n1.2 3D Conforme...\n  - PubChem\n5.2 Parent Compound\nCID 10255083 (Carminic Acid)\nPubChem\n5.3 Component Compounds\nCID 10255083 (Carminic Acid)\nCID 5359268 (Aluminum)\nCID 5460341 (Calcium)\nPubChem\n5.4 Related Compounds\nSame Connectivity Count\n2\nSame Parent, Connectivity Count\n82\nSame Parent, Exact Count\n14\nMixtures, Components, and Neutralized Forms Count\n3\nSimilar Compounds (2D)\nView in PubChem Search\nSimilar Conformers (3D)\nView in PubChem Search\nPubChem\n5.5 Substances\n5.5.1 Related Substances\nSame Count\n11\nPubChem\n5.5...\n\nBiological Interactions:\n  - Not specified\n\nToxicity & Safety:\n  - Not specified\n\n",
  "metadata": {
    "ingredient": "Carmine Red 7",
    "CAS": "Not specified",
    "InChIKey": "Not specified",
    "source": "https://pubchem.ncbi.nlm.nih.gov/compound/102004931",
    "timestamp": "2025-12-17T13:21:37.940095+00:00",
    "type": "ingredient_information",
    "category": "cosmetics",
    "language": "fr"
  },
  "content_length": 2252,
  "timestamp": 1765992207.111042
}