{
  "document_name": "red_17_lake.txt",
  "content": "Inf: ---\ningredient: Red 17 lake\nsource: https://pubchem.ncbi.nlm.nih.gov/compound/171390238\ntimestamp: 2025-12-17 14:09:27 UTC\ntype: ingredient_information\n---\n\ncompound Summary\nC.I. Food Red 17:1\nPubChem\nCAS:\n  - Molecular Weight\n476.4 g/mol\nComputed by PubChem 2.2 (PubChem release 2025.09.15)\nParent Compound\nCID 33259 (6-Hydroxy-5-[2-(2-methoxy-5-methyl-4-sulfophenyl)diazenyl]-2-naphthalenesulfonic acid)\nComponent Compounds\nCID 33259 (6-Hydroxy-5-[2-(2-methoxy-5-methyl-4-sulfophenyl)diazenyl]-2-naphthalenesulfonic acid)\nCID 5359268 (Aluminum)\nDates\nCreate:\n2024-05-22\nModify:\n2025-12-13\n1 Structures\n1.1 2D Structure\nStructure Search\nGet Image\nDownload Coordinates\nChemical Structure Depiction\nFull screen...\n\nInChIKey:\n  - Molecular Weight\n476.4 g/mol\nComputed by PubChem 2.2 (PubChem release 2025.09.15)\nParent Compound\nCID 33259 (6-Hydroxy-5-[2-(2-methoxy-5-methyl-4-sulfophenyl)diazenyl]-2-naphthalenesulfonic acid)\nComponent Compounds\nCID 33259 (6-Hydroxy-5-[2-(2-methoxy-5-methyl-4-sulfophenyl)diazenyl]-2-naphthalenesulfonic acid)\nCID 5359268 (Aluminum)\nDates\nCreate:\n2024-05-22\nModify:\n2025-12-13\n1 Structures\n1.1 2D Structure\nStructure Search\nGet Image\nDownload Coordinates\nChemical Structure Depiction\nFull screen...\n\nChemical Forms:\n  - Not specified\n\nChemical Properties:\n  - Food Red 17:1\nPubChem CID\n171390238\nStructure\nPrimary Hazards\nNot Classified\nLaboratory Chemical Safety Summary (LCSS) Datasheet\nMolecular Formula\nC\n18\nH\n13\nAlN\n2\nO\n8\nS\n2\nSynonyms\nRed 40 Lake\nC.I.\n  - Molecular Weight\n476.4 g/mol\nComputed by PubChem 2.2 (PubChem release 2025.09.15)\nParent Compound\nCID 33259 (6-Hydroxy-5-[2-(2-methoxy-5-methyl-4-sulfophenyl)diazenyl]-2-naphthalenesulfonic acid)\nComponent Compounds\nCID 33259 (6-Hydroxy-5-[2-(2-methoxy-5-methyl-4-sulfophenyl)diazenyl]-2-naphthalenesulfonic acid)\nCID 5359268 (Aluminum)\nDates\nCreate:\n2024-05-22\nModify:\n2025-12-13\n1 Structures\n1.1 2D Structure\nStructure Search\nGet Image\nDownload Coordinates\nChemical Structure Depiction\nFull screen...\n  - PubChem\n4.2 Parent Compound\nCID 33259 (6-Hydroxy-5-[2-(2-methoxy-5-methyl-4-sulfophenyl)diazenyl]-2-naphthalenesulfonic acid)\nPubChem\n4.3 Component Compounds\nCID 33259 (6-Hydroxy-5-[2-(2-methoxy-5-methyl-4-sulfophenyl)diazenyl]-2-naphthalenesulfonic acid)\nCID 5359268 (Aluminum)\nPubChem\n4.4 Related Compounds\nSame Parent, Exact Count\n19\nMixtures, Components, and Neutralized Forms Count\n2\nSimilar Compounds (2D)\nView in PubChem Search\nSimilar Conformers (3D)\nView in PubChem Search\nPubChem\n4.5 Substa...\n  - Food Red 17:1\nhttps://www.epa.gov/chemicals-under-tsca\nEPA TSCA Classification\nhttps://www.epa.gov/tsca-inventory\nEuropean Chemicals Agency (ECHA)\nLICENSE\nUse of the information, documents and data from the ECHA website is subject to the terms and conditions of this Legal Notice, and subject to other binding limitations provided for under applicable law, the information, documents and data made available on the ECHA website may be reproduced, distributed and/or used, totally or in part, for non-...\n  - https://www.nlm.nih.gov/research/umls/rxnorm/docs/termsofservice.html\nFD & C red no.\n\nBiological Interactions:\n  - Not specified\n\nToxicity & Safety:\n  - Food Red 17:1\nPubChem CID\n171390238\nStructure\nPrimary Hazards\nNot Classified\nLaboratory Chemical Safety Summary (LCSS) Datasheet\nMolecular Formula\nC\n18\nH\n13\nAlN\n2\nO\n8\nS\n2\nSynonyms\nRed 40 Lake\nC.I.\n  - Molecular Weight\n476.4 g/mol\nComputed by PubChem 2.2 (PubChem release 2025.09.15)\nParent Compound\nCID 33259 (6-Hydroxy-5-[2-(2-methoxy-5-methyl-4-sulfophenyl)diazenyl]-2-naphthalenesulfonic acid)\nComponent Compounds\nCID 33259 (6-Hydroxy-5-[2-(2-methoxy-5-methyl-4-sulfophenyl)diazenyl]-2-naphthalenesulfonic acid)\nCID 5359268 (Aluminum)\nDates\nCreate:\n2024-05-22\nModify:\n2025-12-13\n1 Structures\n1.1 2D Structure\nStructure Search\nGet Image\nDownload Coordinates\nChemical Structure Depiction\nFull screen...\n  - 40 ALUMINIUM LAKE\n2-Naphthalenesulfonic acid, 6-hydroxy-5-[(2-methoxy-5-methyl-4-sulfophenyl)azo]-, aluminum complex\n2-Naphthalenesulfonic acid, 6-hydroxy-5-[2-(2-methoxy-5-methyl-4-sulfophenyl)diazenyl]-, aluminum salt\nPubChem\n3 Chemical and Physical Properties\n3.1 Computed Properties\nProperty Name\nProperty Value\nReference\nProperty Name\nMolecular Weight\nProperty Value\n476.4 g/mol\nReference\nComputed by PubChem 2.2 (PubChem release 2025.09.15)\nProperty Name\nHydrogen Bond Donor Count\nProperty Valu...\n  - PubChem\n4.2 Parent Compound\nCID 33259 (6-Hydroxy-5-[2-(2-methoxy-5-methyl-4-sulfophenyl)diazenyl]-2-naphthalenesulfonic acid)\nPubChem\n4.3 Component Compounds\nCID 33259 (6-Hydroxy-5-[2-(2-methoxy-5-methyl-4-sulfophenyl)diazenyl]-2-naphthalenesulfonic acid)\nCID 5359268 (Aluminum)\nPubChem\n4.4 Related Compounds\nSame Parent, Exact Count\n19\nMixtures, Components, and Neutralized Forms Count\n2\nSimilar Compounds (2D)\nView in PubChem Search\nSimilar Conformers (3D)\nView in PubChem Search\nPubChem\n4.5 Substa...\n  - Production\nAggregated Product Volume\n2019: 1,000,000 lb - <20,000,000 lb\n2018: <1,000,000 lb\n2017: <1,000,000 lb\n2016: 1,000,000 lb - <20,000,000 lb\nhttps://www.epa.gov/chemical-data-reporting\nEPA Chemical Data Reporting (CDR)\n6.3 General Manufacturing Information\nIndustry Processing Sectors\nSynthetic Dye and Pigment Manufacturing\nAgriculture, Forestry, Fishing and Hunting\nFood, beverage, and tobacco product manufacturing\nEPA Chemical Data Reporting (CDR)\nEPA TSCA Commercial Activity Status\nC.I.\n\n",
  "metadata": {
    "ingredient": "Red 17 lake",
    "CAS": "Not specified",
    "InChIKey": "Not specified",
    "source": "https://pubchem.ncbi.nlm.nih.gov/compound/171390238",
    "timestamp": "2025-12-17T14:09:27.713741+00:00",
    "type": "ingredient_information",
    "category": "cosmetics",
    "language": "fr"
  },
  "content_length": 5400,
  "timestamp": 1765992207.1280422
}