{
  "document_name": "carmine_blue_1.txt",
  "content": "Inf: ---\ningredient: Carmine Blue 1\nsource: https://pubchem.ncbi.nlm.nih.gov/compound/8507\ntimestamp: 2025-12-17 13:22:17 UTC\ntype: ingredient_information\n---\n\ncompound Summary\nSulfan Blue\nPubChem CID\n8507\nCAS:\n  - ChEBI\nwidely used to visualize lymph vessels for lymphography; structure\nMedical Subject Headings (MeSH)\n1 Structures\n1.1 2D Structure\nStructure Search\nGet Image\nDownload Coordinates\nChemical Structure Depiction\nFull screen\nZoom in\nZoom out\nPubChem\n1.2 3D Conformer\n3D Conformer of Parent\nPubChem\n2 Names and Identifiers\n2.1 Computed Descriptors\n2.1.1 IUPAC Name\nsodium 4-[[4-(diethylamino)phenyl]-(4-diethylazaniumylidenecyclohexa-2,5-dien-1-ylidene)methyl]benzene-1,3-disulfonate\nComputed by Lexich...\n  - FOOD BLUE 3 [HSDB]\nTox21_302151\nAKOS000283042\nAKOS015903344\nAKOS024285058\nFA40367\nNCGC00255111-01\nCAS-129-17-9\nEthanaminium, N-(4-((4-(diethylamino)phenyl)(2,4-disulfophenyl)methylene)-2,5-cyclohexadien-1-ylidene)-N-ethyl-, inner salt, sodium salt\nN-(4-((4-(Diethylamino)phenyl)(2,4-disulfophenyl)methylene)-2,5-c- yclohexadien-1-ylidene)-N-ethylethanaminium, hydroxide, inner salt, sodium salt\nSMR001224390\nST080676\nNS00079128\nQ27116317\n4-[[4-(diethylamino)phenyl]-(4-diethyliminiocyclohexa-2,5-dien...\n\nInChIKey:\n  - ChEBI\nwidely used to visualize lymph vessels for lymphography; structure\nMedical Subject Headings (MeSH)\n1 Structures\n1.1 2D Structure\nStructure Search\nGet Image\nDownload Coordinates\nChemical Structure Depiction\nFull screen\nZoom in\nZoom out\nPubChem\n1.2 3D Conformer\n3D Conformer of Parent\nPubChem\n2 Names and Identifiers\n2.1 Computed Descriptors\n2.1.1 IUPAC Name\nsodium 4-[[4-(diethylamino)phenyl]-(4-diethylazaniumylidenecyclohexa-2,5-dien-1-ylidene)methyl]benzene-1,3-disulfonate\nComputed by Lexich...\n\nChemical Forms:\n  - Not specified\n\nChemical Properties:\n  - ---\ningredient: Carmine Blue 1\nsource: https://pubchem.ncbi.nlm.nih.gov/compound/8507\ntimestamp: 2025-12-17 13:22:17 UTC\ntype: ingredient_information\n---\n\ncompound Summary\nSulfan Blue\nPubChem CID\n8507\nStructure\nPrimary Hazards\nNot Classified\nLaboratory Chemical Safety Summary (LCSS) Datasheet\nMolecular Formula\nC\n27\nH\n31\nN\n2\nNaO\n6\nS\n2\nSynonyms\nPatent Blue VF\nSulfan Blue\nBlue VRS\nBleu patente V\nAcid Blue V\nView More...\n  - ChEBI\nwidely used to visualize lymph vessels for lymphography; structure\nMedical Subject Headings (MeSH)\n1 Structures\n1.1 2D Structure\nStructure Search\nGet Image\nDownload Coordinates\nChemical Structure Depiction\nFull screen\nZoom in\nZoom out\nPubChem\n1.2 3D Conformer\n3D Conformer of Parent\nPubChem\n2 Names and Identifiers\n2.1 Computed Descriptors\n2.1.1 IUPAC Name\nsodium 4-[[4-(diethylamino)phenyl]-(4-diethylazaniumylidenecyclohexa-2,5-dien-1-ylidene)methyl]benzene-1,3-disulfonate\nComputed by Lexich...\n  - 826 [German]\n(Sodium) Blue VRS\nHSDB 5476\nEINECS 204-934-1\nUNII-FH1929ICIT\nPatentBlueVF\nSULPHAN BLUE [MI]\n4,4'-Di(diethylamino)-4',6'-disulphotriphenylmethanol anhydride, sodium salt\nAnhydro-4,4'-bis(diethylamino)triphenylmethanol-2',4''-disulphonic acid, monosodium salt\nSCHEMBL94084\n(4-(alpha-(4-Diethylaminophenyl)-2,4-disulfobenzyliden)-2,5-cyclohexadienylden)diethylammoniumhydroxid, inneres salz, natriumsalz\nAmmonium, (4-(alpha-(p-(diethylamino)phenyl)-2,4-disulfobenzylidene)-2,5-cyclohexadien...\n  - CAMEO Chemicals\nViolet or dark bluish-green solid; [HSDB] Violet powder; [MSDSonline]\nHaz-Map, Information on Hazardous Chemicals and Occupational Diseases\n3.2.2 Color / Form\nVIOLET POWDER\nBudavari, S.\n  - 553 (1990)\nHazardous Substances Data Bank (HSDB)\n3.2.3 Solubility\nSoluble (>=10 mg/ml at 70 °F) (NTP, 1992)\nNational Toxicology Program, Institute of Environmental Health Sciences, National Institutes of Health (NTP).\n\nBiological Interactions:\n  - Proc Inter Confer Carcinogenic Mugenic N-Substitute Aryl Compd 3: 23-85 (1988)\nHazardous Substances Data Bank (HSDB)\n13 Literature\n13.1 Consolidated References\nPubChem\n13.2 NLM Curated PubMed Citations\nMedical Subject Headings (MeSH)\n13.3 Springer Nature References\nSpringer Nature\n13.4 Chemical Co-Occurrences in Literature\nPubChem\n13.5 Chemical-Gene Co-Occurrences in Literature\nPubChem\n13.6 Chemical-Disease Co-Occurrences in Literature\nPubChem\n13.7 Chemical-Organism Co-Occurrences in Literature...\n\nToxicity & Safety:\n  - ---\ningredient: Carmine Blue 1\nsource: https://pubchem.ncbi.nlm.nih.gov/compound/8507\ntimestamp: 2025-12-17 13:22:17 UTC\ntype: ingredient_information\n---\n\ncompound Summary\nSulfan Blue\nPubChem CID\n8507\nStructure\nPrimary Hazards\nNot Classified\nLaboratory Chemical Safety Summary (LCSS) Datasheet\nMolecular Formula\nC\n27\nH\n31\nN\n2\nNaO\n6\nS\n2\nSynonyms\nPatent Blue VF\nSulfan Blue\nBlue VRS\nBleu patente V\nAcid Blue V\nView More...\n  - (NTP, 1992)\nNational Toxicology Program, Institute of Environmental Health Sciences, National Institutes of Health (NTP).\n  - National Toxicology Program Chemical Repository Database.\n  - ChEBI\nwidely used to visualize lymph vessels for lymphography; structure\nMedical Subject Headings (MeSH)\n1 Structures\n1.1 2D Structure\nStructure Search\nGet Image\nDownload Coordinates\nChemical Structure Depiction\nFull screen\nZoom in\nZoom out\nPubChem\n1.2 3D Conformer\n3D Conformer of Parent\nPubChem\n2 Names and Identifiers\n2.1 Computed Descriptors\n2.1.1 IUPAC Name\nsodium 4-[[4-(diethylamino)phenyl]-(4-diethylazaniumylidenecyclohexa-2,5-dien-1-ylidene)methyl]benzene-1,3-disulfonate\nComputed by Lexich...\n  - (NTP, 1992)\nNational Toxicology Program, Institute of Environmental Health Sciences, National Institutes of Health (NTP).\n\n",
  "metadata": {
    "ingredient": "Carmine Blue 1",
    "CAS": "129-17-9",
    "InChIKey": "Not specified",
    "source": "https://pubchem.ncbi.nlm.nih.gov/compound/8507",
    "timestamp": "2025-12-17T13:22:18.074318+00:00",
    "type": "ingredient_information",
    "category": "cosmetics",
    "language": "fr"
  },
  "content_length": 5473,
  "timestamp": 1765992207.111042
}