{
  "document_name": "néon.txt",
  "content": "Inf: ---\ningredient: Néon\nsource: https://pubchem.ncbi.nlm.nih.gov/compound/23935\ntimestamp: 2025-12-17 13:48:30 UTC\ntype: ingredient_information\n---\n\ncompound Summary\nNeon\nPubChem CID\n23935\nStructure\nPrim\nCAS:\n  - 1 Structures\n1.1 2D Structure\nStructure Search\nGet Image\nDownload Coordinates\nChemical Structure Depiction\nFull screen\nZoom in\nZoom out\nPubChem\n1.2 Crystal Structures\nCOD records with this CID as component\n7126028\nCrystallography Open Database (COD)\n2 Names and Identifiers\n2.1 Computed Descriptors\n2.1.1 IUPAC Name\nneon\nComputed by Lexichem TK 2.7.0 (PubChem release 2025.04.14)\nPubChem\n2.1.2 InChI\nInChI=1S/Ne\nComputed by InChI 1.07.2 (PubChem release 2025.04.14)\nPubChem\n2.1.3 InChIKey\nGKAOGPIIYCI...\n\nInChIKey:\n  - 1 Structures\n1.1 2D Structure\nStructure Search\nGet Image\nDownload Coordinates\nChemical Structure Depiction\nFull screen\nZoom in\nZoom out\nPubChem\n1.2 Crystal Structures\nCOD records with this CID as component\n7126028\nCrystallography Open Database (COD)\n2 Names and Identifiers\n2.1 Computed Descriptors\n2.1.1 IUPAC Name\nneon\nComputed by Lexichem TK 2.7.0 (PubChem release 2025.04.14)\nPubChem\n2.1.2 InChI\nInChI=1S/Ne\nComputed by InChI 1.07.2 (PubChem release 2025.04.14)\nPubChem\n2.1.3 InChIKey\nGKAOGPIIYCI...\n\nChemical Forms:\n  - Not specified\n\nChemical Properties:\n  - ---\ningredient: Néon\nsource: https://pubchem.ncbi.nlm.nih.gov/compound/23935\ntimestamp: 2025-12-17 13:48:30 UTC\ntype: ingredient_information\n---\n\ncompound Summary\nNeon\nPubChem CID\n23935\nStructure\nPrimary Hazards\nLaboratory Chemical Safety Summary (LCSS) Datasheet\nMolecular Formula\nNe\nSynonyms\nNEON\n7440-01-9\nNeon ion beam\nNeon, Elemental\n4VB4Y46AHD\nView More...\n  - It has a role as a NMR chemical shift reference compound.\n  - 1 Structures\n1.1 2D Structure\nStructure Search\nGet Image\nDownload Coordinates\nChemical Structure Depiction\nFull screen\nZoom in\nZoom out\nPubChem\n1.2 Crystal Structures\nCOD records with this CID as component\n7126028\nCrystallography Open Database (COD)\n2 Names and Identifiers\n2.1 Computed Descriptors\n2.1.1 IUPAC Name\nneon\nComputed by Lexichem TK 2.7.0 (PubChem release 2025.04.14)\nPubChem\n2.1.2 InChI\nInChI=1S/Ne\nComputed by InChI 1.07.2 (PubChem release 2025.04.14)\nPubChem\n2.1.3 InChIKey\nGKAOGPIIYCI...\n  - 881\nHazardous Substances Data Bank (HSDB)\n3.2.5 Boiling Point\n-246.1\nMSDS\nDrugBank\n-246.053 °C\nLide, D.R.\n  - 4-77\nHazardous Substances Data Bank (HSDB)\n-246.1Â °C\nILO-WHO International Chemical Safety Cards (ICSCs)\n3.2.6 Melting Point\n-248.7\nMSDS\nDrugBank\n-248.609 °C triple point (43 kPa)\nLide, D.R.\n\nBiological Interactions:\n  - DrugBank\n8.3 Protein Binding\nNo pharmacokinetic data available.\n\nToxicity & Safety:\n  - ---\ningredient: Néon\nsource: https://pubchem.ncbi.nlm.nih.gov/compound/23935\ntimestamp: 2025-12-17 13:48:30 UTC\ntype: ingredient_information\n---\n\ncompound Summary\nNeon\nPubChem CID\n23935\nStructure\nPrimary Hazards\nLaboratory Chemical Safety Summary (LCSS) Datasheet\nMolecular Formula\nNe\nSynonyms\nNEON\n7440-01-9\nNeon ion beam\nNeon, Elemental\n4VB4Y46AHD\nView More...\n  - Nontoxic, but can act as a simple asphyxiant.\n  - Nontoxic and chemically inert.\n  - 1 Structures\n1.1 2D Structure\nStructure Search\nGet Image\nDownload Coordinates\nChemical Structure Depiction\nFull screen\nZoom in\nZoom out\nPubChem\n1.2 Crystal Structures\nCOD records with this CID as component\n7126028\nCrystallography Open Database (COD)\n2 Names and Identifiers\n2.1 Computed Descriptors\n2.1.1 IUPAC Name\nneon\nComputed by Lexichem TK 2.7.0 (PubChem release 2025.04.14)\nPubChem\n2.1.2 InChI\nInChI=1S/Ne\nComputed by InChI 1.07.2 (PubChem release 2025.04.14)\nPubChem\n2.1.3 InChIKey\nGKAOGPIIYCI...\n  - Nontoxic, but can act as a simple asphyxiant.\n\n",
  "metadata": {
    "ingredient": "Néon",
    "CAS": "7440-01-9",
    "InChIKey": "Not specified",
    "source": "https://pubchem.ncbi.nlm.nih.gov/compound/23935",
    "timestamp": "2025-12-17T13:48:30.438826+00:00",
    "type": "ingredient_information",
    "category": "cosmetics",
    "language": "fr"
  },
  "content_length": 3663,
  "timestamp": 1765992207.124042
}