{
  "document_name": "cyanure_de_potassium.txt",
  "content": "Inf: ---\ningredient: Cyanure de potassium\nsource: https://pubchem.ncbi.nlm.nih.gov/compound/9032\ntimestamp: 2025-12-17 14:33:22 UTC\ntype: ingredient_information\n---\n\ncompound Summary\nPotassium Cyanide\nPubC\nCAS:\n  - 1 Structures\n1.1 2D Structure\nStructure Search\nGet Image\nDownload Coordinates\nChemical Structure Depiction\nFull screen\nZoom in\nZoom out\nPubChem\n1.2 3D Status\nConformer generation is disallowed since MMFF94s unsupported element, mixture or salt\nPubChem\n2 Names and Identifiers\n2.1 Computed Descriptors\n2.1.1 IUPAC Name\npotassium cyanide\nComputed by Lexichem TK 2.9.3 (PubChem release 2025.09.15)\nPubChem\n2.1.2 InChI\nInChI=1S/CN.K/c1-2;/q-1;+1\nComputed by InChI 1.07.4 (PubChem release 2025.09.15)\nPubC...\n\nInChIKey:\n  - 1 Structures\n1.1 2D Structure\nStructure Search\nGet Image\nDownload Coordinates\nChemical Structure Depiction\nFull screen\nZoom in\nZoom out\nPubChem\n1.2 3D Status\nConformer generation is disallowed since MMFF94s unsupported element, mixture or salt\nPubChem\n2 Names and Identifiers\n2.1 Computed Descriptors\n2.1.1 IUPAC Name\npotassium cyanide\nComputed by Lexichem TK 2.9.3 (PubChem release 2025.09.15)\nPubChem\n2.1.2 InChI\nInChI=1S/CN.K/c1-2;/q-1;+1\nComputed by InChI 1.07.4 (PubChem release 2025.09.15)\nPubC...\n\nChemical Forms:\n  - Not specified\n\nChemical Properties:\n  - ---\ningredient: Cyanure de potassium\nsource: https://pubchem.ncbi.nlm.nih.gov/compound/9032\ntimestamp: 2025-12-17 14:33:22 UTC\ntype: ingredient_information\n---\n\ncompound Summary\nPotassium Cyanide\nPubChem CID\n9032\nStructure\nPrimary Hazards\nLaboratory Chemical Safety Summary (LCSS) Datasheet\nMolecular Formula\nCKN\nKCN\nSynonyms\nPOTASSIUM CYANIDE\n151-50-8\nPotassium cyanide (K(CN))\nCyanide of potassium\nkalium cyanid\nView More...\n  - Density 1.52 g / cm3 Toxic by skin absorption through open wounds, by ingestion.\n  - 1 Structures\n1.1 2D Structure\nStructure Search\nGet Image\nDownload Coordinates\nChemical Structure Depiction\nFull screen\nZoom in\nZoom out\nPubChem\n1.2 3D Status\nConformer generation is disallowed since MMFF94s unsupported element, mixture or salt\nPubChem\n2 Names and Identifiers\n2.1 Computed Descriptors\n2.1.1 IUPAC Name\npotassium cyanide\nComputed by Lexichem TK 2.9.3 (PubChem release 2025.09.15)\nPubChem\n2.1.2 InChI\nInChI=1S/CN.K/c1-2;/q-1;+1\nComputed by InChI 1.07.4 (PubChem release 2025.09.15)\nPubC...\n  - Density 1.52 g / cm3 Toxic by skin absorption through open wounds, by ingestion.\n  - CAMEO Chemicals\nOther Solid; Pellets or Large Crystals\nEPA Chemical Data Reporting (CDR)\nWhite, granular or crystalline solid with a faint, almond-like odor; [NIOSH] Deliquescent; [CHEMINFO]\nHaz-Map, Information on Hazardous Chemicals and Occupational Diseases\nHYGROSCOPIC CRYSTALS OR SOLID IN VARIOUS FORMS WITH CHARACTERISTIC ODOUR.\n\nBiological Interactions:\n  - (T86)\nToxin and Toxin Target Database (T3DB)\n8 Pharmacology and Biochemistry\n8.1 MeSH Pharmacological Classification\nEnzyme Inhibitors\nCompounds or agents that combine with an enzyme in such a manner as to prevent the normal substrate-enzyme combination and the catalytic reaction.\n  - THE ENZYME, MERCAPTOSULFUR TRANSFERASE IS LOCALIZED IN CYTOSOL./ /\nCYANIDE\n/\nParke, D.\n  - Hazardous Substances Data Bank (HSDB)\nOrganic nitriles are converted into\ncyanide\nions through the action of cytochrome P450 enzymes in the liver.\n  - Approximately 80% of absorbed\ncyanide\nis metabolized to\nthiocyanate\nin the liver by the mitochondrial\nsulfur\ntransferase enzyme rhodanese and other\nsulfur\ntransferases.\n  - It complexes with the\nferric\niron\natom in this enzyme.\n\nToxicity & Safety:\n  - ---\ningredient: Cyanure de potassium\nsource: https://pubchem.ncbi.nlm.nih.gov/compound/9032\ntimestamp: 2025-12-17 14:33:22 UTC\ntype: ingredient_information\n---\n\ncompound Summary\nPotassium Cyanide\nPubChem CID\n9032\nStructure\nPrimary Hazards\nLaboratory Chemical Safety Summary (LCSS) Datasheet\nMolecular Formula\nCKN\nKCN\nSynonyms\nPOTASSIUM CYANIDE\n151-50-8\nPotassium cyanide (K(CN))\nCyanide of potassium\nkalium cyanid\nView More...\n  - Density 1.52 g / cm3 Toxic by skin absorption through open wounds, by ingestion.\n  - Heating to decomposition produces toxic fumes.\n  - 1 Structures\n1.1 2D Structure\nStructure Search\nGet Image\nDownload Coordinates\nChemical Structure Depiction\nFull screen\nZoom in\nZoom out\nPubChem\n1.2 3D Status\nConformer generation is disallowed since MMFF94s unsupported element, mixture or salt\nPubChem\n2 Names and Identifiers\n2.1 Computed Descriptors\n2.1.1 IUPAC Name\npotassium cyanide\nComputed by Lexichem TK 2.9.3 (PubChem release 2025.09.15)\nPubChem\n2.1.2 InChI\nInChI=1S/CN.K/c1-2;/q-1;+1\nComputed by InChI 1.07.4 (PubChem release 2025.09.15)\nPubC...\n  - Density 1.52 g / cm3 Toxic by skin absorption through open wounds, by ingestion.\n\n",
  "metadata": {
    "ingredient": "Cyanure de potassium",
    "CAS": "151-50-8",
    "InChIKey": "Not specified",
    "source": "https://pubchem.ncbi.nlm.nih.gov/compound/9032",
    "timestamp": "2025-12-17T14:33:22.816994+00:00",
    "type": "ingredient_information",
    "category": "cosmetics",
    "language": "fr"
  },
  "content_length": 4710,
  "timestamp": 1765992207.114042
}