{
  "document_name": "crema.txt",
  "content": "Inf: ---\ningredient: crema\nsource: https://pubchem.ncbi.nlm.nih.gov/compound/146158044\ntimestamp: 2025-12-17 14:44:27 UTC\ntype: ingredient_information\n---\n\ncompound Summary\nAlacortril;Falban-Crema\nPubChem \nCAS:\n  - Not specified\n\nInChIKey:\n  - ---\ningredient: crema\nsource: https://pubchem.ncbi.nlm.nih.gov/compound/146158044\ntimestamp: 2025-12-17 14:44:27 UTC\ntype: ingredient_information\n---\n\ncompound Summary\nAlacortril;Falban-Crema\nPubChem CID\n146158044\nStructure\nMolecular Formula\nC\n24\nH\n31\nFO\n6\nSynonyms\nAlacortril;Falban-Crema\nMolecular Weight\n434.5 g/mol\nComputed by PubChem 2.1 (PubChem release 2021.05.07)\nDates\nCreate:\n2020-06-10\nModify:\n2025-12-13\n1 Structures\n1.1 2D Structure\nStructure Search\nGet Image\nDownload Coordinates\nChemic...\n\nChemical Forms:\n  - Not specified\n\nChemical Properties:\n  - ---\ningredient: crema\nsource: https://pubchem.ncbi.nlm.nih.gov/compound/146158044\ntimestamp: 2025-12-17 14:44:27 UTC\ntype: ingredient_information\n---\n\ncompound Summary\nAlacortril;Falban-Crema\nPubChem CID\n146158044\nStructure\nMolecular Formula\nC\n24\nH\n31\nFO\n6\nSynonyms\nAlacortril;Falban-Crema\nMolecular Weight\n434.5 g/mol\nComputed by PubChem 2.1 (PubChem release 2021.05.07)\nDates\nCreate:\n2020-06-10\nModify:\n2025-12-13\n1 Structures\n1.1 2D Structure\nStructure Search\nGet Image\nDownload Coordinates\nChemic...\n\nBiological Interactions:\n  - Not specified\n\nToxicity & Safety:\n  - Not specified\n\n",
  "metadata": {
    "ingredient": "crema",
    "CAS": "Not specified",
    "InChIKey": "Not specified",
    "source": "https://pubchem.ncbi.nlm.nih.gov/compound/146158044",
    "timestamp": "2025-12-17T14:44:28.146831+00:00",
    "type": "ingredient_information",
    "category": "cosmetics",
    "language": "fr"
  },
  "content_length": 1396,
  "timestamp": 1765992207.114042
}