{
  "document_name": "carbomère.txt",
  "content": "Inf: ---\ningredient: CARBOMÈRE\nsource: https://pubchem.ncbi.nlm.nih.gov/compound/120393\ntimestamp: 2025-12-17 13:36:35 UTC\ntype: ingredient_information\n---\n\ncompound Summary\n1,3-Propanediol, 2-(chloromethy\nCAS:\n  - Molecular Weight\n280.74 g/mol\nComputed by PubChem 2.2 (PubChem release 2025.04.14)\nDates\nCreate:\n2005-08-08\nModify:\n2025-12-13\n1 Structures\n1.1 2D Structure\nStructure Search\nGet Image\nDownload Coordinates\nChemical Structure Depiction\nFull screen\nZoom in\nZoom out\nPubChem\n1.2 3D Conformer\nPubChem\n2 Names and Identifiers\n2.1 Computed Descriptors\n2.1.1 IUPAC Name\n2-(chloromethyl)-2-(naphthalen-2-yloxymethyl)propane-1,3-diol\nComputed by Lexichem TK 2.7.0 (PubChem release 2025.04.14)\nPubChem\n2.1.2 InC...\n\nInChIKey:\n  - Molecular Weight\n280.74 g/mol\nComputed by PubChem 2.2 (PubChem release 2025.04.14)\nDates\nCreate:\n2005-08-08\nModify:\n2025-12-13\n1 Structures\n1.1 2D Structure\nStructure Search\nGet Image\nDownload Coordinates\nChemical Structure Depiction\nFull screen\nZoom in\nZoom out\nPubChem\n1.2 3D Conformer\nPubChem\n2 Names and Identifiers\n2.1 Computed Descriptors\n2.1.1 IUPAC Name\n2-(chloromethyl)-2-(naphthalen-2-yloxymethyl)propane-1,3-diol\nComputed by Lexichem TK 2.7.0 (PubChem release 2025.04.14)\nPubChem\n2.1.2 InC...\n\nChemical Forms:\n  - Not specified\n\nChemical Properties:\n  - ---\ningredient: CARBOMÈRE\nsource: https://pubchem.ncbi.nlm.nih.gov/compound/120393\ntimestamp: 2025-12-17 13:36:35 UTC\ntype: ingredient_information\n---\n\ncompound Summary\n1,3-Propanediol, 2-(chloromethyl)-2-((2-naphthyloxy)methyl)-\nPubChem CID\n120393\nStructure\nMolecular Formula\nC\n15\nH\n17\nClO\n3\nSynonyms\n2-(Chloromethyl)-2-((2-naphthyloxy)methyl)-1,3-propanediol\n842-91-1\nHC 1532\nBRN 2530090\n1,3-Propanediol, 2-(chloromethyl)-2-((2-naphthyloxy)methyl)-\nView More...\n  - Molecular Weight\n280.74 g/mol\nComputed by PubChem 2.2 (PubChem release 2025.04.14)\nDates\nCreate:\n2005-08-08\nModify:\n2025-12-13\n1 Structures\n1.1 2D Structure\nStructure Search\nGet Image\nDownload Coordinates\nChemical Structure Depiction\nFull screen\nZoom in\nZoom out\nPubChem\n1.2 3D Conformer\nPubChem\n2 Names and Identifiers\n2.1 Computed Descriptors\n2.1.1 IUPAC Name\n2-(chloromethyl)-2-(naphthalen-2-yloxymethyl)propane-1,3-diol\nComputed by Lexichem TK 2.7.0 (PubChem release 2025.04.14)\nPubChem\n2.1.2 InC...\n  - Some ClinicalTrials.gov data may be subject to the copyright of third parties; you should consult these entities for any additional terms of use.\n  - https://clinicaltrials.gov/ct2/about-site/terms-conditions#Use\nhttps://clinicaltrials.gov/\nEU Clinical Trials Register\nhttps://www.clinicaltrialsregister.eu/\nJapan Chemical Substance Dictionary (Nikkaji)\nhttp://jglobal.jst.go.jp/en/redirect?Nikkaji_No=J64.323H\nNORMAN Suspect List Exchange\nLICENSE\nData: CC-BY 4.0; Code (hosted by ECI, LCSB): Artistic-2.0\nhttps://creativecommons.org/licenses/by/4.0/\nNORMAN Suspect List Exchange Classification\nhttps://www.norman-network.com/nds/SLE/\nWikidata\nLICENS...\n\nBiological Interactions:\n  - Not specified\n\nToxicity & Safety:\n  - Molecular Weight\n280.74 g/mol\nComputed by PubChem 2.2 (PubChem release 2025.04.14)\nDates\nCreate:\n2005-08-08\nModify:\n2025-12-13\n1 Structures\n1.1 2D Structure\nStructure Search\nGet Image\nDownload Coordinates\nChemical Structure Depiction\nFull screen\nZoom in\nZoom out\nPubChem\n1.2 3D Conformer\nPubChem\n2 Names and Identifiers\n2.1 Computed Descriptors\n2.1.1 IUPAC Name\n2-(chloromethyl)-2-(naphthalen-2-yloxymethyl)propane-1,3-diol\nComputed by Lexichem TK 2.7.0 (PubChem release 2025.04.14)\nPubChem\n2.1.2 InC...\n  - PubChem\n4.2 Related Compounds\nSimilar Compounds (2D)\nView in PubChem Search\nSimilar Conformers (3D)\nView in PubChem Search\nPubChem\n4.3 Substances\n4.3.1 PubChem Reference Collection SID\n504518044\nPubChem\n4.3.2 Related Substances\nSame Count\n63\nPubChem\n4.3.3 Substances by Category\nPubChem\n4.4 Entrez Crosslinks\nPubMed Count\n1\nPubChem\n5 Chemical Vendors\nPubChem\n6 Drug and Medication Information\n6.1 Clinical Trials\n6.1.1 ClinicalTrials.gov\nClinicalTrials.gov\n6.1.2 EU Clinical Trials Register\nEU Clinic...\n  - https://creativecommons.org/licenses/by-nc/4.0/\nCarbomer 980\nhttps://commonchemistry.cas.org/detail?cas_rn=139637-85-7\nChemIDplus\nLICENSE\nhttps://www.nlm.nih.gov/copyright.html\n1,3-Propanediol, 2-(chloromethyl)-2-((2-naphthyloxy)methyl)-\nhttps://pubchem.ncbi.nlm.nih.gov/substance/?source=chemidplus&sourceid=0000842911\nChemIDplus Chemical Information Classification\nhttps://pubchem.ncbi.nlm.nih.gov/source/chemidplus\nEPA DSSTox\nLICENSE\nhttps://www.epa.gov/privacy/privacy-act-laws-policies-and-resou...\n  - https://clinicaltrials.gov/ct2/about-site/terms-conditions#Use\nhttps://clinicaltrials.gov/\nEU Clinical Trials Register\nhttps://www.clinicaltrialsregister.eu/\nJapan Chemical Substance Dictionary (Nikkaji)\nhttp://jglobal.jst.go.jp/en/redirect?Nikkaji_No=J64.323H\nNORMAN Suspect List Exchange\nLICENSE\nData: CC-BY 4.0; Code (hosted by ECI, LCSB): Artistic-2.0\nhttps://creativecommons.org/licenses/by/4.0/\nNORMAN Suspect List Exchange Classification\nhttps://www.norman-network.com/nds/SLE/\nWikidata\nLICENS...\n  - https://www.fda.gov/about-fda/about-website/website-policies#linking\nFDA Drug Type and Pharmacologic Classification\nhttps://www.fda.gov/drugs/drug-approvals-and-databases/national-drug-code-directory\nEPA Substance Registry Services\nLICENSE\nhttps://www.epa.gov/privacy/privacy-act-laws-policies-and-resources\nEPA SRS List Classification\nhttps://maldi.nist.gov\nMolGenie\nLICENSE\nCC-BY 4.0\nhttps://creativecommons.org/licenses/by/4.0/\nMolGenie Organic Chemistry Ontology\nhttps://github.com/MolGenie/ontol...\n\n",
  "metadata": {
    "ingredient": "CARBOMÈRE",
    "CAS": "842-91-1",
    "InChIKey": "Not specified",
    "source": "https://pubchem.ncbi.nlm.nih.gov/compound/120393",
    "timestamp": "2025-12-17T13:36:35.805716+00:00",
    "type": "ingredient_information",
    "category": "cosmetics",
    "language": "fr"
  },
  "content_length": 5534,
  "timestamp": 1765992207.110042
}