{
  "document_name": "yellow_10.txt",
  "content": "Inf: ---\ningredient: Yellow 10\nsource: https://pubchem.ncbi.nlm.nih.gov/compound/D_C-Yellow-No.-10\ntimestamp: 2025-12-17 14:14:11 UTC\ntype: ingredient_information\n---\n\nCompound Summary\nD&C Yellow No. 10\nPu\nCAS:\n  - 10 (DELISTED) (II)\nINS NO.104\nINS-104\nKI203\nNEELICOL QUINOLINE YELLOW-WS\nQUINOLINE YELLOW (MART.)\nQUINOLINE YELLOW (USP-RS)\nQUINOLINE YELLOW OXIDE (E104)\nQUINOLINE YELLOW-104\nSODIUM 2-(1,3-DIOXOINDAN-2-YL)QUINOLINEDISULFONATE\nVITASYN QUINOLINE YELLOW-70\nYELLOW 10\nPubChem\n2 Names and Identifiers\n2.1 Molecular Formula\nC\n18\nH\n9\nN Na\n2\nO\n8\nS\n2\n(principal component)\nEU Food Improvement Agents\n2.2 Other Identifiers\n2.2.1 CAS\n8004-92-0\nEuropean Chemicals Agency (ECHA); Hazardous Substances Data Bank (H...\n\nInChIKey:\n  - Not specified\n\nChemical Forms:\n  - Not specified\n\nChemical Properties:\n  - Primary Hazards\nPrimary Hazards\nLaboratory Chemical Safety Summary (LCSS) Datasheet\nMolecular Formula\nC\n18\nH\n9\nN Na\n2\nO\n8\nS\n2\n(principal component)\nSee also:\nBenazepril\n(has active moiety).\n  - 1 Synonyms\nD&C Yellow No.\n  - 10 (DELISTED) (II)\nINS NO.104\nINS-104\nKI203\nNEELICOL QUINOLINE YELLOW-WS\nQUINOLINE YELLOW (MART.)\nQUINOLINE YELLOW (USP-RS)\nQUINOLINE YELLOW OXIDE (E104)\nQUINOLINE YELLOW-104\nSODIUM 2-(1,3-DIOXOINDAN-2-YL)QUINOLINEDISULFONATE\nVITASYN QUINOLINE YELLOW-70\nYELLOW 10\nPubChem\n2 Names and Identifiers\n2.1 Molecular Formula\nC\n18\nH\n9\nN Na\n2\nO\n8\nS\n2\n(principal component)\nEU Food Improvement Agents\n2.2 Other Identifiers\n2.2.1 CAS\n8004-92-0\nEuropean Chemicals Agency (ECHA); Hazardous Substances Data Bank (H...\n  - Available from, as of April 20, 2012:\nhttps://www.sciencelab.com/\nHazardous Substances Data Bank (HSDB)\n3.1.4 Solubility\nIn\n2-methoxyethanol\n10 mg/mL; in\nethanol\n0.4 mg/mL\nGreen FJ; The Sigma-Aldrich Handbook of Stains, Dyes, and Indicators.\n  - Available from, as of August 6, 2012:\nhttps://www.ecfr.gov\nHazardous Substances Data Bank (HSDB)\nA batch of this straight color may be certified, in accordance with 21 CFR Part 82, for use in drugs and cosmetics, if such batch conforms to the requirements of 21 CFR 82.5 and to the specifications in 21 CFR Part 82.\n\nBiological Interactions:\n  - There were no differences between the enzyme activities of microsomes from control and treated rats or rat livers in any of these experiments.\n\nToxicity & Safety:\n  - Primary Hazards\nPrimary Hazards\nLaboratory Chemical Safety Summary (LCSS) Datasheet\nMolecular Formula\nC\n18\nH\n9\nN Na\n2\nO\n8\nS\n2\n(principal component)\nSee also:\nBenazepril\n(has active moiety).\n  - 10 (DELISTED) (II)\nINS NO.104\nINS-104\nKI203\nNEELICOL QUINOLINE YELLOW-WS\nQUINOLINE YELLOW (MART.)\nQUINOLINE YELLOW (USP-RS)\nQUINOLINE YELLOW OXIDE (E104)\nQUINOLINE YELLOW-104\nSODIUM 2-(1,3-DIOXOINDAN-2-YL)QUINOLINEDISULFONATE\nVITASYN QUINOLINE YELLOW-70\nYELLOW 10\nPubChem\n2 Names and Identifiers\n2.1 Molecular Formula\nC\n18\nH\n9\nN Na\n2\nO\n8\nS\n2\n(principal component)\nEU Food Improvement Agents\n2.2 Other Identifiers\n2.2.1 CAS\n8004-92-0\nEuropean Chemicals Agency (ECHA); Hazardous Substances Data Bank (H...\n  - 610 (1990)\nHazardous Substances Data Bank (HSDB)\n3.1.3 Odor\nOdorless\nScienceLab.com; D&C Yellow #10 (8004-92-0; C.I.\n  - Available from, as of April 20, 2012:\nhttps://www.sciencelab.com/\nHazardous Substances Data Bank (HSDB)\n3.1.4 Solubility\nIn\n2-methoxyethanol\n10 mg/mL; in\nethanol\n0.4 mg/mL\nGreen FJ; The Sigma-Aldrich Handbook of Stains, Dyes, and Indicators.\n  - 610 (1990)\nHazardous Substances Data Bank (HSDB)\n3.1.5 Decomposition\nWhen heated to decomposition it emits toxic vapors of /oxides of nitrogen and oxides of sulfur/.\n\n",
  "metadata": {
    "ingredient": "Yellow 10",
    "CAS": "8004-92-0",
    "InChIKey": "Not specified",
    "source": "https://pubchem.ncbi.nlm.nih.gov/compound/D_C-Yellow-No.-10",
    "timestamp": "2025-12-17T14:14:12.167587+00:00",
    "type": "ingredient_information",
    "category": "cosmetics",
    "language": "fr"
  },
  "content_length": 3536,
  "timestamp": 1765992207.134042
}