{
  "document_name": "blue_1.txt",
  "content": "Inf: ---\ningredient: Blue 1\nsource: https://pubchem.ncbi.nlm.nih.gov/compound/Blue-1\ntimestamp: 2025-12-17 14:10:07 UTC\ntype: ingredient_information\n---\n\nCompound Summary\nBlue 1\nPubChem Reference Collectio\nCAS:\n  - 1 Synonyms\nBlue 1\n1341-88-4\nBLUE 1 [INCI]\nBlue Dye Number 1\nDTXSID001052515\nRefChem:569690\nPubChem\n2 Names and Identifiers\n2.1 Other Identifiers\n2.1.1 CAS\n1341-88-4\nCAS Common Chemistry; ChemIDplus; EPA DSSTox; New Zealand Environmental Protection Authority (EPA)\n2.1.2 DSSTox Substance ID\nDTXSID001052515\nEPA DSSTox\n3 Related Records\n3.1 Substances\n3.1.1 PubChem Reference Collection SID\n505565419\nPubChem\n4 Use and Manufacturing\n4.1 Uses\n4.1.1 Household Products\nHousehold & Commercial/Institutiona...\n\nInChIKey:\n  - Not specified\n\nChemical Forms:\n  - Not specified\n\nChemical Properties:\n  - 1 Synonyms\nBlue 1\n1341-88-4\nBLUE 1 [INCI]\nBlue Dye Number 1\nDTXSID001052515\nRefChem:569690\nPubChem\n2 Names and Identifiers\n2.1 Other Identifiers\n2.1.1 CAS\n1341-88-4\nCAS Common Chemistry; ChemIDplus; EPA DSSTox; New Zealand Environmental Protection Authority (EPA)\n2.1.2 DSSTox Substance ID\nDTXSID001052515\nEPA DSSTox\n3 Related Records\n3.1 Substances\n3.1.1 PubChem Reference Collection SID\n505565419\nPubChem\n4 Use and Manufacturing\n4.1 Uses\n4.1.1 Household Products\nHousehold & Commercial/Institutiona...\n  - 1\nhttps://www.whatsinproducts.com/chemicals/view/1/3495/001341-88-4\nCite\nDownload\nCONTENTS\nTitle and Summary\n1 Synonyms\n2 Names and Identifiers\nExpand this menu\n3 Related Records\nExpand this menu\n4 Use and Manufacturing\nExpand this menu\n5 Safety and Hazards\nExpand this menu\n6 Biological Test Results\nExpand this menu\n7 Information Sources\n\nBiological Interactions:\n  - New Zealand Environmental Protection Authority (EPA)\n6 Biological Test Results\n6.1 BioAssay Results\nPubChem\n7 Information Sources\nFilter by Source\nALL SOURCES\nTOXNET (ChemIDplus)\nCAS Common Chemistry\nChemIDplus\nConsumer Product Information Database (CPID)\nEPA DSSTox\nNew Zealand Environmental Protection Authority (EPA)\nPubChem\nPubChem\nhttps://pubchem.ncbi.nlm.nih.gov\nCAS Common Chemistry\nLICENSE\nThe data from CAS Common Chemistry is provided under a CC-BY-NC 4.0 license, unless otherwise stated.\n\nToxicity & Safety:\n  - 1 Synonyms\nBlue 1\n1341-88-4\nBLUE 1 [INCI]\nBlue Dye Number 1\nDTXSID001052515\nRefChem:569690\nPubChem\n2 Names and Identifiers\n2.1 Other Identifiers\n2.1.1 CAS\n1341-88-4\nCAS Common Chemistry; ChemIDplus; EPA DSSTox; New Zealand Environmental Protection Authority (EPA)\n2.1.2 DSSTox Substance ID\nDTXSID001052515\nEPA DSSTox\n3 Related Records\n3.1 Substances\n3.1.1 PubChem Reference Collection SID\n505565419\nPubChem\n4 Use and Manufacturing\n4.1 Uses\n4.1.1 Household Products\nHousehold & Commercial/Institutiona...\n  - 1 in the following categories is provided:\n• Home Maintenance\n• Inside the Home\n• Personal Care\nConsumer Product Information Database (CPID)\n5 Safety and Hazards\n5.1 Regulatory Information\nNew Zealand EPA Inventory of Chemical Status\nBlue 1: Does not have an individual approval but may be used as a component in a product covered by a group standard.\n  - New Zealand Environmental Protection Authority (EPA)\n6 Biological Test Results\n6.1 BioAssay Results\nPubChem\n7 Information Sources\nFilter by Source\nALL SOURCES\nTOXNET (ChemIDplus)\nCAS Common Chemistry\nChemIDplus\nConsumer Product Information Database (CPID)\nEPA DSSTox\nNew Zealand Environmental Protection Authority (EPA)\nPubChem\nPubChem\nhttps://pubchem.ncbi.nlm.nih.gov\nCAS Common Chemistry\nLICENSE\nThe data from CAS Common Chemistry is provided under a CC-BY-NC 4.0 license, unless otherwise stated.\n  - https://creativecommons.org/licenses/by-nc/4.0/\nBlue 1\nhttps://commonchemistry.cas.org/detail?cas_rn=1341-88-4\nChemIDplus\nLICENSE\nhttps://www.nlm.nih.gov/copyright.html\nBlue 1\nhttps://pubchem.ncbi.nlm.nih.gov/substance/?source=chemidplus&sourceid=0001341884\nEPA DSSTox\nLICENSE\nhttps://www.epa.gov/privacy/privacy-act-laws-policies-and-resources\nBlue 1\nhttps://comptox.epa.gov/dashboard/DTXSID001052515\nNew Zealand Environmental Protection Authority (EPA)\nLICENSE\nThis work is licensed under the Creat...\n  - https://www.epa.govt.nz/about-this-site/general-copyright-statement/\nBlue 1\nhttps://www.epa.govt.nz/industry-areas/hazardous-substances/guidance-for-importers-and-manufacturers/hazardous-substances-databases/\nConsumer Product Information Database (CPID)\nLICENSE\nCopyright (c) 2024 DeLima Associates.\n\n",
  "metadata": {
    "ingredient": "Blue 1",
    "CAS": "1341-88-4",
    "InChIKey": "Not specified",
    "source": "https://pubchem.ncbi.nlm.nih.gov/compound/Blue-1",
    "timestamp": "2025-12-17T14:10:07.881465+00:00",
    "type": "ingredient_information",
    "category": "cosmetics",
    "language": "fr"
  },
  "content_length": 4388,
  "timestamp": 1765992207.1090422
}