{
  "document_name": "beeswax.txt",
  "content": "Inf: ---\ningredient: Beeswax\nsource: https://pubchem.ncbi.nlm.nih.gov/compound/Beeswax\ntimestamp: 2025-12-17 13:22:48 UTC\ntype: ingredient_information\n---\n\nCompound Summary\nBeeswax\nPubChem Reference Collec\nCAS:\n  - It is also used as a coating in the manufacture of modified-release oral preparations\nDrugBank\nRN given refers to cpd with unknown MF\nMedical Subject Headings (MeSH)\n1 Synonyms\nBeeswax\n616-889-9\n8006-40-4\nBees Wax\nDTXSID10891981\nRefChem:12536\n8012-89-3\nPubChem\n2 MeSH Entry Terms\nbeeswax\nyellow wax\nMedical Subject Headings (MeSH)\n3 Names and Identifiers\n3.1 Other Identifiers\n3.1.1 CAS\n8012-89-3\nEuropean Chemicals Agency (ECHA); Australian Industrial Chemicals Introduction Scheme (AICIS); CAS Comm...\n\nInChIKey:\n  - Not specified\n\nChemical Forms:\n  - Not specified\n\nChemical Properties:\n  - Beeswax is used as a stiffening agent in ointments and creams, and enables water to be incorporated to produce water-in-oil emulsions.\n  - It is also used as a coating in the manufacture of modified-release oral preparations\nDrugBank\nRN given refers to cpd with unknown MF\nMedical Subject Headings (MeSH)\n1 Synonyms\nBeeswax\n616-889-9\n8006-40-4\nBees Wax\nDTXSID10891981\nRefChem:12536\n8012-89-3\nPubChem\n2 MeSH Entry Terms\nbeeswax\nyellow wax\nMedical Subject Headings (MeSH)\n3 Names and Identifiers\n3.1 Other Identifiers\n3.1.1 CAS\n8012-89-3\nEuropean Chemicals Agency (ECHA); Australian Industrial Chemicals Introduction Scheme (AICIS); CAS Comm...\n  - 7 Food Additives and Ingredients\n7.1 Food Additive Classes\nJECFA Functional Classes\nTEXTURIZER;\nJoint FAO/WHO Expert Committee on Food Additives (JECFA)\n7.2 FDA Substances Added to Food\n1 of 2 items\nSubstance\nBEESWAX\nUsed for (Technical Effect)\nFLAVORING AGENT OR ADJUVANT, LUBRICANT OR RELEASE AGENT, SURFACE-FINISHING AGENT\nDocument Number (21 eCFR)\n184.1973\n101.4\nFDA Substances Added to Food\n2 of 2 items\nSubstance\nBEESWAX, BLEACHED\nUsed for (Technical Effect)\nFLAVORING AGENT OR ADJUVANT\nDocumen...\n  - 1):1-102, 2005\nCosmetic Ingredient Review (CIR)\n8.1.1 Use Classification\nEPA Safer Chemical Functional Use Classes -> Uncategorized\nEPA Safer Choice\nSafer Chemical Classes ->\nGreen circle - The chemical has been verified to be of low concern\nEPA Safer Choice\nFragrance Ingredients\nInternational Fragrance Association (IFRA)\nTEXTURIZER; -> JECFA Functional Classes\nJoint FAO/WHO Expert Committee on Food Additives (JECFA)\n8.1.2 Household Products\nHousehold & Commercial/Institutional Products\nInformat...\n  - 1):1-102, 2005\nCosmetic Ingredient Review (CIR)\n10.2 EFSA OpenFoodTox\n10.2.1 EFSA Outputs\nEFSA OpenFoodTox\n10.2.2 EFSA Hazard Characterization: Reference Values\nEFSA OpenFoodTox\n10.2.3 EFSA Genotoxicity\nEFSA OpenFoodTox\n11 Literature\n11.1 NLM Curated PubMed Citations\nMedical Subject Headings (MeSH)\n12 Biological Test Results\n12.1 BioAssay Results\nPubChem\n13 Information Sources\nFilter by Source\nALL SOURCES\nTOXNET (ChemIDplus)\nAustralian Industrial Chemicals Introduction Scheme (AICIS)\nCAS Common...\n\nBiological Interactions:\n  - 1):1-102, 2005\nCosmetic Ingredient Review (CIR)\n10.2 EFSA OpenFoodTox\n10.2.1 EFSA Outputs\nEFSA OpenFoodTox\n10.2.2 EFSA Hazard Characterization: Reference Values\nEFSA OpenFoodTox\n10.2.3 EFSA Genotoxicity\nEFSA OpenFoodTox\n11 Literature\n11.1 NLM Curated PubMed Citations\nMedical Subject Headings (MeSH)\n12 Biological Test Results\n12.1 BioAssay Results\nPubChem\n13 Information Sources\nFilter by Source\nALL SOURCES\nTOXNET (ChemIDplus)\nAustralian Industrial Chemicals Introduction Scheme (AICIS)\nCAS Common...\n\nToxicity & Safety:\n  - Primary Hazards\nPrimary Hazards\nLaboratory Chemical Safety Summary (LCSS) Datasheet\nDescription\nThe wax obtained from the honeycomb of the bee.\n  - It is also used as a coating in the manufacture of modified-release oral preparations\nDrugBank\nRN given refers to cpd with unknown MF\nMedical Subject Headings (MeSH)\n1 Synonyms\nBeeswax\n616-889-9\n8006-40-4\nBees Wax\nDTXSID10891981\nRefChem:12536\n8012-89-3\nPubChem\n2 MeSH Entry Terms\nbeeswax\nyellow wax\nMedical Subject Headings (MeSH)\n3 Names and Identifiers\n3.1 Other Identifiers\n3.1.1 CAS\n8012-89-3\nEuropean Chemicals Agency (ECHA); Australian Industrial Chemicals Introduction Scheme (AICIS); CAS Comm...\n  - 1):1-102, 2005\nCosmetic Ingredient Review (CIR)\n4.1.2 Food Additives\nFLAVORING AGENT OR ADJUVANT, LUBRICANT OR RELEASE AGENT, SURFACE-FINISHING AGENT -> FDA Substance added to food\nFDA Substances Added to Food\nFLAVORING AGENT OR ADJUVANT -> FDA Substance added to food\nFDA Substances Added to Food\n4.1.3 Fragrances\nFragrance Ingredient (Beeswax absolute) -> IFRA transparency List\nInternational Fragrance Association (IFRA)\nFragrance Ingredient (Beeswax CO2 extract) -> IFRA transparency List\nInterna...\n  - A sterile preparation of white beeswax, hard paraffin, and isopropyl palmitate (Sterile Surgical Bone Wax) is used to control bleeding from damaged bone during surgery.\n  - 7 Food Additives and Ingredients\n7.1 Food Additive Classes\nJECFA Functional Classes\nTEXTURIZER;\nJoint FAO/WHO Expert Committee on Food Additives (JECFA)\n7.2 FDA Substances Added to Food\n1 of 2 items\nSubstance\nBEESWAX\nUsed for (Technical Effect)\nFLAVORING AGENT OR ADJUVANT, LUBRICANT OR RELEASE AGENT, SURFACE-FINISHING AGENT\nDocument Number (21 eCFR)\n184.1973\n101.4\nFDA Substances Added to Food\n2 of 2 items\nSubstance\nBEESWAX, BLEACHED\nUsed for (Technical Effect)\nFLAVORING AGENT OR ADJUVANT\nDocumen...\n\n",
  "metadata": {
    "ingredient": "Beeswax",
    "CAS": "8006-40-4",
    "InChIKey": "Not specified",
    "source": "https://pubchem.ncbi.nlm.nih.gov/compound/Beeswax",
    "timestamp": "2025-12-17T13:22:49.072680+00:00",
    "type": "ingredient_information",
    "category": "cosmetics",
    "language": "fr"
  },
  "content_length": 5374,
  "timestamp": 1765992207.108042
}