{
  "document_name": "acide_gluconique.txt",
  "content": "Inf: ---\ningredient: Acide Gluconique\nsource: https://pubchem.ncbi.nlm.nih.gov/compound/20055440\ntimestamp: 2025-12-17 14:21:02 UTC\ntype: ingredient_information\n---\n\ncompound Summary\nCholine Gluconate\nPubC\nCAS:\n  - Molecular Weight\n299.32 g/mol\nComputed by PubChem 2.2 (PubChem release 2025.04.14)\nComponent Compounds\nCID 10690 (Gluconic Acid)\nCID 305 (Choline)\nDates\nCreate:\n2007-12-05\nModify:\n2025-12-13\n1 Structures\n1.1 2D Structure\nStructure Search\nGet Image\nDownload Coordinates\nChemical Structure Depiction\nFull screen\nZoom in\nZoom out\nPubChem\n1.2 3D Status\nConformer generation is disallowed since mixture or salt\nPubChem\n2 Names and Identifiers\n2.1 Computed Descriptors\n2.1.1 IUPAC Name\n2-hydroxyethyl(trime...\n\nInChIKey:\n  - Molecular Weight\n299.32 g/mol\nComputed by PubChem 2.2 (PubChem release 2025.04.14)\nComponent Compounds\nCID 10690 (Gluconic Acid)\nCID 305 (Choline)\nDates\nCreate:\n2007-12-05\nModify:\n2025-12-13\n1 Structures\n1.1 2D Structure\nStructure Search\nGet Image\nDownload Coordinates\nChemical Structure Depiction\nFull screen\nZoom in\nZoom out\nPubChem\n1.2 3D Status\nConformer generation is disallowed since mixture or salt\nPubChem\n2 Names and Identifiers\n2.1 Computed Descriptors\n2.1.1 IUPAC Name\n2-hydroxyethyl(trime...\n\nChemical Forms:\n  - Not specified\n\nChemical Properties:\n  - ---\ningredient: Acide Gluconique\nsource: https://pubchem.ncbi.nlm.nih.gov/compound/20055440\ntimestamp: 2025-12-17 14:21:02 UTC\ntype: ingredient_information\n---\n\ncompound Summary\nCholine Gluconate\nPubChem CID\n20055440\nStructure\nMolecular Formula\nC\n11\nH\n25\nNO\n8\nSynonyms\nCholine gluconate\n507-30-2\nCholine gluconate [INN]\nCHOLINE D-GLUCONATE\nUNII-2M607MGJ8U\nView More...\n  - Molecular Weight\n299.32 g/mol\nComputed by PubChem 2.2 (PubChem release 2025.04.14)\nComponent Compounds\nCID 10690 (Gluconic Acid)\nCID 305 (Choline)\nDates\nCreate:\n2007-12-05\nModify:\n2025-12-13\n1 Structures\n1.1 2D Structure\nStructure Search\nGet Image\nDownload Coordinates\nChemical Structure Depiction\nFull screen\nZoom in\nZoom out\nPubChem\n1.2 3D Status\nConformer generation is disallowed since mixture or salt\nPubChem\n2 Names and Identifiers\n2.1 Computed Descriptors\n2.1.1 IUPAC Name\n2-hydroxyethyl(trime...\n  - PubChem\n4.2 Component Compounds\nCID 10690 (Gluconic Acid)\nCID 305 (Choline)\nPubChem\n4.3 Related Compounds\nSame Connectivity Count\n2\nMixtures, Components, and Neutralized Forms Count\n2\nSimilar Compounds (2D)\nView in PubChem Search\nSimilar Conformers (3D)\nView in PubChem Search\nPubChem\n4.4 Substances\n4.4.1 PubChem Reference Collection SID\n500769171\nPubChem\n4.4.2 Related Substances\nSame Count\n22\nPubChem\n4.4.3 Substances by Category\nPubChem\n5 Chemical Vendors\nPubChem\n6 Literature\n6.1 Consolidated Re...\n  - http://www.ebi.ac.uk/Information/termsofuse.html\nhttps://www.ebi.ac.uk/chembl/explore/compound/CHEMBL2104182\nChemIDplus\nLICENSE\nhttps://www.nlm.nih.gov/copyright.html\nCholine gluconate [INN]\nhttps://pubchem.ncbi.nlm.nih.gov/substance/?source=chemidplus&sourceid=0000507302\nChemIDplus Chemical Information Classification\nhttps://pubchem.ncbi.nlm.nih.gov/source/chemidplus\nFDA Global Substance Registration System (GSRS)\nLICENSE\nUnless otherwise noted, the contents of the FDA website (www.fda.gov), bo...\n\nBiological Interactions:\n  - Not specified\n\nToxicity & Safety:\n  - Not specified\n\n",
  "metadata": {
    "ingredient": "Acide Gluconique",
    "CAS": "507-30-2",
    "InChIKey": "Not specified",
    "source": "https://pubchem.ncbi.nlm.nih.gov/compound/20055440",
    "timestamp": "2025-12-17T14:21:03.102810+00:00",
    "type": "ingredient_information",
    "category": "cosmetics",
    "language": "fr"
  },
  "content_length": 3275,
  "timestamp": 1765992207.1030421
}