{
  "document_name": "céramide.txt",
  "content": "Inf: ---\ningredient: Céramide\nsource: https://pubchem.ncbi.nlm.nih.gov/compound/74945544\ntimestamp: 2025-12-17 14:58:43 UTC\ntype: ingredient_information\n---\n\ncompound Summary\nCeramides\nPubChem CID\n74945544\nCAS:\n  - Medical Subject Headings (MeSH)\n1 Structures\n1.1 2D Structure\nStructure Search\nGet Image\nDownload Coordinates\nChemical Structure Depiction\nFull screen\nZoom in\nZoom out\nPubChem\n1.2 3D Status\nConformer generation is disallowed since too flexible\nPubChem\n2 Names and Identifiers\n2.1 Computed Descriptors\n2.1.1 IUPAC Name\nN\n-(1,3,4-trihydroxyoctadecan-2-yl)octadec-9-enamide\nComputed by Lexichem TK 2.7.0 (PubChem release 2025.04.14)\nPubChem\n2.1.2 InChI\nInChI=1S/C36H71NO4/c1-3-5-7-9-11-13-15-17-18-19-21...\n\nInChIKey:\n  - Medical Subject Headings (MeSH)\n1 Structures\n1.1 2D Structure\nStructure Search\nGet Image\nDownload Coordinates\nChemical Structure Depiction\nFull screen\nZoom in\nZoom out\nPubChem\n1.2 3D Status\nConformer generation is disallowed since too flexible\nPubChem\n2 Names and Identifiers\n2.1 Computed Descriptors\n2.1.1 IUPAC Name\nN\n-(1,3,4-trihydroxyoctadecan-2-yl)octadec-9-enamide\nComputed by Lexichem TK 2.7.0 (PubChem release 2025.04.14)\nPubChem\n2.1.2 InChI\nInChI=1S/C36H71NO4/c1-3-5-7-9-11-13-15-17-18-19-21...\n\nChemical Forms:\n  - Not specified\n\nChemical Properties:\n  - ---\ningredient: Céramide\nsource: https://pubchem.ncbi.nlm.nih.gov/compound/74945544\ntimestamp: 2025-12-17 14:58:43 UTC\ntype: ingredient_information\n---\n\ncompound Summary\nCeramides\nPubChem CID\n74945544\nStructure\nPrimary Hazards\nNot Classified\nLaboratory Chemical Safety Summary (LCSS) Datasheet\nMolecular Formula\nC\n36\nH\n71\nNO\n4\nSynonyms\n100403-19-8\nN-(1,3,4-TRIHYDROXYOCTADECAN-2-YL)OCTADEC-9-ENAMIDE\nRefChem:124459\nSCHEMBL29009460\nATGQXSBKTQANOH-UHFFFAOYSA-N\nView More...\n  - Medical Subject Headings (MeSH)\n1 Structures\n1.1 2D Structure\nStructure Search\nGet Image\nDownload Coordinates\nChemical Structure Depiction\nFull screen\nZoom in\nZoom out\nPubChem\n1.2 3D Status\nConformer generation is disallowed since too flexible\nPubChem\n2 Names and Identifiers\n2.1 Computed Descriptors\n2.1.1 IUPAC Name\nN\n-(1,3,4-trihydroxyoctadecan-2-yl)octadec-9-enamide\nComputed by Lexichem TK 2.7.0 (PubChem release 2025.04.14)\nPubChem\n2.1.2 InChI\nInChI=1S/C36H71NO4/c1-3-5-7-9-11-13-15-17-18-19-21...\n  - https://creativecommons.org/licenses/by-nc/4.0/\nCeramides\nhttps://commonchemistry.cas.org/detail?cas_rn=100403-19-8\nEuropean Chemicals Agency (ECHA)\nLICENSE\nUse of the information, documents and data from the ECHA website is subject to the terms and conditions of this Legal Notice, and subject to other binding limitations provided for under applicable law, the information, documents and data made available on the ECHA website may be reproduced, distributed and/or used, totally or in part, for no...\n\nBiological Interactions:\n  - Not specified\n\nToxicity & Safety:\n  - ---\ningredient: Céramide\nsource: https://pubchem.ncbi.nlm.nih.gov/compound/74945544\ntimestamp: 2025-12-17 14:58:43 UTC\ntype: ingredient_information\n---\n\ncompound Summary\nCeramides\nPubChem CID\n74945544\nStructure\nPrimary Hazards\nNot Classified\nLaboratory Chemical Safety Summary (LCSS) Datasheet\nMolecular Formula\nC\n36\nH\n71\nNO\n4\nSynonyms\n100403-19-8\nN-(1,3,4-TRIHYDROXYOCTADECAN-2-YL)OCTADEC-9-ENAMIDE\nRefChem:124459\nSCHEMBL29009460\nATGQXSBKTQANOH-UHFFFAOYSA-N\nView More...\n  - Medical Subject Headings (MeSH)\n1 Structures\n1.1 2D Structure\nStructure Search\nGet Image\nDownload Coordinates\nChemical Structure Depiction\nFull screen\nZoom in\nZoom out\nPubChem\n1.2 3D Status\nConformer generation is disallowed since too flexible\nPubChem\n2 Names and Identifiers\n2.1 Computed Descriptors\n2.1.1 IUPAC Name\nN\n-(1,3,4-trihydroxyoctadecan-2-yl)octadec-9-enamide\nComputed by Lexichem TK 2.7.0 (PubChem release 2025.04.14)\nPubChem\n2.1.2 InChI\nInChI=1S/C36H71NO4/c1-3-5-7-9-11-13-15-17-18-19-21...\n  - PubChem\n4.2 Related Compounds\nSame Connectivity Count\n8\nSame Parent, Connectivity Count\n8\nSimilar Compounds (2D)\nView in PubChem Search\nSimilar Conformers (3D)\nView in PubChem Search\nPubChem\n4.3 Substances\n4.3.1 PubChem Reference Collection SID\n500767877\nPubChem\n4.3.2 Related Substances\nSame Count\n28\nPubChem\n4.3.3 Substances by Category\nPubChem\n5 Chemical Vendors\nPubChem\n6 Use and Manufacturing\n6.1 Uses\n6.1.1 Use Classification\nCosmetics -> Skin protecting; Skin conditioning; Hair conditioning\nS...\n  - GHS Hazard Statements\nNot Classified\nReported as not meeting GHS hazard criteria by 145 of 147 companies (only 1.4% companies provided GHS information).\n  - ECHA C&L Notifications Summary\nAggregated GHS information provided per 147 reports by companies from 2 notifications to the ECHA C&L Inventory.\n\n",
  "metadata": {
    "ingredient": "Céramide",
    "CAS": "100403-19-8",
    "InChIKey": "ATGQXSBKTQANOH-UHFFFAOYSA-N",
    "source": "https://pubchem.ncbi.nlm.nih.gov/compound/74945544",
    "timestamp": "2025-12-17T14:58:43.297126+00:00",
    "type": "ingredient_information",
    "category": "cosmetics",
    "language": "fr"
  },
  "content_length": 4649,
  "timestamp": 1765992207.114042
}