{
  "document_name": "glycol_stéarate.txt",
  "content": "Inf: ---\ningredient: Glycol stéarate\nsource: https://pubchem.ncbi.nlm.nih.gov/compound/129643899\ntimestamp: 2025-12-17 13:00:49 UTC\ntype: ingredient_information\n---\n\ncompound Summary\nGlycol Stearate 2-Hydr\nCAS:\n  - Not specified\n\nInChIKey:\n  - ---\ningredient: Glycol stéarate\nsource: https://pubchem.ncbi.nlm.nih.gov/compound/129643899\ntimestamp: 2025-12-17 13:00:49 UTC\ntype: ingredient_information\n---\n\ncompound Summary\nGlycol Stearate 2-Hydroxyethylstearat\nPubChem CID\n129643899\nStructure\nMolecular Formula\nC\n40\nH\n78\nO\n5\nSynonyms\nGlycol Stearate 2-Hydroxyethylstearat\nMolecular Weight\n639.0 g/mol\nComputed by PubChem 2.2 (PubChem release 2024.11.20)\nDates\nCreate:\n2017-09-13\nModify:\n2025-12-13\n1 Structures\n1.1 2D Structure\nStructure Search...\n\nChemical Forms:\n  - Not specified\n\nChemical Properties:\n  - ---\ningredient: Glycol stéarate\nsource: https://pubchem.ncbi.nlm.nih.gov/compound/129643899\ntimestamp: 2025-12-17 13:00:49 UTC\ntype: ingredient_information\n---\n\ncompound Summary\nGlycol Stearate 2-Hydroxyethylstearat\nPubChem CID\n129643899\nStructure\nMolecular Formula\nC\n40\nH\n78\nO\n5\nSynonyms\nGlycol Stearate 2-Hydroxyethylstearat\nMolecular Weight\n639.0 g/mol\nComputed by PubChem 2.2 (PubChem release 2024.11.20)\nDates\nCreate:\n2017-09-13\nModify:\n2025-12-13\n1 Structures\n1.1 2D Structure\nStructure Search...\n\nBiological Interactions:\n  - Not specified\n\nToxicity & Safety:\n  - Not specified\n\n",
  "metadata": {
    "ingredient": "Glycol stéarate",
    "CAS": "Not specified",
    "InChIKey": "Not specified",
    "source": "https://pubchem.ncbi.nlm.nih.gov/compound/129643899",
    "timestamp": "2025-12-17T13:00:49.963640+00:00",
    "type": "ingredient_information",
    "category": "cosmetics",
    "language": "fr"
  },
  "content_length": 1394,
  "timestamp": 1765992207.1190422
}