{
  "document_name": "rouge_6.txt",
  "content": "Inf: ---\ningredient: Rouge 6\nsource: https://pubchem.ncbi.nlm.nih.gov/compound/138394667\ntimestamp: 2025-12-17 13:53:45 UTC\ntype: ingredient_information\n---\n\ncompound Summary\nRouge Reactif REN 208 tetrasod\nCAS:\n  - Not specified\n\nInChIKey:\n  - ---\ningredient: Rouge 6\nsource: https://pubchem.ncbi.nlm.nih.gov/compound/138394667\ntimestamp: 2025-12-17 13:53:45 UTC\ntype: ingredient_information\n---\n\ncompound Summary\nRouge Reactif REN 208 tetrasodium salt\nPubChem CID\n138394667\nStructure\nMolecular Formula\nC\n44\nH\n32\nClFN\n14\nNa\n4\nO\n17\nS\n5\nSynonyms\nDTXSID40904311\nRouge Reactif REN 208 tetrasodium salt\nMolecular Weight\n1335.6 g/mol\nComputed by PubChem 2.1 (PubChem release 2021.05.07)\nParent Compound\nCID 136274487 (Rouge Reactif REN 208 Parent)\nCo...\n\nChemical Forms:\n  - Not specified\n\nChemical Properties:\n  - ---\ningredient: Rouge 6\nsource: https://pubchem.ncbi.nlm.nih.gov/compound/138394667\ntimestamp: 2025-12-17 13:53:45 UTC\ntype: ingredient_information\n---\n\ncompound Summary\nRouge Reactif REN 208 tetrasodium salt\nPubChem CID\n138394667\nStructure\nMolecular Formula\nC\n44\nH\n32\nClFN\n14\nNa\n4\nO\n17\nS\n5\nSynonyms\nDTXSID40904311\nRouge Reactif REN 208 tetrasodium salt\nMolecular Weight\n1335.6 g/mol\nComputed by PubChem 2.1 (PubChem release 2021.05.07)\nParent Compound\nCID 136274487 (Rouge Reactif REN 208 Parent)\nCo...\n  - PubChem\n4.2 Parent Compound\nCID 136274487 (Rouge Reactif REN 208 Parent)\nPubChem\n4.3 Component Compounds\nCID 136274487 (Rouge Reactif REN 208 Parent)\nCID 5360545 (Sodium)\nPubChem\n4.4 Related Compounds\nSame Parent, Exact Count\n4\nMixtures, Components, and Neutralized Forms Count\n2\nSimilar Compounds (2D)\nView in PubChem Search\nSimilar Conformers (3D)\nView in PubChem Search\nPubChem\n4.5 Substances\n4.5.1 Related Substances\nSame Count\n1\nPubChem\n4.5.2 Substances by Category\nPubChem\n5 Classification\n5.1...\n\nBiological Interactions:\n  - Not specified\n\nToxicity & Safety:\n  - ---\ningredient: Rouge 6\nsource: https://pubchem.ncbi.nlm.nih.gov/compound/138394667\ntimestamp: 2025-12-17 13:53:45 UTC\ntype: ingredient_information\n---\n\ncompound Summary\nRouge Reactif REN 208 tetrasodium salt\nPubChem CID\n138394667\nStructure\nMolecular Formula\nC\n44\nH\n32\nClFN\n14\nNa\n4\nO\n17\nS\n5\nSynonyms\nDTXSID40904311\nRouge Reactif REN 208 tetrasodium salt\nMolecular Weight\n1335.6 g/mol\nComputed by PubChem 2.1 (PubChem release 2021.05.07)\nParent Compound\nCID 136274487 (Rouge Reactif REN 208 Parent)\nCo...\n  - PubChem\n4.2 Parent Compound\nCID 136274487 (Rouge Reactif REN 208 Parent)\nPubChem\n4.3 Component Compounds\nCID 136274487 (Rouge Reactif REN 208 Parent)\nCID 5360545 (Sodium)\nPubChem\n4.4 Related Compounds\nSame Parent, Exact Count\n4\nMixtures, Components, and Neutralized Forms Count\n2\nSimilar Compounds (2D)\nView in PubChem Search\nSimilar Conformers (3D)\nView in PubChem Search\nPubChem\n4.5 Substances\n4.5.1 Related Substances\nSame Count\n1\nPubChem\n4.5.2 Substances by Category\nPubChem\n5 Classification\n5.1...\n\n",
  "metadata": {
    "ingredient": "Rouge 6",
    "CAS": "Not specified",
    "InChIKey": "Not specified",
    "source": "https://pubchem.ncbi.nlm.nih.gov/compound/138394667",
    "timestamp": "2025-12-17T13:53:46.129786+00:00",
    "type": "ingredient_information",
    "category": "cosmetics",
    "language": "fr"
  },
  "content_length": 2900,
  "timestamp": 1765992207.1290421
}