{
  "document_name": "ethylhexyl_salicylate.txt",
  "content": "Inf: ---\ningredient: Ethylhexyl Salicylate\nsource: https://pubchem.ncbi.nlm.nih.gov/compound/8364\ntimestamp: 2025-12-17 14:22:21 UTC\ntype: ingredient_information\n---\n\ncompound Summary\n2-Ethylhexyl salicyla\nCAS:\n  - 1 Structures\n1.1 2D Structure\nStructure Search\nGet Image\nDownload Coordinates\nChemical Structure Depiction\nFull screen\nZoom in\nZoom out\nPubChem\n1.2 3D Conformer\nPubChem\n2 Names and Identifiers\n2.1 Computed Descriptors\n2.1.1 IUPAC Name\n2-ethylhexyl 2-hydroxybenzoate\nComputed by Lexichem TK 2.7.0 (PubChem release 2025.04.14)\nPubChem\n2.1.2 InChI\nInChI=1S/C15H22O3/c1-3-5-8-12(4-2)11-18-15(17)13-9-6-7-10-14(13)16/h6-7,9-10,12,16H,3-5,8,11H2,1-2H3\nComputed by InChI 1.07.2 (PubChem release 2025.04.14)...\n\nInChIKey:\n  - 1 Structures\n1.1 2D Structure\nStructure Search\nGet Image\nDownload Coordinates\nChemical Structure Depiction\nFull screen\nZoom in\nZoom out\nPubChem\n1.2 3D Conformer\nPubChem\n2 Names and Identifiers\n2.1 Computed Descriptors\n2.1.1 IUPAC Name\n2-ethylhexyl 2-hydroxybenzoate\nComputed by Lexichem TK 2.7.0 (PubChem release 2025.04.14)\nPubChem\n2.1.2 InChI\nInChI=1S/C15H22O3/c1-3-5-8-12(4-2)11-18-15(17)13-9-6-7-10-14(13)16/h6-7,9-10,12,16H,3-5,8,11H2,1-2H3\nComputed by InChI 1.07.2 (PubChem release 2025.04.14)...\n\nChemical Forms:\n  - Not specified\n\nChemical Properties:\n  - ---\ningredient: Ethylhexyl Salicylate\nsource: https://pubchem.ncbi.nlm.nih.gov/compound/8364\ntimestamp: 2025-12-17 14:22:21 UTC\ntype: ingredient_information\n---\n\ncompound Summary\n2-Ethylhexyl salicylate\nPubChem CID\n8364\nStructure\nPrimary Hazards\nLaboratory Chemical Safety Summary (LCSS) Datasheet\nMolecular Formula\nC\n15\nH\n22\nO\n3\nSynonyms\n2-ETHYLHEXYL SALICYLATE\nOctisalate\n118-60-5\n2-Ethylhexyl 2-hydroxybenzoate\nBenzoic acid, 2-hydroxy-, 2-ethylhexyl ester\nView More...\n  - ChEBI\nThe Panel concluded that the following ingredients are safe in cosmetics in the present practices of use and concentration described in the safety assessment, when formulated to be non-irritating and non-sensitizing, which may be based on a quantitative risk assessment (QRA)...Ethylhexyl Salicylate...\n  - 1 Structures\n1.1 2D Structure\nStructure Search\nGet Image\nDownload Coordinates\nChemical Structure Depiction\nFull screen\nZoom in\nZoom out\nPubChem\n1.2 3D Conformer\nPubChem\n2 Names and Identifiers\n2.1 Computed Descriptors\n2.1.1 IUPAC Name\n2-ethylhexyl 2-hydroxybenzoate\nComputed by Lexichem TK 2.7.0 (PubChem release 2025.04.14)\nPubChem\n2.1.2 InChI\nInChI=1S/C15H22O3/c1-3-5-8-12(4-2)11-18-15(17)13-9-6-7-10-14(13)16/h6-7,9-10,12,16H,3-5,8,11H2,1-2H3\nComputed by InChI 1.07.2 (PubChem release 2025.04.14)...\n  - JASMS 2022; 33; 1061-1072.\n  - DOI:10.1021/jasms.2c00111\nCCSbase\n3.2.3 Kovats Retention Index\nStandard non-polar\n1769\nSemi-standard non-polar\n1816.7\n,\n1805\n,\n1814\n,\n1807\nNIST Mass Spectrometry Data Center\n3.3 Chemical Classes\nUV filter\nS120 | DUSTCT2024 | Substances from Second NORMAN Collaborative Dust Trial |\nDOI:10.5281/zenodo.13835254\nNORMAN Suspect List Exchange\n3.3.1 Cosmetics\nCosmetic ingredients (\nEthylhexyl Salicylate\n) -> CIR (Cosmetic Ingredient Review)\nInternational Journal of Toxicology 22(Suppl 3):1-108, 2003\nFi...\n\nBiological Interactions:\n  - DrugBank\n8.4 Protein Binding\nIntended for local use only, no systemic absorption.\n  - International Journal of Toxicology 22(Suppl 3):1-108, 2003\nFinal Report 04/2019 Available from CIR\nCosmetic Ingredient Review (CIR)\nCosmetic Ingredient Review Finding(s)\nSafe for use in cosmetics, with qualifications\nInternational Journal of Toxicology 22(Suppl 3):1-108, 2003\nFinal Report 04/2019 Available from CIR\nCosmetic Ingredient Review (CIR)\n11.1.2 Acute Effects\nChemIDplus\n12 Literature\n12.1 Consolidated References\nPubChem\n12.2 NLM Curated PubMed Citations\nMedical Subject Headings (MeSH)...\n  - http://www.ebi.ac.uk/Information/termsofuse.html\nhttps://www.ebi.ac.uk/chembl/explore/compound/CHEMBL1329203\nChEMBL Protein Target Tree\nhttps://www.ebi.ac.uk/chembl/g/#browse/targets\nComparative Toxicogenomics Database (CTD)\nLICENSE\nIt is to be used only for research and educational purposes.\n\nToxicity & Safety:\n  - ---\ningredient: Ethylhexyl Salicylate\nsource: https://pubchem.ncbi.nlm.nih.gov/compound/8364\ntimestamp: 2025-12-17 14:22:21 UTC\ntype: ingredient_information\n---\n\ncompound Summary\n2-Ethylhexyl salicylate\nPubChem CID\n8364\nStructure\nPrimary Hazards\nLaboratory Chemical Safety Summary (LCSS) Datasheet\nMolecular Formula\nC\n15\nH\n22\nO\n3\nSynonyms\n2-ETHYLHEXYL SALICYLATE\nOctisalate\n118-60-5\n2-Ethylhexyl 2-hydroxybenzoate\nBenzoic acid, 2-hydroxy-, 2-ethylhexyl ester\nView More...\n  - ChEBI\nThe Panel concluded that the following ingredients are safe in cosmetics in the present practices of use and concentration described in the safety assessment, when formulated to be non-irritating and non-sensitizing, which may be based on a quantitative risk assessment (QRA)...Ethylhexyl Salicylate...\n  - International Journal of Toxicology 22(Suppl 3):1-108, 2003\nFinal Report 04/2019 Available from CIR\nCosmetic Ingredient Review (CIR)\nAlso known as Ethylhexyl Salicylate.\n  - Octyl salicylate\nappears to have a good safety profile.\n  - 1 Structures\n1.1 2D Structure\nStructure Search\nGet Image\nDownload Coordinates\nChemical Structure Depiction\nFull screen\nZoom in\nZoom out\nPubChem\n1.2 3D Conformer\nPubChem\n2 Names and Identifiers\n2.1 Computed Descriptors\n2.1.1 IUPAC Name\n2-ethylhexyl 2-hydroxybenzoate\nComputed by Lexichem TK 2.7.0 (PubChem release 2025.04.14)\nPubChem\n2.1.2 InChI\nInChI=1S/C15H22O3/c1-3-5-8-12(4-2)11-18-15(17)13-9-6-7-10-14(13)16/h6-7,9-10,12,16H,3-5,8,11H2,1-2H3\nComputed by InChI 1.07.2 (PubChem release 2025.04.14)...\n\n",
  "metadata": {
    "ingredient": "Ethylhexyl Salicylate",
    "CAS": "118-60-5",
    "InChIKey": "Not specified",
    "source": "https://pubchem.ncbi.nlm.nih.gov/compound/8364",
    "timestamp": "2025-12-17T14:22:21.389776+00:00",
    "type": "ingredient_information",
    "category": "cosmetics",
    "language": "fr"
  },
  "content_length": 5596,
  "timestamp": 1765992207.117042
}