{
  "document_name": "menthe.txt",
  "content": "Inf: ---\ningredient: Menthe\nsource: https://pubchem.ncbi.nlm.nih.gov/compound/70954\ntimestamp: 2025-12-17 13:37:17 UTC\ntype: ingredient_information\n---\n\ncompound Summary\n(+)-p-Menth-1-ene\nPubChem CID\n70954\nCAS:\n  - LOTUS - the natural products occurrence database\n1 Structures\n1.1 2D Structure\nStructure Search\nGet Image\nDownload Coordinates\nChemical Structure Depiction\nFull screen\nZoom in\nZoom out\nPubChem\n1.2 3D Conformer\nPubChem\n2 Names and Identifiers\n2.1 Computed Descriptors\n2.1.1 IUPAC Name\n(4\nR\n)-1-methyl-4-propan-2-ylcyclohexene\nComputed by Lexichem TK 2.7.0 (PubChem release 2025.04.14)\nPubChem\n2.1.2 InChI\nInChI=1S/C10H18/c1-8(2)10-6-4-9(3)5-7-10/h4,8,10H,5-7H2,1-3H3/t10-/m0/s1\nComputed by InChI 1.07....\n\nInChIKey:\n  - LOTUS - the natural products occurrence database\n1 Structures\n1.1 2D Structure\nStructure Search\nGet Image\nDownload Coordinates\nChemical Structure Depiction\nFull screen\nZoom in\nZoom out\nPubChem\n1.2 3D Conformer\nPubChem\n2 Names and Identifiers\n2.1 Computed Descriptors\n2.1.1 IUPAC Name\n(4\nR\n)-1-methyl-4-propan-2-ylcyclohexene\nComputed by Lexichem TK 2.7.0 (PubChem release 2025.04.14)\nPubChem\n2.1.2 InChI\nInChI=1S/C10H18/c1-8(2)10-6-4-9(3)5-7-10/h4,8,10H,5-7H2,1-3H3/t10-/m0/s1\nComputed by InChI 1.07....\n\nChemical Forms:\n  - Not specified\n\nChemical Properties:\n  - ---\ningredient: Menthe\nsource: https://pubchem.ncbi.nlm.nih.gov/compound/70954\ntimestamp: 2025-12-17 13:37:17 UTC\ntype: ingredient_information\n---\n\ncompound Summary\n(+)-p-Menth-1-ene\nPubChem CID\n70954\nStructure\nPrimary Hazards\nLaboratory Chemical Safety Summary (LCSS) Datasheet\nMolecular Formula\nC\n10\nH\n18\nSynonyms\n1195-31-9\n(+)-p-Menth-1-ene\n(R)-4-(Isopropyl)-1-methylcyclohexene\nRefChem:407318\n214-794-3\nView More...\n  - LOTUS - the natural products occurrence database\n1 Structures\n1.1 2D Structure\nStructure Search\nGet Image\nDownload Coordinates\nChemical Structure Depiction\nFull screen\nZoom in\nZoom out\nPubChem\n1.2 3D Conformer\nPubChem\n2 Names and Identifiers\n2.1 Computed Descriptors\n2.1.1 IUPAC Name\n(4\nR\n)-1-methyl-4-propan-2-ylcyclohexene\nComputed by Lexichem TK 2.7.0 (PubChem release 2025.04.14)\nPubChem\n2.1.2 InChI\nInChI=1S/C10H18/c1-8(2)10-6-4-9(3)5-7-10/h4,8,10H,5-7H2,1-3H3/t10-/m0/s1\nComputed by InChI 1.07....\n  - PubChem\n5.2 Related Compounds\nSame Connectivity Count\n4\nSame Isotope Count\n3\nSame Parent, Connectivity Count\n12\nSame Parent, Isotope Count\n11\nMixtures, Components, and Neutralized Forms Count\n19\nSimilar Compounds (2D)\nView in PubChem Search\nSimilar Conformers (3D)\nView in PubChem Search\nPubChem\n5.3 Substances\n5.3.1 PubChem Reference Collection SID\n505403048\nPubChem\n5.3.2 Related Substances\nAll Count\n72\nSame Count\n53\nMixture Count\n19\nPubChem\n5.3.3 Substances by Category\nPubChem\n6 Chemical Vendors...\n  - https://creativecommons.org/licenses/by-nc/4.0/\n(+)-p-Menth-1-ene\nhttps://commonchemistry.cas.org/detail?cas_rn=1195-31-9\np-Menthene\nhttps://commonchemistry.cas.org/detail?cas_rn=29350-67-2\nChemIDplus\nLICENSE\nhttps://www.nlm.nih.gov/copyright.html\n(R)-4-(Isopropyl)-1-methylcyclohexene\nhttps://pubchem.ncbi.nlm.nih.gov/substance/?source=chemidplus&sourceid=0001195319\nChemIDplus Chemical Information Classification\nhttps://pubchem.ncbi.nlm.nih.gov/source/chemidplus\nEPA DSSTox\nLICENSE\nhttps://www.epa...\n\nBiological Interactions:\n  - Not specified\n\nToxicity & Safety:\n  - ---\ningredient: Menthe\nsource: https://pubchem.ncbi.nlm.nih.gov/compound/70954\ntimestamp: 2025-12-17 13:37:17 UTC\ntype: ingredient_information\n---\n\ncompound Summary\n(+)-p-Menth-1-ene\nPubChem CID\n70954\nStructure\nPrimary Hazards\nLaboratory Chemical Safety Summary (LCSS) Datasheet\nMolecular Formula\nC\n10\nH\n18\nSynonyms\n1195-31-9\n(+)-p-Menth-1-ene\n(R)-4-(Isopropyl)-1-methylcyclohexene\nRefChem:407318\n214-794-3\nView More...\n  - LOTUS - the natural products occurrence database\n1 Structures\n1.1 2D Structure\nStructure Search\nGet Image\nDownload Coordinates\nChemical Structure Depiction\nFull screen\nZoom in\nZoom out\nPubChem\n1.2 3D Conformer\nPubChem\n2 Names and Identifiers\n2.1 Computed Descriptors\n2.1.1 IUPAC Name\n(4\nR\n)-1-methyl-4-propan-2-ylcyclohexene\nComputed by Lexichem TK 2.7.0 (PubChem release 2025.04.14)\nPubChem\n2.1.2 InChI\nInChI=1S/C10H18/c1-8(2)10-6-4-9(3)5-7-10/h4,8,10H,5-7H2,1-3H3/t10-/m0/s1\nComputed by InChI 1.07....\n  - PubChem\n5.2 Related Compounds\nSame Connectivity Count\n4\nSame Isotope Count\n3\nSame Parent, Connectivity Count\n12\nSame Parent, Isotope Count\n11\nMixtures, Components, and Neutralized Forms Count\n19\nSimilar Compounds (2D)\nView in PubChem Search\nSimilar Conformers (3D)\nView in PubChem Search\nPubChem\n5.3 Substances\n5.3.1 PubChem Reference Collection SID\n505403048\nPubChem\n5.3.2 Related Substances\nAll Count\n72\nSame Count\n53\nMixture Count\n19\nPubChem\n5.3.3 Substances by Category\nPubChem\n6 Chemical Vendors...\n  - The percentage value in parenthesis indicates the notified classification ratio from companies that provide hazard codes.\n  - Only hazard codes with percentage values above 10% are shown.\n\n",
  "metadata": {
    "ingredient": "Menthe",
    "CAS": "1195-31-9",
    "InChIKey": "Not specified",
    "source": "https://pubchem.ncbi.nlm.nih.gov/compound/70954",
    "timestamp": "2025-12-17T13:37:17.917369+00:00",
    "type": "ingredient_information",
    "category": "cosmetics",
    "language": "fr"
  },
  "content_length": 4940,
  "timestamp": 1765992207.1220422
}