{
  "document_name": "honey.txt",
  "content": "Inf: ---\ningredient: Honey\nsource: https://pubchem.ncbi.nlm.nih.gov/compound/Honey\ntimestamp: 2025-12-17 14:40:39 UTC\ntype: ingredient_information\n---\n\nCompound Summary\nHoney\nPubChem Reference Collection S\nCAS:\n  - 1 Synonyms\nHoney\nRefChem:38965\n8028-66-8\nMel\nY9H1V576FH\nFeng Mi\nFengmi\nHoney, purified\nRevamil\n617-041-0\nDTXSID90873846\nHONEY (EP MONOGRAPH)\nHoney Absolute\nHoney Preparation\nHoney in hot hydroglycol\nNeutral handmade Blue\nNeutral handmade Purple\nUNII-Y9H1V576FH\nPubChem\n2 Names and Identifiers\n2.1 Other Identifiers\n2.1.1 CAS\n8028-66-8\nEuropean Chemicals Agency (ECHA); Australian Industrial Chemicals Introduction Scheme (AICIS); CAS Common Chemistry; ChemIDplus; EPA DSSTox; New Zealand Environmenta...\n\nInChIKey:\n  - Not specified\n\nChemical Forms:\n  - Not specified\n\nChemical Properties:\n  - 1 Synonyms\nHoney\nRefChem:38965\n8028-66-8\nMel\nY9H1V576FH\nFeng Mi\nFengmi\nHoney, purified\nRevamil\n617-041-0\nDTXSID90873846\nHONEY (EP MONOGRAPH)\nHoney Absolute\nHoney Preparation\nHoney in hot hydroglycol\nNeutral handmade Blue\nNeutral handmade Purple\nUNII-Y9H1V576FH\nPubChem\n2 Names and Identifiers\n2.1 Other Identifiers\n2.1.1 CAS\n8028-66-8\nEuropean Chemicals Agency (ECHA); Australian Industrial Chemicals Introduction Scheme (AICIS); CAS Common Chemistry; ChemIDplus; EPA DSSTox; New Zealand Environmenta...\n  - New Zealand Environmental Protection Authority (EPA)\n5.3 Other Safety Information\nChemical Assessment\nIMAP assessments - Honey: Human health tier I assessment\nAustralian Industrial Chemicals Introduction Scheme (AICIS)\n6 Information Sources\nFilter by Source\nALL SOURCES\nTOXNET (ChemIDplus)\nAustralian Industrial Chemicals Introduction Scheme (AICIS)\nCAS Common Chemistry\nChemIDplus\nConsumer Product Information Database (CPID)\nEPA DSSTox\nEuropean Chemicals Agency (ECHA)\nFDA Global Substance Registra...\n  - https://www.nlm.nih.gov/research/umls/rxnorm/docs/termsofservice.html\nhoney preparation\nhttps://rxnav.nlm.nih.gov/id/rxnorm/285279\nCite\nDownload\nCONTENTS\nTitle and Summary\n1 Synonyms\n2 Names and Identifiers\nExpand this menu\n3 Related Records\nExpand this menu\n4 Use and Manufacturing\nExpand this menu\n5 Safety and Hazards\nExpand this menu\n6 Information Sources\n\nBiological Interactions:\n  - Not specified\n\nToxicity & Safety:\n  - Primary Hazards\nPrimary Hazards\nLaboratory Chemical Safety Summary (LCSS) Datasheet\nDescription\nHoney is a sweet and viscous fluid produced by honey bees from flower nectar and other plant fluids.\n  - 1 Synonyms\nHoney\nRefChem:38965\n8028-66-8\nMel\nY9H1V576FH\nFeng Mi\nFengmi\nHoney, purified\nRevamil\n617-041-0\nDTXSID90873846\nHONEY (EP MONOGRAPH)\nHoney Absolute\nHoney Preparation\nHoney in hot hydroglycol\nNeutral handmade Blue\nNeutral handmade Purple\nUNII-Y9H1V576FH\nPubChem\n2 Names and Identifiers\n2.1 Other Identifiers\n2.1.1 CAS\n8028-66-8\nEuropean Chemicals Agency (ECHA); Australian Industrial Chemicals Introduction Scheme (AICIS); CAS Common Chemistry; ChemIDplus; EPA DSSTox; New Zealand Environmenta...\n  - john'S wort; sweet marjoram; syzygium aromaticum fruit; tangerine; thyme; vanilla\n(component of)\nPubChem\n4 Use and Manufacturing\n4.1 Uses\n4.1.1 Household Products\nHousehold & Commercial/Institutional Products\nInformation on 34 consumer products that contain Honey in the following categories is provided:\n• Personal Care\nConsumer Product Information Database (CPID)\n5 Safety and Hazards\n5.1 Hazards Identification\n5.1.1 GHS Classification\nNote\nThis chemical does not meet GHS hazard criteria for 100%...\n  - GHS Hazard Statements\nNot Classified\nReported as not meeting GHS hazard criteria by 105 of 105 companies.\n  - ECHA C&L Notifications Summary\nAggregated GHS information provided per 105 reports by companies from 1 notifications to the ECHA C&L Inventory.\n\n",
  "metadata": {
    "ingredient": "Honey",
    "CAS": "8028-66-8",
    "InChIKey": "Not specified",
    "source": "https://pubchem.ncbi.nlm.nih.gov/compound/Honey",
    "timestamp": "2025-12-17T14:40:39.636786+00:00",
    "type": "ingredient_information",
    "category": "cosmetics",
    "language": "fr"
  },
  "content_length": 3725,
  "timestamp": 1765992207.120042
}