{
  "document_name": "pva.txt",
  "content": "Inf: ---\ningredient: PVA\nsource: https://pubchem.ncbi.nlm.nih.gov/compound/Princivalleite\ntimestamp: 2025-12-17 13:57:21 UTC\ntype: ingredient_information\n---\n\nCompound Summary\nPrincivalleite\nPubChem Refere\nCAS:\n  - Not specified\n\nInChIKey:\n  - Not specified\n\nChemical Forms:\n  - Not specified\n\nChemical Properties:\n  - Description\nPrincivalleite is a mineral with formula of Na(Mn\n2+\n2\nAl)Al\n6\n(Si\n6\nO\n18\n)(BO\n3\n)\n3\n(OH)\n3\nO or Na(Mn\n2\nAl)Al\n6\n(Si\n6\nO\n18\n)(BO\n3\n)\n3\n(OH)\n3\nO.\n  - RRUFF Project\n1 Synonyms\nPrincivalleite\nPva\nRefChem:4206\nPubChem\n2 Related Records\n2.1 Substances\n2.1.1 PubChem Reference Collection SID\n481105546\nPubChem\n3 Minerals\n1 of 4 items\nName\nPRINCIVALLEITE\nFormula\nNa(Mn2Al)Al6(Si6O18)(BO3)3(OH)3O\nSystem\nRhomboedral (trigonal)\nAthena Minerals\n2 of 4 items\nName\nPrincivalleite\nIMA Number / Year\n2020-056\nIMA Symbol\nPva\nStatus\nA - Approved\nFormula\nNa(Mn2Al)Al6(Si6O18)(BO3)3(OH)3O\nReference(s)\nMineralogical Magazine 86 (2022), 78\nPhysics and Chemistry of Min...\n  - To view a copy of this license, visit\nhttp://creativecommons.org/licenses/by-sa/3.0/\nhttp://cnmnc.units.it/\nPrincivalleite\nhttps://cnmnc.units.it/\nHandbook of Mineralogy\nPrincivalleite\nhttp://www.handbookofmineralogy.org/pdfs/Princivalleite.pdf\nRRUFF Project\nPrincivalleite\nhttps://www.rruff.net/ima/Princivalleite\nCite\nDownload\nCONTENTS\nTitle and Summary\n1 Synonyms\n2 Related Records\nExpand this menu\n3 Minerals\n4 Information Sources\n\nBiological Interactions:\n  - Not specified\n\nToxicity & Safety:\n  - Not specified\n\n",
  "metadata": {
    "ingredient": "PVA",
    "CAS": "Not specified",
    "InChIKey": "Not specified",
    "source": "https://pubchem.ncbi.nlm.nih.gov/compound/Princivalleite",
    "timestamp": "2025-12-17T13:57:21.750138+00:00",
    "type": "ingredient_information",
    "category": "cosmetics",
    "language": "fr"
  },
  "content_length": 1506,
  "timestamp": 1765992207.127042
}