{
  "document_name": "yellow_5_lake.txt",
  "content": "Inf: ---\ningredient: Yellow 5 lake\nsource: https://pubchem.ncbi.nlm.nih.gov/compound/135414244\ntimestamp: 2025-12-17 13:42:16 UTC\ntype: ingredient_information\n---\n\ncompound Summary\nFD&C Yellow No. 5 Alumin\nCAS:\n  - Molecular Weight\n492.4 g/mol\nComputed by PubChem 2.2 (PubChem release 2025.09.15)\nParent Compound\nCID 16014 (4,5-Dihydro-5-oxo-1-(4-sulfophenyl)-4-(2-(4-sulfophenyl)diazenyl)-1H-pyrazole-3-carboxylic acid)\nComponent Compounds\nCID 5359268 (Aluminum)\nCID 16014 (4,5-Dihydro-5-oxo-1-(4-sulfophenyl)-4-(2-(4-sulfophenyl)diazenyl)-1H-pyrazole-3-carboxylic acid)\nDates\nCreate:\n2019-01-15\nModify:\n2025-12-13\n1 Structures\n1.1 2D Structure\nStructure Search\nGet Image\nDownload Coordinates\nChemical Structure De...\n\nInChIKey:\n  - Molecular Weight\n492.4 g/mol\nComputed by PubChem 2.2 (PubChem release 2025.09.15)\nParent Compound\nCID 16014 (4,5-Dihydro-5-oxo-1-(4-sulfophenyl)-4-(2-(4-sulfophenyl)diazenyl)-1H-pyrazole-3-carboxylic acid)\nComponent Compounds\nCID 5359268 (Aluminum)\nCID 16014 (4,5-Dihydro-5-oxo-1-(4-sulfophenyl)-4-(2-(4-sulfophenyl)diazenyl)-1H-pyrazole-3-carboxylic acid)\nDates\nCreate:\n2019-01-15\nModify:\n2025-12-13\n1 Structures\n1.1 2D Structure\nStructure Search\nGet Image\nDownload Coordinates\nChemical Structure De...\n\nChemical Forms:\n  - Not specified\n\nChemical Properties:\n  - 5 Aluminum Lake\nPubChem CID\n135414244\nStructure\nMolecular Formula\nC\n16\nH\n9\nAlN\n4\nO\n9\nS\n2\nSynonyms\nFood Yellow 4:1\nTartrazine aluminum lake\nJQ6BLH9FR7\nAcid Yellow 23 aluminum lake\nFdc Yellow No.\n  - Molecular Weight\n492.4 g/mol\nComputed by PubChem 2.2 (PubChem release 2025.09.15)\nParent Compound\nCID 16014 (4,5-Dihydro-5-oxo-1-(4-sulfophenyl)-4-(2-(4-sulfophenyl)diazenyl)-1H-pyrazole-3-carboxylic acid)\nComponent Compounds\nCID 5359268 (Aluminum)\nCID 16014 (4,5-Dihydro-5-oxo-1-(4-sulfophenyl)-4-(2-(4-sulfophenyl)diazenyl)-1H-pyrazole-3-carboxylic acid)\nDates\nCreate:\n2019-01-15\nModify:\n2025-12-13\n1 Structures\n1.1 2D Structure\nStructure Search\nGet Image\nDownload Coordinates\nChemical Structure De...\n  - PubChem\n4.2 Parent Compound\nCID 16014 (4,5-Dihydro-5-oxo-1-(4-sulfophenyl)-4-(2-(4-sulfophenyl)diazenyl)-1H-pyrazole-3-carboxylic acid)\nPubChem\n4.3 Component Compounds\nCID 5359268 (Aluminum)\nCID 16014 (4,5-Dihydro-5-oxo-1-(4-sulfophenyl)-4-(2-(4-sulfophenyl)diazenyl)-1H-pyrazole-3-carboxylic acid)\nPubChem\n4.4 Related Compounds\nSame Parent, Exact Count\n52\nMixtures, Components, and Neutralized Forms Count\n2\nSimilar Compounds (2D)\nView in PubChem Search\nSimilar Conformers (3D)\nView in PubChem Searc...\n  - https://www.nlm.nih.gov/research/umls/rxnorm/docs/termsofservice.html\nFD&C yellow #5 aluminum lake\nhttps://rxnav.nlm.nih.gov/id/rxnorm/1425915\nPubChem\nhttps://pubchem.ncbi.nlm.nih.gov\nChemicals in PubChem from Regulatory Sources\nConsumer Product Information Database (CPID)\nLICENSE\nCopyright (c) 2024 DeLima Associates.\n\nBiological Interactions:\n  - Not specified\n\nToxicity & Safety:\n  - Not specified\n\n",
  "metadata": {
    "ingredient": "Yellow 5 lake",
    "CAS": "Not specified",
    "InChIKey": "Not specified",
    "source": "https://pubchem.ncbi.nlm.nih.gov/compound/135414244",
    "timestamp": "2025-12-17T13:42:16.745916+00:00",
    "type": "ingredient_information",
    "category": "cosmetics",
    "language": "fr"
  },
  "content_length": 2916,
  "timestamp": 1765992207.134042
}