{
  "document_name": "royal_jelly.txt",
  "content": "Inf: ---\ningredient: Royal Jelly\nsource: https://pubchem.ncbi.nlm.nih.gov/compound/Royal-Jelly\ntimestamp: 2025-12-17 14:40:07 UTC\ntype: ingredient_information\n---\n\nCompound Summary\nRoyal Jelly\nPubChem Refe\nCAS:\n  - 1 Synonyms\nRoyal Jelly\n617-057-8\nCHEBI:78665\nDTXSID001042871\nHoney Bee Secretion Used in the Nutrition of Larvae and Adult Queens Secreted From Worker Bee Hypopharyngeal Glands\nQueen Bee Jelly\nRefChem:47668\nYellow Toner\nroyaljelly\n8031-67-2\nL497I37F0C\nPubChem\n2 MeSH Entry Terms\nroyal jelly\nMedical Subject Headings (MeSH)\n3 Names and Identifiers\n3.1 Other Identifiers\n3.1.1 CAS\n8031-67-2\nEuropean Chemicals Agency (ECHA); Australian Industrial Chemicals Introduction Scheme (AICIS); CAS Common Chemi...\n\nInChIKey:\n  - Not specified\n\nChemical Forms:\n  - Not specified\n\nChemical Properties:\n  - 1 Synonyms\nRoyal Jelly\n617-057-8\nCHEBI:78665\nDTXSID001042871\nHoney Bee Secretion Used in the Nutrition of Larvae and Adult Queens Secreted From Worker Bee Hypopharyngeal Glands\nQueen Bee Jelly\nRefChem:47668\nYellow Toner\nroyaljelly\n8031-67-2\nL497I37F0C\nPubChem\n2 MeSH Entry Terms\nroyal jelly\nMedical Subject Headings (MeSH)\n3 Names and Identifiers\n3.1 Other Identifiers\n3.1.1 CAS\n8031-67-2\nEuropean Chemicals Agency (ECHA); Australian Industrial Chemicals Introduction Scheme (AICIS); CAS Common Chemi...\n  - LiverTox\n8 Literature\n8.1 NLM Curated PubMed Citations\nMedical Subject Headings (MeSH)\n9 Information Sources\nFilter by Source\nALL SOURCES\nTOXNET (ChemIDplus, LiverTox)\nAustralian Industrial Chemicals Introduction Scheme (AICIS)\nCAS Common Chemistry\nChemIDplus\nDailyMed\nDrugBank\nEPA DSSTox\nEuropean Chemicals Agency (ECHA)\nFDA Global Substance Registration System (GSRS)\nLiverTox\nMedical Subject Headings (MeSH)\nNCI Thesaurus (NCIt)\nNLM RxNorm Terminology\nNational Drug Code (NDC) Directory\nNew Zealan...\n  - https://creativecommons.org/licenses/by-nc/4.0/\nRoyal jelly\nhttps://commonchemistry.cas.org/detail?cas_rn=8031-67-2\nChemIDplus\nLICENSE\nhttps://www.nlm.nih.gov/copyright.html\nQueen bee jelly\nhttps://pubchem.ncbi.nlm.nih.gov/substance/?source=chemidplus&sourceid=0008031672\nDrugBank\nLICENSE\nCreative Common's Attribution-NonCommercial 4.0 International License (\nhttp://creativecommons.org/licenses/by-nc/4.0/legalcode\n)\nhttps://www.drugbank.ca/legal/terms_of_use\nRoyal jelly\nhttps://www.drugbank.ca/dr...\n  - https://www.nlm.nih.gov/research/umls/rxnorm/docs/termsofservice.html\nroyal jelly\nhttps://rxnav.nlm.nih.gov/id/rxnorm/35805\nMedical Subject Headings (MeSH)\nLICENSE\nWorks produced by the U.S.\n  - https://www.nlm.nih.gov/copyright.html\nroyal jelly\nhttps://id.nlm.nih.gov/mesh/M0163793.html\nhttps://www.nlm.nih.gov/mesh/meshhome.html\nCite\nDownload\nCONTENTS\nTitle and Summary\n1 Synonyms\n2 MeSH Entry Terms\n3 Names and Identifiers\nExpand this menu\n4 Related Records\nExpand this menu\n5 Drug and Medication Information\nExpand this menu\n6 Safety and Hazards\nExpand this menu\n7 Toxicity\nExpand this menu\n8 Literature\nExpand this menu\n9 Information Sources\n\nBiological Interactions:\n  - It contains B-complex vitamins such as pantothenic acid (vitamin B5) and vitamin B6 (pyridoxine), amino acids, minerals, enzymes, monosaccharides and 10-hydroxy-2-decenoic acid (10-HDA).\n\nToxicity & Safety:\n  - 1 Synonyms\nRoyal Jelly\n617-057-8\nCHEBI:78665\nDTXSID001042871\nHoney Bee Secretion Used in the Nutrition of Larvae and Adult Queens Secreted From Worker Bee Hypopharyngeal Glands\nQueen Bee Jelly\nRefChem:47668\nYellow Toner\nroyaljelly\n8031-67-2\nL497I37F0C\nPubChem\n2 MeSH Entry Terms\nroyal jelly\nMedical Subject Headings (MeSH)\n3 Names and Identifiers\n3.1 Other Identifiers\n3.1.1 CAS\n8031-67-2\nEuropean Chemicals Agency (ECHA); Australian Industrial Chemicals Introduction Scheme (AICIS); CAS Common Chemi...\n  - 6 Safety and Hazards\n6.1 Regulatory Information\nThe Australian Inventory of Industrial Chemicals\nChemical: Royal jelly\nAustralian Industrial Chemicals Introduction Scheme (AICIS)\nNew Zealand EPA Inventory of Chemical Status\nRoyal jelly: Does not have an individual approval but may be used under an appropriate group standard\nNew Zealand Environmental Protection Authority (EPA)\n7 Toxicity\n7.1 Toxicological Information\n7.1.1 Hepatotoxicity\nLiver injury attributable to royal jelly has not been repor...\n  - In clinical trials of royal jelly as therapy of various conditions, side effects were rarely mentioned and ALT elevations and hepatotoxicity were not reported.\n  - LiverTox\n8 Literature\n8.1 NLM Curated PubMed Citations\nMedical Subject Headings (MeSH)\n9 Information Sources\nFilter by Source\nALL SOURCES\nTOXNET (ChemIDplus, LiverTox)\nAustralian Industrial Chemicals Introduction Scheme (AICIS)\nCAS Common Chemistry\nChemIDplus\nDailyMed\nDrugBank\nEPA DSSTox\nEuropean Chemicals Agency (ECHA)\nFDA Global Substance Registration System (GSRS)\nLiverTox\nMedical Subject Headings (MeSH)\nNCI Thesaurus (NCIt)\nNLM RxNorm Terminology\nNational Drug Code (NDC) Directory\nNew Zealan...\n  - https://creativecommons.org/licenses/by-nc/4.0/\nRoyal jelly\nhttps://commonchemistry.cas.org/detail?cas_rn=8031-67-2\nChemIDplus\nLICENSE\nhttps://www.nlm.nih.gov/copyright.html\nQueen bee jelly\nhttps://pubchem.ncbi.nlm.nih.gov/substance/?source=chemidplus&sourceid=0008031672\nDrugBank\nLICENSE\nCreative Common's Attribution-NonCommercial 4.0 International License (\nhttp://creativecommons.org/licenses/by-nc/4.0/legalcode\n)\nhttps://www.drugbank.ca/legal/terms_of_use\nRoyal jelly\nhttps://www.drugbank.ca/dr...\n\n",
  "metadata": {
    "ingredient": "Royal Jelly",
    "CAS": "8031-67-2",
    "InChIKey": "Not specified",
    "source": "https://pubchem.ncbi.nlm.nih.gov/compound/Royal-Jelly",
    "timestamp": "2025-12-17T14:40:08.019602+00:00",
    "type": "ingredient_information",
    "category": "cosmetics",
    "language": "fr"
  },
  "content_length": 5414,
  "timestamp": 1765992207.1290421
}