{
  "document_name": "vitamine_c.txt",
  "content": "Inf: ---\ningredient: Vitamine C\nsource: https://pubchem.ncbi.nlm.nih.gov/compound/129704692\ntimestamp: 2025-12-17 12:54:05 UTC\ntype: ingredient_information\n---\n\ncompound Summary\nVitamin C palmitate\nPubChem\nCAS:\n  - Not specified\n\nInChIKey:\n  - ---\ningredient: Vitamine C\nsource: https://pubchem.ncbi.nlm.nih.gov/compound/129704692\ntimestamp: 2025-12-17 12:54:05 UTC\ntype: ingredient_information\n---\n\ncompound Summary\nVitamin C palmitate\nPubChem CID\n129704692\nStructure\nMolecular Formula\nC\n22\nH\n38\nO\n8\nSynonyms\nVitamin C palmitate\nMolecular Weight\n430.5 g/mol\nComputed by PubChem 2.1 (PubChem release 2021.05.07)\nDates\nCreate:\n2017-09-13\nModify:\n2025-12-13\n1 Structures\n1.1 2D Structure\nStructure Search\nGet Image\nDownload Coordinates\nChemical S...\n\nChemical Forms:\n  - Not specified\n\nChemical Properties:\n  - ---\ningredient: Vitamine C\nsource: https://pubchem.ncbi.nlm.nih.gov/compound/129704692\ntimestamp: 2025-12-17 12:54:05 UTC\ntype: ingredient_information\n---\n\ncompound Summary\nVitamin C palmitate\nPubChem CID\n129704692\nStructure\nMolecular Formula\nC\n22\nH\n38\nO\n8\nSynonyms\nVitamin C palmitate\nMolecular Weight\n430.5 g/mol\nComputed by PubChem 2.1 (PubChem release 2021.05.07)\nDates\nCreate:\n2017-09-13\nModify:\n2025-12-13\n1 Structures\n1.1 2D Structure\nStructure Search\nGet Image\nDownload Coordinates\nChemical S...\n  - PubChem\n4.2 Related Compounds\nSame Connectivity Count\n2\nSame Parent, Connectivity Count\n3\nSame Parent, Exact Count\n2\nMixtures, Components, and Neutralized Forms Count\n1\nSimilar Compounds (2D)\nView in PubChem Search\nSimilar Conformers (3D)\nView in PubChem Search\nPubChem\n4.3 Substances\n4.3.1 Related Substances\nAll Count\n3\nSame Count\n2\nMixture Count\n1\nPubChem\n4.3.2 Substances by Category\nPubChem\n5 Literature\n5.1 Consolidated References\nPubChem\n5.2 Springer Nature References\nSpringer Nature\n5.3 Chem...\n\nBiological Interactions:\n  - Not specified\n\nToxicity & Safety:\n  - Not specified\n\n",
  "metadata": {
    "ingredient": "Vitamine C",
    "CAS": "Not specified",
    "InChIKey": "Not specified",
    "source": "https://pubchem.ncbi.nlm.nih.gov/compound/129704692",
    "timestamp": "2025-12-17T12:54:06.087855+00:00",
    "type": "ingredient_information",
    "category": "cosmetics",
    "language": "fr"
  },
  "content_length": 1904,
  "timestamp": 1765992207.133042
}