{
  "document_name": "cétyle_amine.txt",
  "content": "Inf: ---\ningredient: Cétyle amine\nsource: https://pubchem.ncbi.nlm.nih.gov/compound/21529571\ntimestamp: 2025-12-17 13:59:59 UTC\ntype: ingredient_information\n---\n\ncompound Summary\n(Decyl-cetyl)amine\nPubChem\nCAS:\n  - Not specified\n\nInChIKey:\n  - ---\ningredient: Cétyle amine\nsource: https://pubchem.ncbi.nlm.nih.gov/compound/21529571\ntimestamp: 2025-12-17 13:59:59 UTC\ntype: ingredient_information\n---\n\ncompound Summary\n(Decyl-cetyl)amine\nPubChem CID\n21529571\nStructure\nMolecular Formula\nC\n26\nH\n55\nN\nSynonyms\n(decyl-cetyl)amine\nSCHEMBL11884249\nMolecular Weight\n381.7 g/mol\nComputed by PubChem 2.1 (PubChem release 2021.05.07)\nDates\nCreate:\n2007-12-05\nModify:\n2025-12-13\n1 Structures\n1.1 2D Structure\nStructure Search\nGet Image\nDownload Coordinate...\n\nChemical Forms:\n  - Not specified\n\nChemical Properties:\n  - ---\ningredient: Cétyle amine\nsource: https://pubchem.ncbi.nlm.nih.gov/compound/21529571\ntimestamp: 2025-12-17 13:59:59 UTC\ntype: ingredient_information\n---\n\ncompound Summary\n(Decyl-cetyl)amine\nPubChem CID\n21529571\nStructure\nMolecular Formula\nC\n26\nH\n55\nN\nSynonyms\n(decyl-cetyl)amine\nSCHEMBL11884249\nMolecular Weight\n381.7 g/mol\nComputed by PubChem 2.1 (PubChem release 2021.05.07)\nDates\nCreate:\n2007-12-05\nModify:\n2025-12-13\n1 Structures\n1.1 2D Structure\nStructure Search\nGet Image\nDownload Coordinate...\n  - PubChem\n4.2 Related Compounds\nSame Parent, Exact Count\n2\nMixtures, Components, and Neutralized Forms Count\n1\nSimilar Compounds (2D)\nView in PubChem Search\nSimilar Conformers (3D)\nView in PubChem Search\nPubChem\n4.3 Substances\n4.3.1 Related Substances\nAll Count\n3\nSame Count\n2\nMixture Count\n1\nPubChem\n4.3.2 Substances by Category\nPubChem\n5 Literature\n5.1 Consolidated References\nPubChem\n5.2 Springer Nature References\nSpringer Nature\n5.3 Chemical Co-Occurrences in Literature\nPubChem\n6 Patents\n6.1 Depo...\n\nBiological Interactions:\n  - Not specified\n\nToxicity & Safety:\n  - Not specified\n\n",
  "metadata": {
    "ingredient": "Cétyle amine",
    "CAS": "Not specified",
    "InChIKey": "Not specified",
    "source": "https://pubchem.ncbi.nlm.nih.gov/compound/21529571",
    "timestamp": "2025-12-17T13:59:59.511539+00:00",
    "type": "ingredient_information",
    "category": "cosmetics",
    "language": "fr"
  },
  "content_length": 1904,
  "timestamp": 1765992207.1150422
}