{
  "document_name": "02_eye_lustre_pearl_shade.txt",
  "content": "product_query: 02 Eye Lustre Pearl Shade\nsource_url: https://world.openbeautyfacts.org/cgi/search.pl?search_terms=02%20Eye%20Lustre%20Pearl%20Shade&search_simple=1&action=process\ntimestamp: 2025-12-17 13:35:24 UTC\npage_type: search_results\ncontent_length: 2182\n\nSearch results - World\nSkip to Content\nScan a product\n×\nOr enter barcode manually\nScan\nmenu\nBack\nDiscover\nContribute\nAdd products\nInstall the app to add products\nAdd a product\nSearch and analyze products\nAdvanced search\nGraphs and maps\nWorld\n×\nWorld\nEnglish\nBack\nEnglish\naccount_circle\nSign in\nDiscover\nContribute\nProducers\nGet the app\nHelp us inform millions of consumers around the world about what they eat\nPlease give to our 2026 Fundraiser\nYour donations fund the day-to-day operations of our non-profit association:\nkeeping our database open & available to all,\ntechnical infrastructure (website/mobile app) & a small permanent team\nremain independent of the food industry,\nengage a community of committed citizens,\nsupport the advancement of public health research.\nEach donation counts! We appreciate your support in bringing further food transparency in the world.\nI SUPPORT\nclose\nSearch results - World\nNo products.\n→\nPermanent link to these results, shareable by e-mail and on social networks\n→\nChange search criteria\nIcoFont Icons\nshare\nShare\nInstall the app!\nScan your\neveryday\nfoods\nHelp us inform millions of consumers around the world about what they eat\nPlease give to our 2026 Fundraiser\nYour donations fund the day-to-day operations of our non-profit association:\nkeeping our database open & available to all,\ntechnical infrastructure (website/mobile app) & a small permanent team\nremain independent of the food industry,\nengage a community of committed citizens,\nsupport the advancement of public health research.\nEach donation counts! We appreciate your support in bringing further food transparency in the world.\nI SUPPORT\nJoin the community\nDiscover our\nCode of conduct\nJoin us on\nSlack\nForum\nFollow us:\nSubscribe to our newsletter\nDiscover the project\nWho we are\nVision, Mission, Values and Programs\nFrequently asked questions\nOpen Beauty Facts blog\nPress\nOpen Beauty Facts wiki (en)\nTranslators\nPartners\nOpen Beauty Facts - Cosmetics\nOpen Food Facts for Producers\nA collaborative, free and open database of cosmetic products from around the world.\nLegal\nPrivacy\nTerms of use\nData, API and SDKs\nDonate to Open Food Facts\nProducers\nSubscribe to our newsletter",
  "metadata": {
    "product_name": "02 Eye Lustre Pearl Shade",
    "brand": "Not specified",
    "barcode": "Not specified",
    "categories": "",
    "source": "https://world.openbeautyfacts.org/cgi/search.pl?search_terms=02%20Eye%20Lustre%20Pearl%20Shade&search_simple=1&action=process",
    "timestamp": "2025-12-17T13:35:24+00:00",
    "type": "product_information",
    "language": "fr"
  },
  "content_length": 2444,
  "timestamp": 1765992207.136042
}