{
  "document_name": "02_concealer.txt",
  "content": "product_query: 02 Concealer\nsource_url: https://world.openbeautyfacts.org/product/4059729277107/true-skin-high-cover-concealer-02-catrice\ntimestamp: 2025-12-17 13:34:23 UTC\npage_type: product_detail\ncontent_length: 4592\n\nTrue Skin High Cover Concealer, 02 – Catrice – 4,5ml\n\nSkip to Content\n\nScan a product\n\nOr enter barcode manually\n\nScan\n\nmenu\n\nBack\n\nDiscover\n\nContribute\n\nAdd products\n\nInstall the app to add products\n\nAdd a product\n\nSearch and analyze products\n\nAdvanced search\n\nGraphs and maps\n\nWorld\n\nWorld\n\nEnglish\n\nBack\n\nEnglish\n\naccount_circle\n\nSign in\n\nDiscover\n\nContribute\n\nProducers\n\nGet the app\n\nHelp us inform millions of consumers around the world about what they eat\n\nPlease give to our 2026 Fundraiser\n\nYour donations fund the day-to-day operations of our non-profit association:\n\nkeeping our database open & available to all,\n\ntechnical infrastructure (website/mobile app) & a small permanent team\n\nremain independent of the food industry,\n\nengage a community of committed citizens,\n\nsupport the advancement of public health research.\n\nEach donation counts! We appreciate your support in bringing further food transparency in the world.\n\nI SUPPORT\n\nclose\n\narrow_upward\n\nTrue Skin High Cover Concealer, 02 – Catrice – 4,5ml\n\nedit\n\nEdit the page\n\nshare\n\nShare\n\nProduct\n\nYour criteria\n\nHealth\n\nEnvironment\n\nReport a problem.\n\nContribution\n\nimage/svg+xml\n\nzoom_in\n\nZoom\n\nTrue Skin High Cover Concealer, 02 – Catrice – 4,5ml\n\nThis product page is not complete. You can help to complete it by editing it and adding more data from the photos we have, or by taking more photos using the app for\n\nAndroid\n\niPhone/iPad\n\n. Thank you!\n\nBarcode:\n\n4059729277107\n\n(EAN / EAN-13)\n\nQuantity:\n\n4,5ml\n\nBrands:\n\nCatrice\n\nCountries where sold:\n\nGermany\n\nMatching with your preferences\n\nMissing information: organic product?\n\nOrganic products promote ecological sustainability and biodiversity.\n\nMissing information: fair trade product?\n\nFair trade products help producers in developing countries.\n\nHealth\n\nIngredients\n\nIngredients are missing\n\nCould you add the ingredients list?\n\nAdd the ingredients\n\nEnvironment\n\nPackaging\n\nMissing packaging information for this product\n\nThe information about the packaging of this product is not filled in.\n\nTake a photo of the recycling information\n\nTake a photo of the recycling information\n\nTransportation\n\nOrigins of ingredients\n\nMissing origins of ingredients information\n\nThe origins of the ingredients of this product are not indicated.\n\nIf they are indicated on the packaging, you can modify the product sheet and add them.\n\nIf you are the manufacturer of this product, you can send us the information with our\n\nfree platform for producers\n\nAdd the origins of ingredients for this product\n\nAdd the origins of ingredients for this product\n\nReport a problem\n\nIncomplete or incorrect information?\n\nCategory, labels, ingredients, allergens, nutritional information, photos etc.\n\nIf the information does not match the information on the packaging, you can complete or correct it. Thank you!\n\nOpen Food Facts is a collaborative database, and every contribution is useful for all.\n\nComplete or correct product information\n\nIf you want to report vandalism, inappropriate content or erroneous data you can't fix yourself, report it to our moderators team.\n\nReport this product to our moderators\n\nData sources\n\nProduct added on\n\nAugust 29, 2022, 9:58:50 PM CEST\n\nopenfoodfacts-contributors\n\nLast edit of product page on\n\nApril 12, 2025, 12:12:35 PM CEST\n\nmitxina\n\nProduct page also edited by\n\nsevenlives\n\nIf the data is incomplete or incorrect, you can complete or correct it by editing this page.\n\nEdit the page\n\nInstall the app!\n\nScan your\n\neveryday\n\nfoods\n\nHelp us inform millions of consumers around the world about what they eat\n\nPlease give to our 2026 Fundraiser\n\nYour donations fund the day-to-day operations of our non-profit association:\n\nkeeping our database open & available to all,\n\ntechnical infrastructure (website/mobile app) & a small permanent team\n\nremain independent of the food industry,\n\nengage a community of committed citizens,\n\nsupport the advancement of public health research.\n\nEach donation counts! We appreciate your support in bringing further food transparency in the world.\n\nI SUPPORT\n\nJoin the community\n\nDiscover our\n\nCode of conduct\n\nJoin us on\n\nSlack\n\nForum\n\nFollow us:\n\nSubscribe to our newsletter\n\nDiscover the project\n\nWho we are\n\nVision, Mission, Values and Programs\n\nFrequently asked questions\n\nOpen Beauty Facts blog\n\nPress\n\nOpen Beauty Facts wiki (en)\n\nTranslators\n\nPartners\n\nOpen Beauty Facts - Cosmetics\n\nOpen Food Facts for Producers\n\nA collaborative, free and open database of cosmetic products from around the world.\n\nLegal\n\nPrivacy\n\nTerms of use\n\nData, API and SDKs\n\nDonate to Open Food Facts\n\nProducers\n\nSubscribe to our newsletter",
  "metadata": {
    "product_name": "02 Concealer",
    "brand": "Catrice",
    "barcode": "4059729277107",
    "categories": "",
    "source": "https://world.openbeautyfacts.org/product/4059729277107/true-skin-high-cover-concealer-02-catrice",
    "timestamp": "2025-12-17T13:34:23+00:00",
    "type": "product_information",
    "language": "fr"
  },
  "content_length": 4813,
  "timestamp": 1765992207.136042
}